Compound,RF P,RF P Prob,GB P,GB P Prob,RF C,RF C Prob,GB C,GB C Prob
AgIO3,1,0.5153557651976342,0,0.454425094679946,0,0.084,-1,
AgPaO3,1,0.6488109293164378,0,0.4791196540879136,0,0.109,-1,
AgReO3,0,0.18958237304438683,0,0.05514597009102364,-1,,-1,
AgUO3,1,0.5462245985836787,0,0.4176320041355149,0,0.109,-1,
AgWO3,1,0.7744217112096774,0,0.40622947553716526,0,0.24887445887445886,-1,
NaReO3,0,0.30891237986385006,0,0.08028047966976805,-1,,-1,
TlWO3,1,0.9814513126993479,1,0.9750603484620075,0,0.0,0,0.0026889899370433567
CaAmO3,1,0.9347381159522891,1,0.9458078263211617,0,0.0,0,0.0026889899370433567
CaCeO3,1,0.9094935849367808,1,0.9532079640314194,0,0.0,0,0.0026889899370433567
CaCoO3,1,0.9899002478429674,1,0.9910195103549023,0,0.0,0,0.0026889899370433567
CaNpO3,0,0.34709807078886024,0,0.4033592508988782,-1,,-1,
CaPaO3,1,0.9757002175682663,1,0.9862885176633843,0,0.0,0,0.0026889899370433567
CaPrO3,0,0.3570980707888603,0,0.21957417791826575,-1,,-1,
CaPuO3,1,0.9378420586046188,1,0.9458078263211617,0,0.0,0,0.0026889899370433567
CaTbO3,1,0.9566049485515689,1,0.9850435714630947,0,0.0,0,0.0026889899370433567
CaTeO3,1,0.8665340261757829,1,0.9787733000604324,0,0.01,0,0.006714383010328082
CaThO3,0,0.17947692232947648,0,0.03981937551062502,-1,,-1,
CdAmO3,1,0.6293531907141534,1,0.6336739463619024,0,0.0,0,0.0026889899370433567
CdCeO3,1,0.5199750567376065,0,0.46118549932565334,0,0.0,-1,
CdCoO3,1,0.6908703394489655,1,0.6964767877425707,0,0.0,0,0.0026889899370433567
CdCrO3,1,0.8346736916901695,1,0.837704820242969,0,0.0,0,0.0026889899370433567
CdHfO3,1,0.6676823147673371,1,0.8263986112646119,0,0.0,0,0.0026889899370433567
CdIrO3,1,0.8534236916901695,1,0.837704820242969,0,0.0,0,0.0026889899370433567
CdMnO3,1,0.7210667685488497,1,0.8263986112646119,0,0.0,0,0.0026889899370433567
CdMoO3,1,0.7210667685488497,1,0.8263986112646119,0,0.0,0,0.0026889899370433567
CdNbO3,1,0.6937180290530514,1,0.8263986112646119,0,0.0,0,0.0026889899370433567
CdPaO3,1,0.6224760678909061,1,0.5635230702521139,0,0.0,0,0.0026889899370433567
CdPuO3,1,0.6386545224573456,1,0.6336739463619024,0,0.0,0,0.0026889899370433567
CdRuO3,1,0.8346736916901695,1,0.837704820242969,0,0.0,0,0.0026889899370433567
CdTbO3,1,0.5532847811148407,1,0.7075302317463693,0,0.0,0,0.0026889899370433567
CdUO3,1,0.5532847811148407,1,0.7075302317463693,0,0.0,0,0.0026889899370433567
CdVO3,1,0.8147867869282647,1,0.837704820242969,0,0.0,0,0.0026889899370433567
CdZrO3,1,0.6631585052435276,1,0.8263986112646119,0,0.0,0,0.0026889899370433567
Eu(II)Co(IV)O3,0,0.05457846320346319,0,0.07394402239788396,-1,,-1,
EuCrO3,1,0.9899002478429674,1,0.9910195103549023,0,0.0,0,0.0026889899370433567
EuGeO3,1,0.9188810119803219,1,0.9707685067813607,0,0.0,0,0.0026889899370433567
EuHfO3,1,0.9866268894885404,1,0.989469765176352,0,0.0,0,0.0026889899370433567
EuIrO3,1,0.9899002478429674,1,0.9910195103549023,0,0.0,0,0.0026889899370433567
EuMnO3,1,0.9900495015743105,1,0.9910195103549023,0,0.0,0,0.0026889899370433567
EuMoO3,1,0.9900495015743105,1,0.9910195103549023,0,0.0,0,0.0026889899370433567
EuNbO3,1,0.9900495015743105,1,0.9910195103549023,0,0.0,0,0.0026889899370433567
EuPaO3,1,0.9602103290533719,1,0.9532079640314194,0,0.0,0,0.0026889899370433567
EuPbO3,1,0.9435436623867055,1,0.9315388216042271,0,0.0,0,0.0026889899370433567
EuPuO3,0,0.3684356591782002,0,0.1909655774007416,-1,,-1,
Eu(II)Ru(IV)O3,0,0.05457846320346319,0,0.07394402239788396,-1,,-1,
EuSnO3,1,0.9894495015743106,1,0.989469765176352,0,0.0,0,0.0026889899370433567
EuUO3,1,0.9360175852891998,1,0.9315388216042271,0,0.0,0,0.0026889899370433567
Eu(II)V(IV)O3,0,0.05457846320346319,0,0.07394402239788396,-1,,-1,
EuZrO3,1,0.9797255664306911,1,0.9750603484620075,0,0.0,0,0.0026889899370433567
HgAmO3,0,0.47684608231163156,0,0.3441975555509654,-1,,-1,
HgCoO3,1,0.796140774035467,1,0.6791008601221148,0,0.0,0,0.0026889899370433567
HgCrO3,1,0.8611507725715524,1,0.8263986112646119,0,0.0,0,0.0026889899370433567
HgGeO3,1,0.6645860629686292,0,0.4798364038598986,0,0.0,-1,
HgHfO3,1,0.7686023220037848,1,0.8021131378450767,0,0.0,0,0.0026889899370433567
HgIrO3,1,0.8535282235519446,1,0.8263986112646119,0,0.0,0,0.0026889899370433567
HgMnO3,1,0.8330108106166211,1,0.8263986112646119,0,0.0,0,0.0026889899370433567
HgMoO3,1,0.8330108106166211,1,0.8263986112646119,0,0.0,0,0.0026889899370433567
HgNbO3,1,0.817867953473764,1,0.8263986112646119,0,0.0,0,0.0026889899370433567
HgPaO3,1,0.7800136275011105,0,0.42950733933436636,0,0.0,-1,
HgPbO3,1,0.7210075925230166,0,0.36986561728352957,0,0.0,-1,
HgPuO3,0,0.39115894874993856,0,0.25098682086505464,-1,,-1,
HgRuO3,1,0.8544841059048858,1,0.8263986112646119,0,0.0,0,0.0026889899370433567
HgSnO3,1,0.812867953473764,1,0.8263986112646119,0,0.0,0,0.0026889899370433567
HgTbO3,1,0.7150327873069741,1,0.5016352112391312,0,0.0,0,0.0026889899370433567
HgUO3,1,0.7150327873069741,1,0.5016352112391312,0,0.0,0,0.0026889899370433567
HgVO3,1,0.8428615568852779,1,0.8263986112646119,0,0.0,0,0.0026889899370433567
HgZrO3,1,0.7686023220037848,1,0.8021131378450767,0,0.0,0,0.0026889899370433567
MnHfO3,0,0.18886152093931874,0,0.3147613818949794,-1,,-1,
MnIrO3,0,0.4467953975519404,0,0.4517476116352764,-1,,-1,
MnMoO3,0,0.23707347911180185,0,0.2553098563490986,-1,,-1,
MnNbO3,0,0.15981390189169978,0,0.16661297884791165,-1,,-1,
MnRuO3,0,0.4500361382926812,0,0.4517476116352764,-1,,-1,
MnZrO3,0,0.1838401305649872,0,0.23195660184577818,-1,,-1,
PbAmO3,1,0.9659761125076607,1,0.9701306260773506,0,0.05366666666666667,0,0.00608976359648379
PbIrO3,1,0.9790086840899026,1,0.957839410799804,0,0.25663636363636366,0,0.30848156642760466
PbMoO3,1,0.9800129746762828,1,0.957839410799804,0,0.11580303030303028,0,0.015128855833702447
PbNbO3,1,0.9830158606791689,1,0.9856426743872061,0,0.09353030303030302,0,0.00019660132225291833
PbNpO3,1,0.8121511031839771,1,0.9664865504338037,0,0.03866666666666666,0,0.00608976359648379
PbPaO3,1,0.9687665766731248,1,0.9701306260773506,0,0.07366666666666666,0,0.00608976359648379
PbPrO3,1,0.8254844365173105,1,0.9664865504338037,0,0.03866666666666666,0,0.00608976359648379
PbPuO3,1,0.9670309595527553,1,0.9701306260773506,0,0.05366666666666667,0,0.00608976359648379
PbRuO3,1,0.9790086840899026,1,0.957839410799804,0,0.2766363636363636,1,0.822829776691977
PbTbO3,1,0.9495713076564272,1,0.9620086584860176,0,0.07366666666666666,0,0.00608976359648379
PbThO3,1,0.7800933484401608,1,0.8363632830936223,0,0.03866666666666666,0,0.00608976359648379
PbUO3,1,0.9495713076564272,1,0.9620086584860176,0,0.07366666666666666,0,0.00608976359648379
PbVO3,1,0.9798637209449395,1,0.957839410799804,0,0.11830303030303028,0,0.015128855833702447
SrCrO3,1,0.9868973618400811,1,0.9885183757096856,0,0.24637445887445888,0,0.015128855833702447
SrNpO3,0,0.38856294509583983,0,0.1912685433949444,-1,,-1,
SrPaO3,1,0.9813557731238219,1,0.988300914560587,0,0.109,0,0.00608976359648379
SrUO3,1,0.9621605041071243,1,0.9850435714630947,0,0.109,0,0.00608976359648379
BiCoO3,1,0.9899002478429674,1,0.9944307666546617,0,0.0,0,0.0026889899370433567
BiCrO3,1,0.9899002478429674,1,0.9910195103549023,0,0.0,0,0.0026889899370433567
BiCuO3,1,0.8742286191644933,1,0.9667713405218481,0,0.03666666666666667,0,0.026373287703781334
BiErO3,1,0.7854657290999719,1,0.785692036360044,0,0.0,0,0.0026889899370433567
BiGaO3,1,0.9899002478429674,1,0.9910195103549023,0,0.0,0,0.0026889899370433567
BiHoO3,1,0.5628143572853725,1,0.5835780283848029,0,0.0,0,0.0026889899370433567
BiLaO3,0,0.2806522308101255,0,0.36236212404037144,-1,,-1,
BiLuO3,1,0.9375501781739498,1,0.9458078263211617,0,0.0,0,0.0026889899370433567
BiNiO3,1,0.9836757671737412,1,0.9933152764187132,0,0.0,0,0.0026889899370433567
BiRhO3,1,0.9900495015743105,1,0.9910195103549023,0,0.0,0,0.0026889899370433567
BiRuO3,1,0.9899002478429674,1,0.9910195103549023,0,0.0,0,0.0026889899370433567
BiTiO3,1,0.9900495015743105,1,0.9910195103549023,0,0.0,0,0.0026889899370433567
BiTmO3,1,0.8763681044440581,1,0.8392748950126264,0,0.0,0,0.0026889899370433567
BiVO3,1,0.9899002478429674,1,0.9910195103549023,0,0.0,0,0.0026889899370433567
BiYO3,1,0.562301536772552,1,0.5835780283848029,0,0.0,0,0.0026889899370433567
CeCoO3,1,0.9899002478429674,1,0.9910195103549023,0,0.0,0,0.0026889899370433567
CeCuO3,1,0.8867286191644933,1,0.9667713405218481,0,0.0,0,0.006674720628109693
CeInO3,1,0.9676194486810484,1,0.9676681730256927,0,0.0,0,0.0026889899370433567
CeNiO3,1,0.9836757671737412,1,0.9933152764187132,0,0.0,0,0.0026889899370433567
CeRhO3,1,0.9900495015743105,1,0.9910195103549023,0,0.0,0,0.0026889899370433567
CeRuO3,1,0.9899002478429674,1,0.9910195103549023,0,0.0,0,0.0026889899370433567
CeScO3,1,0.9900495015743105,1,0.9910195103549023,0,0.0,0,0.0026889899370433567
DyCuO3,1,0.8726124575483318,1,0.9738846528693592,0,0.0,0,0.0026889899370433567
DyGaO3,1,0.9899002478429674,1,0.9910195103549023,0,0.0,0,0.0026889899370433567
DyRuO3,1,0.9899002478429674,1,0.9910195103549023,0,0.0,0,0.0026889899370433567
ErCoO3,1,0.9899002478429674,1,0.9910195103549023,0,0.0,0,0.0026889899370433567
ErGaO3,1,0.9899002478429674,1,0.9910195103549023,0,0.0,0,0.0026889899370433567
ErInO3,0,0.4582661928682415,0,0.1909655774007416,-1,,-1,
ErRuO3,1,0.9899002478429674,1,0.9910195103549023,0,0.0,0,0.0026889899370433567
ErScO3,1,0.9592093555082296,1,0.9637825045088244,0,0.0,0,0.0026889899370433567
EuAmO3,0,0.38625631970047364,0,0.1909655774007416,-1,,-1,
Eu(III)Co(III)O3,0,0.05457846320346319,0,0.07394402239788396,-1,,-1,
EuCuO3,1,0.8863981718340461,1,0.9738846528693592,0,0.0,0,0.0026889899370433567
Eu(III)Ru(III)O3,0,0.05457846320346319,0,0.07394402239788396,-1,,-1,
EuTiO3,1,0.9900495015743105,1,0.9910195103549023,0,0.0,0,0.0026889899370433567
Eu(III)V(III)O3,0,0.05457846320346319,0,0.07394402239788396,-1,,-1,
GdCuO3,1,0.8726124575483318,1,0.9738846528693592,0,0.0,0,0.0026889899370433567
GdRuO3,1,0.9899002478429674,1,0.9910195103549023,0,0.0,0,0.0026889899370433567
HoGaO3,1,0.9899002478429674,1,0.9910195103549023,0,0.02,0,0.0026889899370433567
HoInO3,0,0.45726619286824155,0,0.1909655774007416,-1,,-1,
HoRuO3,1,0.9899002478429674,1,0.9910195103549023,0,0.02,0,0.0026889899370433567
HoVO3,1,0.9899002478429674,1,0.9910195103549023,0,0.0,0,0.0026889899370433567
InGaO3,1,0.64441225146979,1,0.627773295530358,0,0.0,0,0.0026889899370433567
LuCoO3,1,0.9702870611943157,1,0.9594730098161426,0,0.0,0,0.0026889899370433567
LuGaO3,1,0.9696870611943157,1,0.9665744608376682,0,0.0,0,0.0026889899370433567
LuInO3,0,0.4731661556720097,0,0.32212785671164695,-1,,-1,
LuNiO3,1,0.9029509949488306,1,0.9516957656820989,0,0.0,0,0.0026889899370433567
LuRhO3,1,0.9542035293731891,1,0.923265108065365,0,0.0,0,0.0026889899370433567
LuRuO3,1,0.9696870611943157,1,0.9665744608376682,0,0.0,0,0.0026889899370433567
LuScO3,1,0.7435887052554636,1,0.7164340641188702,0,0.0,0,0.0026889899370433567
LuVO3,1,0.9668644491085456,1,0.9665744608376682,0,0.0,0,0.0026889899370433567
NdCuO3,1,0.8738981718340462,1,0.9836975483651196,0,0.0,0,0.0026889899370433567
NdRuO3,1,0.9899002478429674,1,0.9910195103549023,0,0.0,0,0.0026889899370433567
PrCuO3,1,0.8772315051673795,1,0.9836975483651196,0,0.0,0,0.006714383010328082
PrInO3,1,0.9604984770600766,1,0.9676681730256927,0,0.0,0,0.0026889899370433567
PuGaO3,1,0.9750446267926618,1,0.9750603484620075,0,0.0,0,0.0026889899370433567
SmCuO3,1,0.8746124575483318,1,0.9738846528693592,0,0.0,0,0.0026889899370433567
SmGaO3,1,0.9899002478429674,1,0.9910195103549023,0,0.0,0,0.0026889899370433567
SmRuO3,1,0.9899002478429674,1,0.9910195103549023,0,0.0,0,0.0026889899370433567
TbCuO3,1,0.8726124575483318,1,0.9738846528693592,0,0.0,0,0.0026889899370433567
TbGaO3,1,0.9899002478429674,1,0.9910195103549023,0,0.0,0,0.0026889899370433567
TbInO3,1,0.7245050521645875,1,0.6627123581162999,0,0.0,0,0.0026889899370433567
TbNiO3,1,0.984390052888027,1,0.9892281633066364,0,0.0,0,0.0026889899370433567
TbRuO3,1,0.9899002478429674,1,0.9910195103549023,0,0.0,0,0.0026889899370433567
TbScO3,1,0.9580982443971188,1,0.9579810048816979,0,0.0,0,0.0026889899370433567
TlCoO3,1,0.9694850431646045,1,0.989469765176352,0,0.0,0,0.0026889899370433567
TlGaO3,1,0.9814513126993479,1,0.9750603484620075,0,0.0,0,0.0026889899370433567
TlMnO3,1,0.9726045948097193,1,0.9750603484620075,0,0.0,0,0.0026889899370433567
TlRhO3,1,0.9500982443971187,1,0.9579810048816979,0,0.0,0,0.0026889899370433567
TlRuO3,1,0.9814513126993479,1,0.9750603484620075,0,0.0,0,0.0026889899370433567
TlScO3,1,0.5118563642157742,0,0.23567398085470134,0,0.0,-1,
TlVO3,1,0.9750446267926618,1,0.9750603484620075,0,0.0,0,0.0026889899370433567
TmCoO3,1,0.9899002478429674,1,0.9910195103549023,0,0.0,0,0.0026889899370433567
TmGaO3,1,0.9899002478429674,1,0.9910195103549023,0,0.0,0,0.0026889899370433567
TmInO3,0,0.4539804785825272,0,0.1909655774007416,-1,,-1,
TmMnO3,1,0.9894495015743106,1,0.989469765176352,0,0.0,0,0.0026889899370433567
TmRhO3,1,0.9797255664306911,1,0.9750603484620075,0,0.0,0,0.0026889899370433567
TmRuO3,1,0.9899002478429674,1,0.9910195103549023,0,0.0,0,0.0026889899370433567
TmScO3,1,0.9592093555082296,1,0.9637825045088244,0,0.0,0,0.0026889899370433567
YbCoO3,1,0.9702870611943157,1,0.9594730098161426,0,0.0,0,0.0026889899370433567
YbInO3,0,0.4731661556720097,0,0.32212785671164695,-1,,-1,
YbRhO3,1,0.9555996332692931,1,0.923265108065365,0,0.0,0,0.0026889899370433567
YbRuO3,1,0.9702870611943157,1,0.9713963243195103,0,0.0,0,0.0026889899370433567
YbScO3,1,0.8558951347529852,1,0.769622104560912,0,0.0,0,0.0026889899370433567
YRhO3,1,0.9894495015743106,1,0.989469765176352,0,0.0,0,0.0026889899370433567
YRuO3,1,0.9899002478429674,1,0.9910195103549023,0,0.02,0,0.0026889899370433567
YYbO3,0,0.2456507732224396,0,0.1909655774007416,-1,,-1,
CeLaO3,0,0.2860093736672684,0,0.36236212404037144,-1,,-1,
CeYO3,0,0.21100573088371738,0,0.2612340716668562,-1,,-1,
DyErO3,0,0.08943381617692507,0,0.09262006059262289,-1,,-1,
DyLuO3,0,0.3022895700747072,0,0.1909655774007416,-1,,-1,
DyTmO3,0,0.1785506982084478,0,0.057053208322389914,-1,,-1,
DyYbO3,0,0.2556507732224396,0,0.1909655774007416,-1,,-1,
ErLuO3,0,0.29870623674137387,0,0.1909655774007416,-1,,-1,
ErYbO3,0,0.2520674398891063,0,0.36190942616137295,-1,,-1,
EuCeO3,0,0.3170373647011363,0,0.1909655774007416,-1,,-1,
EuErO3,0,0.1739740873093015,0,0.045935215985961536,-1,,-1,
EuLuO3,0,0.3511483837756261,0,0.1909655774007416,-1,,-1,
EuTbO3,1,0.9360175852891998,1,0.9315388216042271,0,0.0,0,0.0026889899370433567
EuTmO3,0,0.24959096934082414,0,0.06417543357161537,-1,,-1,
EuYbO3,0,0.3170373647011363,0,0.1909655774007416,-1,,-1,
GdErO3,0,0.07610048284359174,0,0.04074915452441395,-1,,-1,
GdLuO3,0,0.2943025570876942,0,0.1909655774007416,-1,,-1,
GdTmO3,0,0.16855069820844776,0,0.057053208322389914,-1,,-1,
GdYbO3,0,0.24766376023542663,0,0.1909655774007416,-1,,-1,
HoLuO3,0,0.29395623674137383,0,0.1909655774007416,-1,,-1,
HoYbO3,0,0.24731743988910626,0,0.1909655774007416,-1,,-1,
LuYbO3,0,0.2657750353788316,1,0.5331144213528275,-1,,0,0.0026889899370433567
NdErO3,0,0.059057420642634806,0,0.04074915452441395,-1,,-1,
NdTmO3,0,0.1557933502932051,0,0.057053208322389914,-1,,-1,
SmErO3,0,0.059057420642634806,0,0.04074915452441395,-1,,-1,
SmLuO3,0,0.2828150504422927,0,0.1909655774007416,-1,,-1,
SmTmO3,0,0.15150763600749081,0,0.057053208322389914,-1,,-1,
SmYbO3,0,0.2306206980344696,0,0.1909655774007416,-1,,-1,
TbErO3,0,0.07943381617692506,0,0.04074915452441395,-1,,-1,
TbLuO3,0,0.2922895700747072,0,0.1909655774007416,-1,,-1,
TbTmO3,0,0.16855069820844776,0,0.057053208322389914,-1,,-1,
TbYbO3,0,0.2456507732224396,0,0.1909655774007416,-1,,-1,
TmLuO3,0,0.29870623674137387,0,0.36190942616137295,-1,,-1,
TmYbO3,0,0.2520674398891063,0,0.36190942616137295,-1,,-1,
YbLuO3,0,0.30928726266806555,1,0.5331144213528275,-1,,0,0.0026889899370433567
YLuO3,0,0.2922895700747072,0,0.1909655774007416,-1,,-1,
CsBiO3,1,0.7057671518839567,1,0.7624413964872216,0,0.47666666666666674,1,0.7317290811680834
CsPaO3,1,0.8108687273711042,1,0.9784202484069594,1,0.6416666666666666,1,0.7317290811680834
CsReO3,0,0.21420823985529577,0,0.05315635440490564,-1,,-1,
CsSbO3,0,0.23987779252484842,0,0.1673758280768158,-1,,-1,
CsTaO3,0,0.29640331751757754,0,0.17997092420831787,-1,,-1,
CsUO3,1,0.7057671518839567,1,0.7624413964872216,0,0.47666666666666674,1,0.7317290811680834
CsWO3,0,0.2564033175175775,0,0.2243504888913444,-1,,-1,
KReO3,0,0.44345254515874666,0,0.008062438376783252,-1,,-1,
KWO3,1,0.9327903541459521,1,0.918017431620481,1,0.7848333333333334,1,0.7317290811680834
RbBiO3,1,0.9583025812492015,1,0.9809101523969174,1,0.9483333333333333,1,0.9951945070283278
RbReO3,0,0.3665479137510064,0,0.05315635440490564,-1,,-1,
RbSbO3,0,0.4067491383153831,0,0.1673758280768158,-1,,-1,
RbWO3,1,0.505327069979402,0,0.2243504888913444,0,0.3616666666666667,-1,
TlBiO3,0,0.46521340660221994,0,0.1554236979376156,-1,,-1,
TlNbO3,1,0.9602093555082295,1,0.9637825045088244,0,0.0,0,0.0026889899370433567
TlPaO3,0,0.46521340660221994,0,0.1909655774007416,-1,,-1,
TlReO3,1,0.9223779464971947,1,0.9660985143264524,0,0.0,0,0.0026889899370433567
TlTaO3,1,0.9750446267926618,1,0.9750603484620075,0,0.0,0,0.0026889899370433567
TlUO3,0,0.46521340660221994,0,0.1554236979376156,-1,,-1,
BaVO3,1,0.9794154864663429,1,0.9663166560908876,1,0.8006948051948051,1,0.9601399485823013
AgAsO3,0,0.012449527366087057,0,0.001723586141246429,-1,,-1,
CsAsO3,0,0.0,0,0.028268981221594824,-1,,-1,
CsNO3,0,0.0,0,0.028268981221594824,-1,,-1,
CsPO3,0,0.0,0,0.028268981221594824,-1,,-1,
LiBrO3,0,0.018793110683354586,0,0.029291129655459668,-1,,-1,
LiPaO3,0,0.17542139466178366,0,0.040024863066554395,-1,,-1,
LiUO3,0,0.10120581024619929,0,0.03148238670207255,-1,,-1,
LiWO3,0,0.30360931376042255,0,0.15206668872582868,-1,,-1,
TlAsO3,0,0.42519608857236496,1,0.9247295069240082,-1,,0,0.0026889899370433567
TlPO3,0,0.40377339696524717,1,0.905526110504937,-1,,0,0.006674720628109693
BaSeO3,0,0.0011111111111111111,0,0.02669163138704081,-1,,-1,
BaSO3,0,0.0,0,0.028268981221594824,-1,,-1,
CaNiO3,1,0.984390052888027,1,0.9933152764187132,0,0.0,0,0.0026889899370433567
CaSeO3,0,0.47352942190569836,1,0.9003532404663575,-1,,0,0.3767243553632692
CaSO3,0,0.04,0,0.028268981221594824,-1,,-1,
CdNiO3,1,0.5908523652170444,1,0.6563085119305118,0,0.0,0,0.0026889899370433567
CdNpO3,0,0.39184560305535543,1,0.7310985392380821,-1,,0,0.0026889899370433567
CdPrO3,0,0.44184560305535536,1,0.7792055128447424,-1,,0,0.0026889899370433567
CdSiO3,0,0.1119244958258116,0,0.07797757478477052,-1,,-1,
CdThO3,0,0.38834560305535537,0,0.17795890204421952,-1,,-1,
CoAmO3,0,0.1442320545900907,0,0.048305849998315255,-1,,-1,
CoCrO3,0,0.3051652923630117,0,0.2553098563490986,-1,,-1,
CoHfO3,0,0.08293480184283791,0,0.08171132542181427,-1,,-1,
CoIrO3,0,0.26542018313106175,0,0.16661297884791165,-1,,-1,
CoMoO3,0,0.19301903009682791,0,0.3147613818949794,-1,,-1,
CoNbO3,0,0.16112998547184515,0,0.1851958219417724,-1,,-1,
CoNiO3,0,0.09224210576143499,0,0.11142679133742127,-1,,-1,
CoNpO3,0,0.2924543276640799,0,0.14509994729807976,-1,,-1,
CoPaO3,0,0.1847099100679461,0,0.16073735635275474,-1,,-1,
CoPbO3,0,0.13513718279521889,0,0.05850560162391695,-1,,-1,
CoPuO3,0,0.15673205459009068,0,0.048305849998315255,-1,,-1,
CoRuO3,0,0.2520868497977284,0,0.16661297884791165,-1,,-1,
CoSnO3,0,0.13095861136664746,0,0.1223237201626459,-1,,-1,
CoSO3,0,0.03585624098124098,0,0.09963695085296123,-1,,-1,
CoUO3,0,0.0983276589856951,0,0.05850560162391695,-1,,-1,
CoVO3,0,0.21828233851953294,0,0.16661297884791165,-1,,-1,
CoZrO3,0,0.09093480184283793,0,0.08171132542181427,-1,,-1,
CuAmO3,0,0.1442320545900907,0,0.048305849998315255,-1,,-1,
CuCoO3,0,0.12541425075212229,0,0.08334917399173951,-1,,-1,
CuCrO3,0,0.27836171091874073,0,0.1851958219417724,-1,,-1,
CuHfO3,0,0.08531575422379031,0,0.08171132542181427,-1,,-1,
CuIrO3,0,0.25616652728973366,0,0.1223237201626459,-1,,-1,
CuMnO3,0,0.08709231100034709,0,0.08171132542181427,-1,,-1,
CuMoO3,0,0.08709231100034709,0,0.08171132542181427,-1,,-1,
CuNiO3,0,0.08437912053293253,0,0.15385204822724693,-1,,-1,
CuNpO3,0,0.2924543276640799,0,0.14509994729807976,-1,,-1,
CuPaO3,0,0.1731714485294846,0,0.04872285067710257,-1,,-1,
CuPuO3,0,0.15673205459009068,0,0.048305849998315255,-1,,-1,
CuRuO3,0,0.27693313949016934,0,0.1851958219417724,-1,,-1,
CuSnO3,0,0.07864908755712363,0,0.08171132542181427,-1,,-1,
CuSO3,0,0.10991179653679653,0,0.05875794381825952,-1,,-1,
CuThO3,0,0.26745432766407995,0,0.03175076686282389,-1,,-1,
CuTiO3,0,0.1066252780333141,0,0.08171132542181427,-1,,-1,
CuUO3,0,0.10345586411390022,0,0.038398224057618,-1,,-1,
CuZrO3,0,0.0933157542237903,0,0.1761493320773577,-1,,-1,
EuNiO3,1,0.9836757671737412,1,0.9892281633066364,0,0.0,0,0.0026889899370433567
EuCO3,0,0.0,0,0.028268981221594824,-1,,-1,
EuNpO3,0,0.3553430202838097,0,0.11210762648702244,-1,,-1,
EuSeO3,0,0.41352942190569825,1,0.9493389899844015,-1,,0,0.006714383010328082
EuSiO3,0,0.4947727864646368,1,0.905526110504937,-1,,1,0.9217499132535085
EuSO3,0,0.38292339696524713,1,0.8321005667627938,-1,,0,0.1154543129987568
EuThO3,0,0.23345370139836086,0,0.0867066382681966,-1,,-1,
FeAmO3,0,0.1442320545900907,0,0.048305849998315255,-1,,-1,
FeCO3,0,0.0012424242424242424,0,0.0014733655375947492,-1,,-1,
Fe(II)Co(IV)O3,0,0.05457846320346319,0,0.07394402239788396,-1,,-1,
Fe(II)Cr(IV)O3,0,0.05457846320346319,0,0.07394402239788396,-1,,-1,
FeGeO3,0,0.009864718813786246,0,0.08774277059747117,-1,,-1,
FeHfO3,0,0.08293480184283791,0,0.08171132542181427,-1,,-1,
FeIrO3,0,0.26542018313106175,0,0.16661297884791165,-1,,-1,
FeMnO3,0,0.19301903009682791,0,0.3147613818949794,-1,,-1,
FeMoO3,0,0.19301903009682791,0,0.3147613818949794,-1,,-1,
Fe(II)Ni(IV)O3,0,0.05457846320346319,0,0.07394402239788396,-1,,-1,
FeNbO3,0,0.16720141404327366,0,0.1851958219417724,-1,,-1,
FePaO3,0,0.1847099100679461,0,0.16073735635275474,-1,,-1,
FePbO3,0,0.13513718279521889,0,0.12991801111676768,-1,,-1,
Fe(II)Ru(IV)O3,0,0.05457846320346319,0,0.07394402239788396,-1,,-1,
FeSeO3,0,0.008160687550931453,0,0.05147828882783956,-1,,-1,
FeSnO3,0,0.13595861136664747,0,0.1223237201626459,-1,,-1,
FeTeO3,0,0.042482293358215004,0,0.06567634014333926,-1,,-1,
FeThO3,0,0.26745432766407995,0,0.03175076686282389,-1,,-1,
FeTiO3,0,0.2038163210411777,0,0.23195660184577818,-1,,-1,
FeUO3,0,0.0983276589856951,0,0.05850560162391695,-1,,-1,
Fe(II)V(IV)O3,0,0.05457846320346319,0,0.07394402239788396,-1,,-1,
FeZrO3,0,0.08664908755712364,0,0.08171132542181427,-1,,-1,
HgCO3,0,0.0012424242424242424,0,0.0015904862255650166,-1,,-1,
HgNiO3,1,0.7183684042094388,1,0.6563085119305118,0,0.0,0,0.0026889899370433567
HgNpO3,0,0.39706397987976927,0,0.4127578272047282,-1,,-1,
HgPrO3,0,0.41706397987976934,0,0.4151275096324178,-1,,-1,
HgSiO3,0,0.15985782915914495,0,0.07797757478477052,-1,,-1,
HgSO3,0,0.07796771284271284,0,0.07797757478477052,-1,,-1,
HgThO3,0,0.3473973132131027,0,0.17795890204421952,-1,,-1,
MgAmO3,0,0.1442320545900907,0,0.048305849998315255,-1,,-1,
MgCeO3,0,0.14673205459009067,0,0.048305849998315255,-1,,-1,
MgCoO3,0,0.11285203330927075,0,0.074056946778582,-1,,-1,
MgCrO3,0,0.2520868497977284,0,0.16661297884791165,-1,,-1,
MgHfO3,0,0.07864908755712363,0,0.08171132542181427,-1,,-1,
MgIrO3,0,0.2720868497977284,0,0.16661297884791165,-1,,-1,
MgMnO3,0,0.19301903009682791,0,0.3147613818949794,-1,,-1,
MgMoO3,0,0.19301903009682791,0,0.3147613818949794,-1,,-1,
MgNbO3,0,0.13595861136664747,0,0.1223237201626459,-1,,-1,
MgNiO3,0,0.07894723396656321,0,0.11142679133742127,-1,,-1,
MgNpO3,0,0.2924543276640799,0,0.14509994729807976,-1,,-1,
MgPaO3,0,0.1847099100679461,0,0.16073735635275474,-1,,-1,
MgPbO3,0,0.13513718279521889,0,0.12991801111676768,-1,,-1,
MgPrO3,0,0.2924543276640799,0,0.14631584800118236,-1,,-1,
MgRuO3,0,0.2520868497977284,0,0.16661297884791165,-1,,-1,
MgSnO3,0,0.08293480184283791,0,0.08171132542181427,-1,,-1,
MgSO3,0,0.06485390997890997,0,0.09963695085296123,-1,,-1,
MgTbO3,0,0.10499432565236176,0,0.05850560162391695,-1,,-1,
MgTeO3,0,0.032188175711156196,0,0.06567634014333926,-1,,-1,
MgThO3,0,0.26745432766407995,0,0.03175076686282389,-1,,-1,
MgUO3,0,0.10499432565236176,0,0.05850560162391695,-1,,-1,
MgZrO3,0,0.08664908755712364,0,0.08171132542181427,-1,,-1,
MnAmO3,0,0.1657705161285522,0,0.16073735635275474,-1,,-1,
MnCoO3,0,0.23786094736384913,0,0.24791452093036262,-1,,-1,
MnCrO3,0,0.4500361382926812,0,0.4517476116352764,-1,,-1,
MnNiO3,0,0.18845943063604886,0,0.24366417144773053,-1,,-1,
MnNpO3,0,0.2924543276640799,0,0.14509994729807976,-1,,-1,
MnPaO3,0,0.18804324340127943,0,0.07382170192685183,-1,,-1,
MnTeO3,0,0.08311314439123996,0,0.07625712284485477,-1,,-1,
MnThO3,0,0.26745432766407995,0,0.03175076686282389,-1,,-1,
MnUO3,0,0.10678003993807604,0,0.05850560162391695,-1,,-1,
MnVO3,0,0.34415546885318826,0,0.2553098563490986,-1,,-1,
NiAmO3,0,0.1442320545900907,0,0.048305849998315255,-1,,-1,
NiCO3,0,0.032106240981240985,0,0.01666695164210723,-1,,-1,
NiCoO3,0,0.10566716053672576,0,0.04883085214859818,-1,,-1,
NiCrO3,0,0.24635700348020984,0,0.11373188670992576,-1,,-1,
NiGeO3,0,0.006694620937806017,0,0.06350009760800387,-1,,-1,
NiHfO3,0,0.08377729268532874,0,0.05408670551947686,-1,,-1,
NiIrO3,0,0.25635700348020984,0,0.11373188670992576,-1,,-1,
NiMoO3,0,0.08947326338129946,0,0.1761493320773577,-1,,-1,
NiNbO3,0,0.08531575422379031,0,0.06974250110503864,-1,,-1,
NiNpO3,0,0.2924543276640799,0,0.14509994729807976,-1,,-1,
NiPaO3,0,0.1731714485294846,0,0.04872285067710257,-1,,-1,
NiPbO3,0,0.13359872125675737,0,0.038398224057618,-1,,-1,
NiRuO3,0,0.24635700348020984,0,0.11373188670992576,-1,,-1,
NiSiO3,0,0.10439170551670554,0,0.054438486611725616,-1,,-1,
NiSnO3,0,0.08377729268532874,0,0.06974250110503864,-1,,-1,
NiSO3,0,0.04991179653679652,0,0.054438486611725616,-1,,-1,
NiTeO3,0,0.13423139340530643,0,0.17098199011832327,-1,,-1,
NiUO3,0,0.10345586411390022,0,0.038398224057618,-1,,-1,
NiVO3,0,0.14921915886868103,0,0.08171132542181427,-1,,-1,
NiZrO3,0,0.09177729268532878,0,0.05408670551947686,-1,,-1,
PbCoO3,1,0.9790086840899026,1,0.9406104585710999,0,0.29663636363636364,1,0.623489669312767
PbCrO3,1,0.9790086840899026,1,0.957839410799804,0,0.2766363636363636,1,0.8309127442637315
PbMnO3,1,0.9800129746762828,1,0.957839410799804,0,0.11830303030303028,0,0.015128855833702447
PbNiO3,1,0.9275451827794822,1,0.9294794882213947,0,0.18096969696969697,1,0.5801401677082302
SrNiO3,1,0.9806728811708552,1,0.9862350545033579,0,0.49554112554112545,0,0.05831275322521091
SrSeO3,0,0.41504053301680943,1,0.8236901035024019,-1,,0,0.040363305048007114
SrSO3,0,0.0,0,0.028268981221594824,-1,,-1,
ZnAmO3,0,0.1442320545900907,0,0.048305849998315255,-1,,-1,
ZnCO3,0,0.0012424242424242424,0,0.0014733655375947492,-1,,-1,
ZnCoO3,0,0.11285203330927075,0,0.074056946778582,-1,,-1,
ZnCrO3,0,0.2520868497977284,0,0.16661297884791165,-1,,-1,
ZnHfO3,0,0.07864908755712363,0,0.08171132542181427,-1,,-1,
ZnIrO3,0,0.2720868497977284,0,0.16661297884791165,-1,,-1,
ZnMnO3,0,0.19301903009682791,0,0.3147613818949794,-1,,-1,
ZnMoO3,0,0.19301903009682791,0,0.3147613818949794,-1,,-1,
ZnNbO3,0,0.13595861136664747,0,0.1223237201626459,-1,,-1,
ZnNiO3,0,0.07894723396656321,0,0.11142679133742127,-1,,-1,
ZnNpO3,0,0.2924543276640799,0,0.14509994729807976,-1,,-1,
ZnPaO3,0,0.1847099100679461,0,0.16073735635275474,-1,,-1,
ZnPbO3,0,0.13513718279521889,0,0.12991801111676768,-1,,-1,
ZnPuO3,0,0.15673205459009068,0,0.048305849998315255,-1,,-1,
ZnRuO3,0,0.2520868497977284,0,0.16661297884791165,-1,,-1,
ZnSO3,0,0.03139720002220002,0,0.09963695085296123,-1,,-1,
ZnTbO3,0,0.10499432565236176,0,0.05850560162391695,-1,,-1,
ZnThO3,0,0.26745432766407995,0,0.03175076686282389,-1,,-1,
ZnUO3,0,0.10499432565236176,0,0.05850560162391695,-1,,-1,
ZnVO3,0,0.23713948137667576,0,0.3147613818949794,-1,,-1,
ZnZrO3,0,0.08664908755712364,0,0.08171132542181427,-1,,-1,
AlCoO3,0,0.1323338272033924,0,0.03193573455296489,-1,,-1,
AlCrO3,0,0.26148520860841495,0,0.07617994876342121,-1,,-1,
AlCuO3,0,0.1891471443210574,0,0.4591918770296337,-1,,-1,
AlGaO3,0,0.26148520860841495,0,0.07617994876342121,-1,,-1,
AlInO3,0,0.14789872125675735,0,0.04872285067710257,-1,,-1,
AlMnO3,0,0.08993480184283792,0,0.05408670551947686,-1,,-1,
AlNiO3,0,0.14911521248477771,0,0.03929759446205532,-1,,-1,
AlRhO3,0,0.10375348316151925,0,0.05408670551947686,-1,,-1,
AlRuO3,0,0.26148520860841495,0,0.07617994876342121,-1,,-1,
AlTiO3,0,0.10375348316151925,0,0.05408670551947686,-1,,-1,
AlVO3,0,0.14434736399688616,0,0.05408670551947686,-1,,-1,
BiBO3,0,0.0,0,0.028268981221594824,-1,,-1,
BiDyO3,0,0.19876975760589385,0,0.22491441732217873,-1,,-1,
CeBO3,0,0.0,0,0.028268981221594824,-1,,-1,
ErCuO3,1,0.8726124575483318,1,0.9738846528693592,0,0.0,0,0.0026889899370433567
FeAlO3,0,0.18420613956032206,0,0.0974961389346849,-1,,-1,
Fe(III)Co(III)O3,0,0.05457846320346319,0,0.07394402239788396,-1,,-1,
Fe(III)Cr(III)O3,0,0.05457846320346319,0,0.07394402239788396,-1,,-1,
FeCuO3,0,0.05989885867695424,0,0.0974961389346849,-1,,-1,
FeGaO3,0,0.2520868497977284,0,0.16661297884791165,-1,,-1,
FeInO3,0,0.1474371827952189,0,0.16073735635275474,-1,,-1,
Fe(III)Ni(III)O3,0,0.05457846320346319,0,0.07394402239788396,-1,,-1,
FeRhO3,0,0.21381632104117768,0,0.3147613818949794,-1,,-1,
Fe(III)Ru(III)O3,0,0.05457846320346319,0,0.07394402239788396,-1,,-1,
FeScO3,0,0.10166099231902842,0,0.08171132542181427,-1,,-1,
FeTmO3,0,0.22359718480693708,0,0.026900230184688997,-1,,-1,
Fe(III)V(III)O3,0,0.05457846320346319,0,0.07394402239788396,-1,,-1,
GaAlO3,0,0.2848662078662079,0,0.26110013768824425,-1,,-1,
GaBO3,0,0.13061942224442225,0,0.06401402801397127,-1,,-1,
GaCoO3,0,0.1323338272033924,0,0.10981154036398469,-1,,-1,
GaCrO3,0,0.2730236701468765,0,0.23567962235806966,-1,,-1,
GaCuO3,0,0.19530099047490354,0,0.26110013768824425,-1,,-1,
GaMnO3,0,0.09793480184283793,0,0.05408670551947686,-1,,-1,
GaNiO3,0,0.14911521248477771,0,0.05984662002428829,-1,,-1,
GaRhO3,0,0.11175348316151926,0,0.05408670551947686,-1,,-1,
GaRuO3,0,0.2730236701468765,0,0.23567962235806966,-1,,-1,
GaScO3,0,0.10678919744723357,0,0.05408670551947686,-1,,-1,
GaTiO3,0,0.11175348316151926,0,0.05408670551947686,-1,,-1,
GaVO3,0,0.15434736399688614,0,0.06974250110503864,-1,,-1,
GaYO3,0,0.21931147052122277,0,0.025729203270950848,-1,,-1,
HoCuO3,1,0.8726124575483318,1,0.9738846528693592,0,0.0,0,0.0026889899370433567
InAlO3,0,0.4753544682796902,0,0.371283933788091,-1,,-1,
InCoO3,1,0.5117148110301499,0,0.42849439654575167,0,0.0,-1,
InCuO3,0,0.293404330253465,0,0.371283933788091,-1,,-1,
InDyO3,0,0.24396465067440296,0,0.08235538783344519,-1,,-1,
InErO3,0,0.26686188387598403,0,0.09858229143424925,-1,,-1,
InHoO3,0,0.24582179353154582,0,0.09858229143424925,-1,,-1,
InLuO3,0,0.30035899857426385,0,0.17368890681711774,-1,,-1,
InNiO3,0,0.42293668074432034,1,0.5999343888135382,-1,,0,0.0026889899370433567
InRuO3,1,0.64441225146979,1,0.627773295530358,0,0.0,0,0.0026889899370433567
InScO3,0,0.3841629343947413,0,0.30445913684481507,-1,,-1,
InTiO3,1,0.5267475674080103,1,0.6932194646079655,0,0.0,0,0.0026889899370433567
InTmO3,0,0.28972124278822436,0,0.10271952742116375,-1,,-1,
InVO3,1,0.5074524758973152,0,0.4958355437930614,0,0.0,-1,
InYbO3,0,0.29035899857426384,0,0.17368890681711774,-1,,-1,
InYO3,0,0.24582179353154582,0,0.09858229143424925,-1,,-1,
LuCuO3,1,0.7561842602623424,1,0.8788639594149603,0,0.0,0,0.0026889899370433567
NdBO3,0,0.0,0,0.028268981221594824,-1,,-1,
PrBO3,0,0.0,0,0.028268981221594824,-1,,-1,
PuBO3,0,0.3895900636319138,1,0.8321005667627938,-1,,0,0.1154543129987568
PuCoO3,1,0.9518063161500033,1,0.9750603484620075,0,0.0,0,0.0026889899370433567
PuCuO3,1,0.8762685422044165,1,0.9738846528693592,0,0.0,0,0.0026889899370433567
PuDyO3,0,0.03842835786711894,0,0.02106979082703696,-1,,-1,
PuErO3,0,0.06073035297346188,0,0.025557595563848852,-1,,-1,
PuFeO3,1,0.9477954419364214,1,0.9579810048816979,0,0.0,0,0.0026889899370433567
PuHoO3,0,0.0427855007242618,0,0.025557595563848852,-1,,-1,
PuInO3,0,0.44183929228344626,0,0.36190942616137295,-1,,-1,
PuLaO3,0,0.2523251631409526,0,0.10023563288342477,-1,,-1,
PuLuO3,0,0.2974641732493103,0,0.12719824210307598,-1,,-1,
PuNiO3,1,0.9094083288842354,1,0.9727860724946256,0,0.0,0,0.0026889899370433567
PuRhO3,1,0.9579065530475326,1,0.9637825045088244,0,0.0,0,0.0026889899370433567
PuRuO3,1,0.9750446267926618,1,0.9750603484620075,0,0.0,0,0.0026889899370433567
PuScO3,0,0.4952678474693627,0,0.23567398085470134,-1,,-1,
PuTiO3,1,0.9579065530475326,1,0.9637825045088244,0,0.0,0,0.0026889899370433567
PuTmO3,0,0.16151390167165122,0,0.036011574554357655,-1,,-1,
PuYO3,0,0.0377855007242618,0,0.025557595563848852,-1,,-1,
ScBO3,0,0.13228608891108892,0,0.25442939829639083,-1,,-1,
ScCoO3,0,0.47794483642560437,0,0.4027499352195703,-1,,-1,
ScCuO3,0,0.43224690972263324,1,0.6588984355750265,-1,,0,0.0026889899370433567
ScErO3,0,0.26686188387598403,0,0.09858229143424925,-1,,-1,
ScFeO3,0,0.37591482029761736,0,0.216960381153004,-1,,-1,
ScGaO3,1,0.590930636653604,1,0.6026819722992122,0,0.0,0,0.0026889899370433567
ScHoO3,0,0.24582179353154582,0,0.09858229143424925,-1,,-1,
ScInO3,0,0.3589407610235582,0,0.17498926097989217,-1,,-1,
ScLuO3,0,0.29833518905045436,0,0.17368890681711774,-1,,-1,
ScMnO3,0,0.37591482029761736,0,0.216960381153004,-1,,-1,
ScNiO3,0,0.4423715763523443,0,0.45538186995268043,-1,,-1,
ScRhO3,0,0.38973350161629866,0,0.216960381153004,-1,,-1,
ScRuO3,1,0.590930636653604,1,0.6026819722992122,0,0.0,0,0.0026889899370433567
ScTiO3,0,0.37973350161629865,0,0.216960381153004,-1,,-1,
ScTmO3,0,0.2876974332644148,0,0.10271952742116375,-1,,-1,
ScVO3,0,0.4422543305036137,0,0.216960381153004,-1,,-1,
TbBO3,0,0.0,0,0.028268981221594824,-1,,-1,
TlAlO3,1,0.9713659448018191,1,0.9738846528693592,0,0.0,0,0.0026889899370433567
TlBO3,0,0.36959006363191377,1,0.8321005667627938,-1,,0,0.05415452404637936
TlCuO3,1,0.8649828279187023,1,0.9738846528693592,0,0.0,0,0.0026889899370433567
TlDyO3,0,0.04079848773724882,0,0.02106979082703696,-1,,-1,
TlErO3,0,0.07310048284359173,0,0.025557595563848852,-1,,-1,
TlHoO3,0,0.04515563059439167,0,0.025557595563848852,-1,,-1,
TlInO3,0,0.4529804785825272,0,0.1909655774007416,-1,,-1,
TlLuO3,0,0.28595623674137377,0,0.12719824210307598,-1,,-1,
TlTmO3,0,0.16221736487511443,0,0.036011574554357655,-1,,-1,
TlYbO3,0,0.23931743988910628,0,0.12719824210307598,-1,,-1,
TlYO3,0,0.040155630594391666,0,0.025557595563848852,-1,,-1,
TmCuO3,1,0.8726124575483318,1,0.9738846528693592,0,0.0,0,0.0026889899370433567
YbBO3,0,0.01,0,0.004194149603812824,-1,,-1,
YbCuO3,1,0.7638138898919721,1,0.8788639594149603,0,0.0,0,0.0026889899370433567
YCuO3,1,0.8726124575483318,1,0.9738846528693592,0,0.0,0,0.0026889899370433567
DyHoO3,0,0.061488963927724995,0,0.09262006059262289,-1,,-1,
DyLaO3,0,0.26302862634441576,0,0.10023563288342477,-1,,-1,
DyYO3,0,0.056488963927725004,0,0.09262006059262289,-1,,-1,
ErDyO3,0,0.05457626551502659,0,0.02811835705508163,-1,,-1,
ErHoO3,0,0.05893340837216945,0,0.03405525766128803,-1,,-1,
ErTmO3,0,0.1749673648751144,0,0.12693182327856978,-1,,-1,
ErYO3,0,0.05393340837216945,0,0.03405525766128803,-1,,-1,
EuDyO3,0,0.1408387588696252,0,0.038008758966692965,-1,,-1,
EuHoO3,0,0.1485292350601014,0,0.045935215985961536,-1,,-1,
EuLaO3,0,0.3347180202838097,0,0.11210762648702244,-1,,-1,
EuPrO3,0,0.3653430202838097,0,0.11308363018775436,-1,,-1,
EuYO3,0,0.1435292350601014,0,0.045935215985961536,-1,,-1,
GdDyO3,0,0.043798487737248815,0,0.07729040757639379,-1,,-1,
GdHoO3,0,0.04815563059439167,0,0.04074915452441395,-1,,-1,
GdLaO3,0,0.24969529301108245,0,0.10023563288342477,-1,,-1,
GdYO3,0,0.043155630594391675,0,0.04074915452441395,-1,,-1,
HoDyO3,0,0.04079848773724882,0,0.027688061267552102,-1,,-1,
HoErO3,0,0.08110048284359174,0,0.09262006059262289,-1,,-1,
HoTmO3,0,0.17021736487511444,0,0.057053208322389914,-1,,-1,
HoYO3,0,0.04815563059439167,0,0.09262006059262289,-1,,-1,
LuDyO3,0,0.08474293218169325,0,0.074083937155752,-1,,-1,
LuErO3,0,0.11704492728803619,0,0.0888388551483456,-1,,-1,
LuHoO3,0,0.0891000750388361,0,0.0888388551483456,-1,,-1,
LuLaO3,0,0.2934730707888602,0,0.3852330455990017,-1,,-1,
LuTmO3,0,0.18001669705951767,0,0.12534331144627703,-1,,-1,
LuYO3,0,0.08410007503883613,0,0.0888388551483456,-1,,-1,
NdHoO3,0,0.04111256839343473,0,0.04074915452441395,-1,,-1,
NdLaO3,0,0.2469680202838097,0,0.10023563288342477,-1,,-1,
NdYO3,0,0.036112568393434734,0,0.04074915452441395,-1,,-1,
PrLaO3,0,0.2569680202838097,0,0.1284577285734727,-1,,-1,
PrYO3,0,0.040398282679149015,0,0.04074915452441395,-1,,-1,
SmDyO3,0,0.03675542553629187,0,0.03368599353187927,-1,,-1,
SmHoO3,0,0.04111256839343473,0,0.04074915452441395,-1,,-1,
SmLaO3,0,0.2469680202838097,0,0.10023563288342477,-1,,-1,
TbDyO3,0,0.04713182107058214,0,0.07729040757639379,-1,,-1,
TbHoO3,0,0.05148896392772501,0,0.09262006059262289,-1,,-1,
TbLaO3,0,0.25302862634441575,0,0.10023563288342477,-1,,-1,
TbYO3,0,0.046488963927725,0,0.09262006059262289,-1,,-1,
TmDyO3,0,0.05457626551502659,0,0.02139949680908689,-1,,-1,
TmErO3,0,0.08687826062136951,0,0.03405525766128803,-1,,-1,
TmHoO3,0,0.05893340837216945,0,0.03405525766128803,-1,,-1,
YbDyO3,0,0.08474293218169325,0,0.074083937155752,-1,,-1,
YbErO3,0,0.11704492728803619,0,0.1142595887753878,-1,,-1,
YbHoO3,0,0.0891000750388361,0,0.0888388551483456,-1,,-1,
YbLaO3,0,0.2934730707888602,0,0.3852330455990017,-1,,-1,
YbTmO3,0,0.1880166970595177,0,0.2932382312249319,-1,,-1,
YDyO3,0,0.04713182107058214,0,0.07729040757639379,-1,,-1,
YErO3,0,0.07943381617692506,0,0.09262006059262289,-1,,-1,
YHoO3,0,0.05148896392772501,0,0.09262006059262289,-1,,-1,
YLaO3,0,0.25302862634441575,0,0.10023563288342477,-1,,-1,
YTmO3,0,0.16855069820844776,0,0.057053208322389914,-1,,-1,
EuTeO3,1,0.8969864071281637,1,0.9660985143264524,0,0.0,0,0.0026889899370433567
HgCeO3,0,0.3560037693334159,0,0.25098682086505464,-1,,-1,
BiYbO3,1,0.9206983582336592,1,0.9458078263211617,0,0.0,0,0.0026889899370433567
KAsO3,0,0.0,0,0.004194149603812824,-1,,-1,
RbAsO3,0,0.01,0,0.028268981221594824,-1,,-1,
CoCeO3,0,0.14673205459009067,0,0.048305849998315255,-1,,-1,
CoPrO3,0,0.2924543276640799,0,0.14631584800118236,-1,,-1,
CoTbO3,0,0.0983276589856951,0,0.05850560162391695,-1,,-1,
CoThO3,0,0.26745432766407995,0,0.03175076686282389,-1,,-1,
CuCeO3,0,0.14673205459009067,0,0.048305849998315255,-1,,-1,
CuPbO3,0,0.13359872125675737,0,0.038398224057618,-1,,-1,
CuPrO3,0,0.2924543276640799,0,0.14631584800118236,-1,,-1,
CuTbO3,0,0.10345586411390022,0,0.038398224057618,-1,,-1,
FeNpO3,0,0.2924543276640799,0,0.14509994729807976,-1,,-1,
FePrO3,0,0.2924543276640799,0,0.14631584800118236,-1,,-1,
FePuO3,0,0.15673205459009068,0,0.048305849998315255,-1,,-1,
FeCeO3,0,0.14673205459009067,0,0.048305849998315255,-1,,-1,
FeTbO3,0,0.0983276589856951,0,0.05850560162391695,-1,,-1,
MgPuO3,0,0.15673205459009068,0,0.048305849998315255,-1,,-1,
MnCeO3,0,0.14673205459009067,0,0.06292933016212987,-1,,-1,
MnPbO3,0,0.13847051612855224,0,0.05850560162391695,-1,,-1,
MnPrO3,0,0.2924543276640799,0,0.14631584800118236,-1,,-1,
MnPuO3,0,0.16673205459009066,0,0.06292933016212987,-1,,-1,
MnTbO3,0,0.10678003993807604,0,0.05850560162391695,-1,,-1,
NiCeO3,0,0.14673205459009067,0,0.048305849998315255,-1,,-1,
NiPrO3,0,0.2924543276640799,0,0.14631584800118236,-1,,-1,
NiPuO3,0,0.15673205459009068,0,0.048305849998315255,-1,,-1,
NiTbO3,0,0.10345586411390022,0,0.038398224057618,-1,,-1,
NiThO3,0,0.26745432766407995,0,0.03175076686282389,-1,,-1,
ZnCeO3,0,0.14673205459009067,0,0.048305849998315255,-1,,-1,
ZnPrO3,0,0.2924543276640799,0,0.14631584800118236,-1,,-1,
AlDyO3,0,0.21945432766407993,0,0.021211920908748048,-1,,-1,
AlErO3,0,0.21845432766407996,0,0.025729203270950848,-1,,-1,
AlHoO3,0,0.2213114705212228,0,0.025729203270950848,-1,,-1,
AlLaO3,0,0.27445432766407996,0,0.14509994729807976,-1,,-1,
AlLuO3,0,0.15873205459009068,0,0.048305849998315255,-1,,-1,
AlScO3,0,0.10878919744723356,0,0.05408670551947686,-1,,-1,
AlTmO3,0,0.22559718480693708,0,0.026900230184688997,-1,,-1,
AlYbO3,0,0.1487320545900907,0,0.048305849998315255,-1,,-1,
AlYO3,0,0.2213114705212228,0,0.025729203270950848,-1,,-1,
FeDyO3,0,0.21745432766407993,0,0.021211920908748048,-1,,-1,
FeErO3,0,0.21645432766407993,0,0.025729203270950848,-1,,-1,
FeHoO3,0,0.21931147052122277,0,0.025729203270950848,-1,,-1,
FeLaO3,0,0.27245432766407995,0,0.14509994729807976,-1,,-1,
FeLuO3,0,0.15673205459009068,0,0.048305849998315255,-1,,-1,
FeYbO3,0,0.14673205459009067,0,0.048305849998315255,-1,,-1,
FeYO3,0,0.21931147052122277,0,0.025729203270950848,-1,,-1,
GaDyO3,0,0.21745432766407993,0,0.021211920908748048,-1,,-1,
GaErO3,0,0.21645432766407993,0,0.025729203270950848,-1,,-1,
GaHoO3,0,0.21931147052122277,0,0.025729203270950848,-1,,-1,
GaLaO3,0,0.27245432766407995,0,0.14509994729807976,-1,,-1,
GaLuO3,0,0.15673205459009068,0,0.048305849998315255,-1,,-1,
GaTmO3,0,0.22359718480693708,0,0.026900230184688997,-1,,-1,
GaYbO3,0,0.14673205459009067,0,0.048305849998315255,-1,,-1,
InLaO3,0,0.31813131734106964,0,0.4127578272047282,-1,,-1,
PuYbO3,0,0.24812696369863002,0,0.12719824210307598,-1,,-1,
ScDyO3,0,0.24396465067440296,0,0.08235538783344519,-1,,-1,
ScLaO3,0,0.31813131734106964,0,0.4127578272047282,-1,,-1,
ScYbO3,0,0.2883351890504543,0,0.17368890681711774,-1,,-1,
ScYO3,0,0.24582179353154582,0,0.09858229143424925,-1,,-1,
ErLaO3,0,0.26847307078886024,0,0.10167548058874733,-1,,-1,
HoLaO3,0,0.2546952930110824,0,0.10023563288342477,-1,,-1,
TmLaO3,0,0.26847307078886024,0,0.10167548058874733,-1,,-1,
