MP_Eg,OQMD_Eg,AFLOW_Eg,AFLOW-fitted_EG,AFLOWML_Eg,JARVIS-TBMBJ_Eg,JARVIS-OPT_Eg,Exp_Eg
1.8555,1.7080000000000002,1.5922,3.0592900000000003,1.145,2.1481,1.6051,3.4
0.5773999999999999,,,,,1.1211,,
1.8485999999999996,1.771,,,1.508,2.6156,1.9273,
1.9997000000000007,2.134,,,3.8339999999999996,3.2089,2.2105,8.0
2.3433,1.601,2.2237,3.91055,2.217,3.2654,2.0697,
1.6631,1.694,1.4296,2.8401,1.296,2.0553,1.236,
3.1573,3.359,3.165,5.1794199999999995,2.31,4.6482,3.3013,4.87
2.6076,,2.4828,4.25981,2.509,3.7268,2.8506,
2.4251000000000005,2.504,2.3603,4.09468,2.425,3.5942,2.3807,
1.1182,,,,1.946,1.6668,1.1878,3.05
0.9375999999999998,,,,,,,
1.8008000000000002,,,,2.004,2.9130000000000003,1.8606,
0.7032999999999996,,,,,,,
0.6288999999999998,0.596,,,1.074,1.4103,,4.7
2.9211,,,,3.6039999999999996,,,7.4
3.023000000000001,,3.0123,4.97358,3.3160000000000003,5.678,3.647,7.4
2.0148,,,,1.81,2.5494,1.7322,
0.7772000000000001,,,,,1.021,,0.9
0.6809999999999999,,0.5518,1.65683,0.409,,,1.9
0.6966999999999999,,,,,1.0559,,
0.7694999999999999,,,,,1.0313,,0.46
0.7149000000000001,0.7509999999999999,,,,0.6823,0.6609,
0.4113999999999995,,,1.00965,,,,0.59
2.7855000000000003,2.7760000000000002,,,2.752,3.8865,2.7776,5.77
0.6336999999999993,0.9500000000000011,,,,1.4340000000000002,0.748,
0.5468999999999999,,,,,1.1017,,
2.4638,,,,3.883,4.176,3.0362,
0.8468999999999998,,0.8313,2.0335900000000002,1.155,1.9305,1.1207,
3.3345,3.47,,,2.991,,,
2.1886,2.325,,,2.306,2.8229,2.2577,
2.2537,1.736,,,1.38,2.8778,1.5563,
2.1746,2.02,,,2.781,3.6076,2.1386,
1.2720000000000002,1.304,1.1637,2.4816700000000003,0.809,1.8727,1.2002,
1.4342,,1.3777,2.77014,1.921,2.6573,1.4659,
1.2935,,,,1.68,,,
4.675000000000002,4.7589999999999995,4.6741,7.21369,4.445,6.315,4.7249,
1.3035999999999994,,1.2111,2.54556,0.985,1.3139,0.9418,
1.3361,,1.2619,2.61404,1.068,1.3644,0.958,
1.1671000000000005,,0.8740000000000001,2.09115,0.813,1.0461,0.8919,
2.3351,2.319,,,3.022,3.7258,2.3033,
3.1177,,,,3.12,3.7861,3.2003,
3.945,,,,4.328,,,
4.5585,,,,4.566,,,
4.6929,,,,5.002,,,
4.7774,,,,4.41,6.8918,5.2615,
3.5621,,3.5254,5.66524,3.2889999999999997,5.8891,3.8709,
4.1738,,,,3.947,6.4971,4.4991,
0.4331000000000005,0.4,,,,0.4818,,
4.5459000000000005,,,,4.013999999999999,,,
4.5994,,,,4.802,,,
4.9224000000000006,,,,5.025,,,
3.8234,,,,4.531000000000001,5.9305,4.2592,
5.011099999999999,,,,5.021,,,
5.5374,,,,4.802,8.0494,5.9567,
4.4110999999999985,,,,4.641,,,
4.642100000000001,,,,4.687,,,
2.6129,2.166,,,2.099,2.8211,2.1762,
3.8645,,,,3.83,4.5839,4.0832,
2.677,,,,3.43,4.8201,2.91,
2.5428,2.99,,,3.373,,,
2.2492,2.8310000000000004,,,3.391,4.1622,2.681,
4.9136,,,,4.867,,,
3.4599,,,,3.322,4.0652,3.3808,
3.7582,4.262,,,4.324,,,
2.6063,,,,3.428,,,
3.4268,,,,4.504,,,
2.1181000000000005,2.5669999999999997,,,3.227,3.7175,2.4487,
2.2529000000000003,2.133,,,3.262,,,
2.1335,2.042,1.9074,3.4841800000000003,2.209,3.4537,2.2211,
1.9065,1.766,,,2.028,,,
2.9719,3.265,,,2.87,,,
2.4194,2.312,,,2.025,3.3583,2.4013,
0.6511,,,,,,,
0.6751,,,,2.094,,,
1.886,1.8730000000000002,,,1.8559999999999999,2.7674,1.777,4.76
0.9241,,,,0.409,,,
1.4941,,,,0.966,,,
0.5679999999999996,,0.4662,1.54144,0.6970000000000001,1.2336,,3.77
3.2583,3.6460000000000004,3.2622,5.31045,3.37,,,
2.0879,,,,1.699,,,
2.2622,,,,1.1159999999999999,,,
1.2143000000000002,,1.2122,2.54705,1.2770000000000001,1.9329,1.2581,3.6
2.8455000000000004,2.577,,,2.331,,,
2.3504000000000005,3.282,,,2.707,3.5923,2.0864,3.87
1.604,,,,2.043,,,
2.3505,,2.5657,4.37156,2.271,,,
2.0278,2.045,1.2334,2.5756200000000002,1.288,,,
0.4400999999999997,,,,,,,1.0
1.9792,,1.7730000000000001,3.303,1.9769999999999999,3.3652,2.1169,5.6
7.722999999999999,,7.606,11.1659,7.042999999999999,,,
1.4375999999999998,1.45,,,1.571,,,
6.7907,,6.4626,9.62458,6.641,,,
1.7830000000000001,,,,1.2429999999999999,,,
3.9639,,,,4.431,,,
0.4443999999999999,,,,2.439,,,
1.9001,1.2229999999999999,0.4704,1.5471,0.8809999999999999,,,
2.3655,,,,2.6010000000000004,,,
3.4908,,,,3.063,,,
0.7624999999999997,,0.7612,1.9391,0.84,,,
3.5883000000000003,,3.3312,5.40346,3.205,,,
2.11,2.04,,,2.656,,,
2.3412,,,,2.658,,,
1.6543,0.7879999999999989,0.4024,1.45544,0.617,,,
0.8879999999999999,,,,1.3840000000000001,,,
1.4257,0.7879999999999999,,,0.643,,,
2.5339,2.187,,,1.8090000000000002,,,
2.0869,,,,2.9539999999999997,,,
3.5815,,,,2.9789999999999996,,,
2.6728999999999994,2.7510000000000003,,,2.215,,,
2.1745,2.256,,,2.602,,,
4.8098,,,,5.046,,,
3.2945,3.392,,,2.985,,,
2.5027,,,,2.3040000000000003,,,
2.5161,,,,3.2430000000000003,,,
1.3159,,,,4.1160000000000005,,,
3.4687,,,,3.406,,,
3.5408000000000013,,3.489,5.616169999999999,3.298,,,
2.173,1.517,,,1.35,,,
5.5371,5.869,,,5.473,8.4825,5.6725,
2.5619,2.7319999999999998,,,2.155,3.6129,2.5397,4.76
1.2407999999999997,,1.1911,2.5186,0.9209999999999999,,,
1.5330000000000001,2.285,1.4666,2.88998,1.433,,,
0.7440999999999995,,0.4542,1.52526,0.532,,,
1.4608,,,,1.7819999999999998,,,
5.2559,,,,5.024,6.6922,5.8183,
3.2688,,,,3.48,,,
0.6206000000000005,,,,0.5920000000000001,,,
3.3913,,,,2.903,,,
4.8397000000000014,,,,3.522,,,
1.3437000000000006,,,,1.105,,,
2.3008,,,,2.438,,,
2.4045,2.3040000000000003,,,2.753,,,
1.7701999999999996,1.4869999999999999,,,2.658,,,
0.6566000000000001,,,,2.7230000000000003,,,
3.181,3.0669999999999997,,,3.157,,,
2.7039,,,,2.6519999999999997,,,
2.8794,3.2119999999999997,2.8856,4.80279,2.883,,,
2.3365,2.633,,,2.511,,,
6.4314,6.6739999999999995,6.428999999999999,9.57929,6.43,,,
1.7554999999999996,,,,2.313,,,
0.7856999999999998,,,,1.605,,,
1.1764,0.903,,,,,,
1.4805,,,,2.7260000000000004,,,
4.7696000000000005,4.827,,,3.359,,,
2.0035,1.5430000000000001,,,,,,
2.2843,2.504,,,2.535,,,
4.9681,5.645,,,4.8069999999999995,,,
1.9935,1.7730000000000001,1.6364,3.1188700000000003,1.6480000000000001,,,
0.4123999999999999,,,,1.1440000000000001,,,
4.0784,,,,4.399,,,
2.8995,,,,2.807,,,
2.2907,2.349,2.2197,3.90516,2.319,3.7408,2.3271,
3.5309,,,,3.048,,,
1.7488999999999997,,,,1.379,,,
3.3647,,,,3.347,,,
2.1699,2.1390000000000002,,,2.318,,,
0.5199999999999996,,,,1.89,,,
0.6743000000000001,,,,,,,
0.4093,0.41200000000000103,0.929,2.16529,0.889,,,
5.8164,6.273,,,4.994,,,
1.5615,1.541,,,1.2830000000000001,2.0634,1.2185,2.88
6.4419,6.6739999999999995,6.428999999999999,9.57929,6.124,9.3129,6.729,
1.4663,,,,1.486,,,
4.031500000000001,4.396,,,4.131,4.6901,4.2093,
2.8459,,,,3.75,,,
2.0849,,,,2.878,,,
3.3726,,,,2.991,,,
3.0636,,,,3.278,,,
0.474,,,,1.504,,,
3.0614,3.4419999999999997,3.0749,5.05797,3.4410000000000003,,,
5.954,,,,5.352,,,
0.6405000000000003,,,,1.63,,,
3.721000000000001,,,,4.388999999999999,,,
0.8555999999999999,,,,1.2790000000000001,,,
1.0418,1.0170000000000001,,,0.976,1.1723,0.9108,2.75
6.1755,,5.8878,8.84975,5.966,7.3007,5.8101,
1.1473000000000004,1.043,,,0.875,,,
5.6557,,,,5.059,,,
0.8298999999999999,,,,1.078,,,
1.6143,1.52,,,1.54,2.6296,1.2241,2.67
2.5813,,,,2.635,,,
1.5238,,,,1.261,,,
4.328199999999999,,4.281000000000001,6.683789999999999,4.2860000000000005,,,
3.5777,,,,3.5989999999999998,,,
1.4031000000000002,1.569,1.3780000000000001,2.77054,1.4809999999999999,,,
3.4068000000000005,,,,3.568,,,
1.3179000000000003,,,,1.31,,,
2.6740000000000004,,,,3.012,,,
1.6214000000000002,,,,1.495,,,
3.021100000000001,3.237,3.0106,4.97129,2.957,,,
3.6201,4.121,,,3.5389999999999997,,,
2.9402,,,,2.174,,,
5.8073,,,,5.895,,,
2.9681,,2.9151,4.84255,2.7560000000000002,,,
2.0968,,,,2.124,,,
0.9279000000000006,,,,0.98,,,
6.7858,,6.7006,9.94541,6.693,,,
6.6876,6.361000000000001,6.4682,9.63213,6.523,,,
2.1067,,,,2.52,,,
3.1304,3.522,,,3.343,,,
2.4258999999999995,2.511,,,2.344,,,
3.933300000000001,4.386,,,4.279,,,
4.449400000000002,4.836,,,4.445,,,
1.2582,,,,1.4669999999999999,,,
0.5072,,,,3.714,,,
0.9661,0.9259999999999999,,,0.995,,,
3.3066,3.5639999999999996,3.2951,5.35479,3.36,,,
0.7854000000000001,,,,3.7430000000000003,,,
3.1396,3.523,3.1272,5.12847,3.426,,,
2.9138999999999995,3.105,2.877,4.7912,2.78,,,
4.0482,4.678999999999999,4.0268,6.341130000000001,3.79,,,
3.4484,,,,2.244,,,
1.4932,,,,1.5930000000000002,,,
2.1315,,,,1.7519999999999998,,,
1.2625000000000002,,,,1.2229999999999999,,,
3.49,,,,2.56,,,
0.6400999999999999,,,,1.974,,,
2.9696,,,,2.98,,,
4.6887,,,,,,,
2.4178999999999995,,,,1.8869999999999998,,,
2.6825999999999994,,,,2.306,,,
4.9248,,,,4.3580000000000005,,,
2.8831,,,,2.904,,,
3.1791000000000005,,,,2.589,,,
3.2254,,,,2.6239999999999997,,,
5.7794,,,,5.557,,,
2.4494,,,,2.287,,,
1.9237,,,,2.456,,,
1.1071000000000004,,,,1.266,,,
1.3517,,,,1.149,,,
2.7153,,,,3.0860000000000003,,,
1.1284,,1.1182,2.42033,1.1159999999999999,,,
2.3425,,,,2.717,,,
2.1605,,,,3.7260000000000004,,,
1.8901,,,,2.456,,,
4.9735,,,,4.463,,,
1.8868,,,,2.536,,,
1.6735000000000002,2.392,,,1.464,,,
3.9530000000000003,,,,3.742,,,
1.2642000000000002,,,,1.087,,,
4.0435,,,,4.54,,,
0.6700999999999999,,0.6677,1.81306,0.63,,,
3.2226,3.873,,,2.647,,,
0.6625999999999999,,,,0.956,,,
2.0447,,,,2.101,,,
3.3278000000000003,,,,3.093,,,
1.9469,,,,3.5389999999999997,,,
2.7332,,,,4.0,,,
1.9476,,,,2.609,,,
0.7155,2.77,,,2.662,,,
0.9985,,0.9749,2.22717,0.746,,,
3.0092000000000003,,,,2.575,,,
5.7076,,,,5.648,,,
2.7306,,,,2.318,,,
3.7261,,,,3.15,,,
5.6859,,,,5.3020000000000005,,,
2.4131,,,,4.361000000000001,,,
2.0696000000000003,,,,2.299,,,
1.3766000000000005,,1.1937,2.52211,1.046,,,
3.7215,4.034,,,3.605,,,
5.2901,,,,4.729,,,
1.8133,,,,2.642,,,
1.0106999999999997,,,,0.603,,,
0.9179999999999996,,,,2.294,,,
4.6237,,,,2.017,,,
3.8238,,,,2.207,,,
2.4487999999999994,,,,2.044,,,
0.5274000000000001,,,,2.18,,,
2.1252999999999997,,,,1.9580000000000002,,,
0.6621,,,,3.733,,,
0.7604999999999995,,,,1.4480000000000002,,,
1.8259000000000003,,,,1.626,,,
1.8352,,,,2.28,,,
1.4888,,,,0.7609999999999999,,,
1.8579,,,,2.625,,,
2.9514000000000005,,,,4.387,,,
1.5453,,,,1.409,,,
0.7877999999999998,,0.7852,1.97145,0.985,,,
0.8981,,,,3.1010000000000004,,,
1.6312,2.238,,,1.399,,,
2.201,,,,2.275,,,
4.1141000000000005,,,,3.895,,,
1.4657999999999998,,,,2.245,,,
1.8637,,,,1.489,,,
5.4771,,,,5.912000000000001,,,
3.0793,,,,2.7310000000000003,,,
1.3630000000000004,,1.3751,2.76663,0.9259999999999999,,,
2.7366,,,,3.248,,,
5.6518,,,,5.223,,,
2.8382999999999994,,,,2.67,,,
2.5052000000000003,,,,2.4930000000000003,,,
1.3019999999999998,,1.2955,2.6593299999999997,1.042,,,
3.9538,,,,3.76,,,
1.4569000000000003,,,,1.743,,,
5.3103,,,,5.809,,,
2.707,2.76,,,3.073,,,
3.6839,,,,2.7310000000000003,,,
1.5791,,,,2.18,,,
2.4896,1.227,,,2.802,,,
2.1397,2.17,,,2.7689999999999997,,,
1.1896000000000004,0.869000000000001,,,2.386,,,
4.246499999999998,,,,4.462,,,
3.7883,,,,3.792,,,
4.1975,,,,2.8339999999999996,,,
0.8722000000000003,,,,0.785,,,
2.0461,,,,1.3459999999999999,,,
3.2147,,,,2.872,,,
1.9963,1.9140000000000001,,,1.555,,,
2.2712,,,,2.294,,,
2.9251,,,,2.476,,,
4.0775000000000015,,,,3.967,,,
2.4902999999999995,,,,2.8930000000000002,,,
6.1955,7.1579999999999995,,,6.023,,,
5.9683,6.915,,,5.132999999999999,,,
0.4569000000000001,0.569,,,0.43,,,
2.2121000000000004,2.102,1.9486,3.53971,1.5819999999999999,2.8512,1.9689,3.6
2.9057000000000004,3.1189999999999998,,,3.4219999999999997,,,
4.638,5.3,4.4696,6.93802,3.616,6.8046,5.1301,7.4
5.7554,,,,5.1739999999999995,,,
0.6628999999999996,0.515000000000001,,,0.9740000000000001,,,
1.6193,2.115,,,1.214,,,
1.5633999999999997,2.2769999999999997,,,1.156,,,
0.7596000000000007,0.57,0.5487,1.65265,0.634,1.4582,0.8253,
1.369,0.557,1.3985,2.79818,1.4140000000000001,2.0845,1.1272,
3.0593999999999992,3.637,,,2.9789999999999996,,,
0.9778000000000002,1.5619999999999998,,,,2.7082,1.2141,
0.4512999999999998,0.622999999999999,,,,,,3.93
2.5473000000000003,,,,2.343,4.2799,2.782,5.6
3.5792,3.57,3.3871,5.47881,3.173,5.064,3.5821,
2.3181000000000003,2.4619999999999997,2.3161,4.0351,1.578,3.4939999999999998,2.4947,4.7
3.9894,4.125,,,4.0089999999999995,5.6709,4.0962,
2.9642,2.951,2.7703,4.64736,2.926,4.2555,2.9453,
0.4344999999999999,,,,,1.0753,0.6657,3.31
1.1079999999999999,,,,2.728,,,
3.1474,3.772,,,3.0260000000000002,4.4228,3.4292,
2.2561,2.1109999999999998,2.0909,3.7315300000000002,2.177,3.4113,2.0482,5.13
3.0003,,2.8477,4.7517,3.043,4.6769,3.06,
0.6537000000000002,,0.669,1.8148099999999998,0.737,,,
0.8732000000000002,0.47700000000000004,,1.3413899999999999,,0.7914,,
1.2008,,,,0.9279999999999999,1.5566,,
3.549,3.9819999999999998,3.4902,5.61779,3.362,,,
1.0119000000000002,,0.9784,2.23188,0.9640000000000001,2.2888,0.8981,
3.0493,2.955,,,2.915,,,
2.1362,2.164,2.0765,3.7121199999999996,2.205,2.8824,2.1369,4.87
2.5534000000000003,2.528,,,2.8169999999999997,2.8447,2.5665,
2.2783999999999995,,,,1.8940000000000001,,,
1.1372000000000004,,1.1035,2.40052,1.021,,,
1.3304,,,,1.198,,,
1.5760999999999998,1.079,1.5521,3.00523,,2.1175,1.2286,
0.7909999999999999,0.925,0.7627,1.9411200000000002,0.72,,,
2.1295999999999995,,,,2.572,,,
0.5996000000000001,,,,0.648,,,
0.8526999999999996,0.773000000000001,0.61,1.73528,0.478,1.2764,0.7314,
2.2091000000000003,2.249,2.1518,3.8136300000000003,1.922,3.2256,2.1484,3.88
4.6792,,,,4.59,,,
4.4546,,,,4.463,,,
5.6346,,,,5.192,,,
0.8572000000000006,,,,0.6459999999999999,,,
3.4391,,,,3.363,,,
1.6041,1.6440000000000001,1.5374,2.98542,1.341,2.0607,1.5590000000000002,4.07
0.9777000000000003,0.958,1.7380000000000002,3.25582,1.608,,,
2.4382,2.388,,,2.7960000000000003,,,
2.0348,2.377,,,2.395,,,
0.6109,,,1.27615,,,,
3.2962,3.843,,,3.0810000000000004,4.1734,3.4518,0.56
2.1928,2.209,,,1.8230000000000002,2.9694,2.2434,
3.14,2.884,,,3.0439999999999996,3.5611,2.7267,
0.7020999999999997,0.5670000000000001,0.5324,1.63068,0.732,,,
1.4176000000000002,,1.0335,2.3061599999999998,0.987,1.3226,0.9063,
0.5139000000000005,0.573,0.4507,1.52054,0.431,1.1059999999999999,,
0.8567,,,,0.871,,,
0.7243999999999993,0.914,,,0.728,,,
0.7418000000000005,,,,0.79,,,
2.5596,2.4,2.384,4.1266300000000005,2.345,3.2680000000000002,2.3466,5.38
3.0276999999999994,3.1919999999999997,,,3.028,,,
3.4731999999999994,,,,3.63,,,
0.5570000000000004,0.40299999999999997,,,,0.7417,,
3.5646,3.412,,,3.286,,,
1.7730000000000006,,,1.13434,0.532,0.5114,,
2.3816,,,,2.3680000000000003,,,
0.6512999999999991,0.914,,,0.728,,,
0.6975999999999996,0.7659999999999999,0.9794,2.23323,0.9440000000000001,,,
2.7369000000000003,,,,2.241,,,
5.7239,,,,5.4910000000000005,,,
1.0325000000000002,1.175,,,0.9590000000000001,,,
1.6791,1.681,1.6104,3.0838200000000002,1.8719999999999999,3.0936,1.7911,
1.3900000000000006,1.364,,,1.8430000000000002,,,
3.1337,3.335,,,3.2110000000000003,,,
2.311,2.3209999999999997,,,2.29,,,
3.6032,3.627,,,3.083,5.5408,3.4246,
4.7098,,,,4.333,,,
4.9331999999999985,5.1,,,4.315,,,
4.6319,5.093,,,3.9789999999999996,,,
0.9429000000000004,0.862,,,1.83,,,
2.2055,2.719,,,1.834,,,
3.4974,,3.4124,5.512919999999999,3.238,,,
4.3789,5.136,,,4.276,,,
0.4539999999999997,,,1.33209,0.409,,,
3.8374000000000006,3.486,,,3.554,,,
2.0962000000000005,,,,2.02,,,
5.7313,5.455,,,5.597,,,
3.0235,2.938,,,2.905,,,
1.1252,,,,1.162,,,
1.5109000000000004,1.167,,,1.115,1.4356,1.046,
4.5847,5.221,,,4.648,,,
5.6611,6.051,,,5.388,,,
1.077,0.8140000000000001,,,1.7,,,
4.3777,4.994,,,4.47,,,
1.2916,,1.2679,2.62213,1.315,,,
3.8435,,,,3.3789999999999996,,,
3.2813000000000003,3.2889999999999997,,,3.2569999999999997,,,
2.2882,2.213,,,2.634,2.6529,2.2539,
2.1331,3.0460000000000003,,,2.271,,,
3.7306,4.355,,,3.3939999999999997,,,
4.48,5.284,,,4.059,,,
2.9810000000000003,3.0210000000000004,2.9252,4.85617,2.883,,,
4.2089,4.629,4.2273,6.6114,4.1930000000000005,5.9035,4.3149,
3.0494,3.207,,,3.216,,,
0.9549000000000004,,,,,0.4947,,1.3
3.2937000000000003,3.0810000000000004,,,3.177,,,
1.3385,,,,1.225,,,
3.6069999999999998,,,,3.588,,,
1.2807,,,,1.25,,,
2.3708000000000005,2.086,,,2.467,2.7356,2.1361,
0.6623999999999999,,,1.0137,,,,
3.8445,3.674,,,3.3680000000000003,4.2734,3.7036,
3.2655,2.9810000000000003,,,3.08,,,
1.6488,,1.3372,2.71555,,,,
1.3262,,,,,,,
3.695300000000001,3.4,,,3.158,,,
3.7025,3.359,,,3.3480000000000003,4.1778,0.6582,
3.2219000000000007,2.97,,,3.108,,,
2.3488,2.219,1.9613,3.55683,1.776,,,
2.2698,,,,2.423,2.7915,2.0977,
3.1998,,,,2.97,,,
3.2406,,,,3.02,,,
3.2494,2.985,,,2.998,,,
0.5751999999999997,,,1.11978,,0.6165,,
1.5648,2.238,,,1.2790000000000001,,,
3.7851,3.577,3.6112,5.7809,3.5389999999999997,,,
4.8845,4.7330000000000005,,,3.468,,,
3.3974,3.235,,,3.0660000000000003,,,
2.5556,2.4130000000000003,,,2.449,,,
2.4385,2.51,,,2.5340000000000003,2.5216,2.2279,
1.5421,1.4709999999999999,1.4432,2.85843,1.413,,,
2.0357000000000003,1.79,,,1.9869999999999999,,,
4.6819999999999995,4.546,,,3.763,,,
3.2037000000000004,3.0669999999999997,,,2.9419999999999997,,,
2.3714,2.366,2.3609,4.09549,2.366,2.5913,2.1614,
0.4790999999999999,,0.8634,2.07686,0.8440000000000001,0.6432,,
4.0973,,3.9462,6.232480000000001,3.341,,,
3.4564,2.918,,,3.036,,,
3.7298,3.464,,,3.39,,,
3.5007,3.312,3.3543,5.4346,3.367,,,
1.1799,0.784,,,0.7709999999999999,,,2.8
2.2862000000000005,,2.117,3.76672,2.5639999999999996,2.7341,2.1481,
3.4359,3.1260000000000003,,,3.0580000000000003,,,
4.3504,4.008,,,3.63,,,
1.1508,0.755,,,0.762,1.5743,0.4901,
2.81,,,,2.687,,,
1.4886999999999997,1.4469999999999998,,,1.526,2.7189,1.5845,
2.0435000000000003,,1.7634,3.29006,1.091,2.3095,1.7718,3.77
1.0581999999999994,0.966,,,,1.4049,1.1187,
1.7600999999999996,1.5719999999999998,,,2.046,1.6989,1.6702,
0.6311,0.976,,,1.8030000000000002,2.3631,0.8717,3.31
3.3407000000000004,2.9360000000000004,,,3.378,4.868,3.4184,
1.7743000000000002,1.085,,,1.32,2.3864,1.4719,
3.0007,2.552,,,2.66,,,
6.6402,7.085,6.6116,9.825439999999999,6.6160000000000005,9.685,6.931,
1.0878999999999994,,,,1.203,,,
0.9343000000000004,1.1520000000000001,,,1.561,,,
1.2806000000000002,1.6019999999999999,,,1.016,,,
2.8636,,,,2.74,,,
1.2470999999999997,1.3730000000000002,,,1.092,,,
0.7472000000000003,,,,,,,
0.6821999999999989,0.772,1.2768,2.63413,1.194,1.112,,
0.7941000000000003,1.194,,,0.879,,,
3.6548,4.013999999999999,,,3.659,,,
2.0181,1.796,1.8295,3.37917,1.761,,,
2.8941000000000003,2.9810000000000003,,,2.7889999999999997,4.2328,3.0523,
2.2292000000000005,1.956,,,2.169,3.3896,2.2918,
1.8508000000000004,1.645,,,1.4069999999999998,2.4735,1.4294,
0.6296999999999997,,,,0.428,1.0596,0.5316,
2.0278,1.786,,,1.565,2.6035,1.5196,
2.9793000000000003,2.498,,,2.705,,,
3.2251000000000003,3.613,,,3.24,5.1677,3.4767,
2.2370000000000005,2.068,,,2.612,,,
0.9925999999999996,0.691,0.4655,1.54049,,1.2978,,
2.2799000000000005,2.6039999999999996,,,2.115,,,
0.5723999999999996,0.723,0.4732,1.55087,0.441,,,
0.5230999999999995,,,,,,,
1.1772999999999998,1.227,,,1.1909999999999998,,,
3.3214,2.935,,,3.2680000000000002,,,
0.6097999999999999,,,,,0.9246,,
3.1566,,,,2.9610000000000003,,,
1.0782000000000005,1.45,,,1.204,2.2333,1.0565,2.29
2.6294,,,,2.842,,,
3.4725000000000006,,,,2.841,,,
3.0002,,,,2.74,,,
0.9081,,,1.45018,,0.9619,0.4391,
2.9588,2.785,,,2.759,,,
2.987,2.8489999999999998,,,2.8739999999999997,,,
1.4886000000000004,1.44,1.4281,2.8380799999999997,1.355,,,
2.9475,2.189,,,2.5789999999999997,,,
0.5494000000000003,0.654999999999999,,,0.594,,,
1.0501,1.084,,,,2.5564,1.078,3.31
3.2607,3.5389999999999997,3.1341,5.13777,2.719,5.45,3.2449,
1.1111000000000004,0.907,,,0.802,,,
3.5558,3.264,3.424,5.52855,3.346,3.2103,2.8719,
1.9680000000000002,,0.8486,2.05691,1.642,,,
3.1955,3.195,,,2.8739999999999997,,,
1.9222,1.411,,,2.0869999999999997,,,
1.5656999999999996,1.393,,,1.2329999999999999,1.514,0.7182,
3.6169,,,,2.5669999999999997,,,
1.237,1.2409999999999999,,1.01545,1.256,,,
2.08,,,,1.9580000000000002,,,
2.7053000000000003,2.59,,,2.39,3.5811,2.5393,
2.9131,2.5380000000000003,,,2.792,,,
0.4573,0.49900000000000105,2.0165,3.63124,1.824,0.4701,,
1.1538000000000004,1.327,,,1.155,,,
3.0994,,,,2.6460000000000004,,,
2.716,,,,2.778,,,
2.8117,2.283,,,3.162,3.8706,2.8558,
1.6197,1.555,1.3677,2.7566599999999997,1.3019999999999998,2.4073,1.4624,
2.778500000000001,,2.4528,4.21937,3.182,3.3186,2.7427,
3.4487,3.363,,,2.905,4.9578,3.4051,5.77
0.5819999999999999,,,1.26213,,,,
1.5112,,,,1.7630000000000001,2.6210000000000004,1.4436,
0.6209000000000007,0.620000000000001,,,0.7020000000000001,0.5494,,
3.1536,,,,3.213,,,
1.5874,1.128,1.5319,2.978,1.4880000000000002,,,
1.3007,1.584,,,1.921,,,
3.889,,,,3.7030000000000003,4.6002,4.0296,
3.8015,4.021,3.7283,5.93875,3.708,5.4065,3.931,
1.7263000000000002,0.894,0.7816,1.9666,0.8759999999999999,1.1754,0.7679,3.4
1.5092,1.117,1.1052,2.4028099999999997,1.107,1.7275,1.1002,
3.6919,3.687,3.6357,5.8139199999999995,3.4419999999999997,5.29,3.7422,7.0
0.6197999999999997,0.508,,1.41041,,,,0.84
1.7674,1.8780000000000001,,,1.912,3.0531,1.7961,
1.4677999999999995,1.494,0.7442,1.91618,0.997,,,
1.7719,1.794,,,1.9040000000000001,2.0697,1.7688,
0.8203000000000005,,,,,,,0.91
2.9058,3.1519999999999997,,,2.95,4.2485,3.1004,
4.3193,,4.3155,6.730289999999999,3.9960000000000004,,,
1.8269999999999995,,,,2.177,2.5398,1.9079,
3.4455,,,,3.37,,,
3.0247,2.753,,,2.8680000000000003,,,
2.8949,3.0460000000000003,,,2.807,4.6383,3.0414,
1.949,2.011,,,1.8230000000000002,,,
2.4589,1.629,,,2.449,,,
1.8174999999999997,1.5090000000000001,,,1.6469999999999998,,,
2.2914000000000003,2.414,,,1.919,3.1237,2.2397,4.42
3.6743,,3.5087,5.64273,3.4739999999999998,,,
3.132000000000001,,,,3.122,,,
2.6228,,,,3.0239999999999996,,,
1.3520999999999992,1.443,,,1.3419999999999999,,,
2.8128000000000006,2.964,,,2.7489999999999997,,,
2.6958,2.563,2.4978,4.28003,2.472,3.227,2.2812,
2.3470000000000004,,,,2.6210000000000004,,,
3.478800000000001,,,,3.4619999999999997,,,
3.9783,4.227,,,3.395,4.7484,4.1427,
3.5083999999999995,,,,3.403,,,
3.2217,,,,3.062,,,
1.4648999999999996,1.285,1.2194,2.55675,1.07,1.3371,0.9224,
2.7097000000000007,2.6289999999999996,,,3.074,3.2235,2.7282,
1.8242000000000005,2.318,1.7442,3.26418,1.9240000000000002,,,
3.3435,3.435,,,3.465,,,
3.1711000000000005,3.037,,,2.8960000000000004,,,
3.4384999999999994,,,,3.533,,,
3.4468,,,,3.383,,,
3.5401,3.843,,,3.813,4.2132,3.6218,
3.8086,4.063,,,3.772,,,
1.9992,,,,2.509,,,
4.6791,,,,4.231,,,
1.5195,,,,1.62,,,
2.1848,2.3040000000000003,2.1630000000000003,3.8287199999999997,2.194,,,
1.7637,2.262,,,1.291,,,
1.6965,1.663,,,1.7,2.4086,1.7412,
0.4714,0.42399999999999893,0.8985,2.12418,0.856,,,
5.1786,5.096,,,4.574,,,
1.0787,0.987,,,1.814,,,
0.8845000000000001,0.9570000000000001,1.0816,2.371,0.9540000000000001,1.1096,0.9689,
2.5899,,,,3.16,,,
2.6511,,,,2.792,,,
4.5120000000000005,,,,4.583,,,
4.514799999999998,,,,4.6339999999999995,,,
0.6524999999999999,,,,,,,
0.4663000000000004,,,,,,,
2.4592,2.221,,,2.657,,,
2.8677,,2.8043,4.6932,2.81,,,
1.1963000000000004,1.089,1.2835,2.64316,1.3219999999999998,,,
2.5353000000000003,,,,2.7230000000000003,,,
2.6333,2.8710000000000004,,,2.5660000000000003,4.3816,2.7929,
0.5213000000000001,,,,0.7879999999999999,,,
3.2111,3.03,,,3.123,,,
4.793,5.475,,,4.685,,,
2.6435000000000004,2.677,,,2.515,3.3948,2.7497,
1.7080000000000002,1.636,,,1.79,1.7994,1.6019999999999999,
1.9393,,,,2.029,,,
2.9347000000000003,,,,2.944,,,
1.7252,1.685,,,2.2880000000000003,2.0125,1.7638,
3.2021,,,,3.005,,,
1.761,,1.7013,3.20635,1.945,,,
0.8690000000000002,,,,,,,
2.6601000000000004,2.7289999999999996,2.5632,4.36819,2.9930000000000003,3.8676,2.6673,
4.7917000000000005,5.117,,,4.306,,,
2.499000000000001,3.238,,,2.8989999999999996,4.41,2.7341,
3.4111,3.7119999999999997,,,3.3280000000000003,,,
5.684,6.256,,,5.565,8.4217,5.8332,
0.8310000000000004,0.8500000000000011,,,,,,
0.6551999999999998,0.425,,,0.956,,,
0.5773000000000001,0.433,,,0.705,,,
3.3639,,,,4.218999999999999,,,
2.6914,2.22,,,3.077,,,
3.2862,3.286,,,2.978,4.3036,3.1118,
1.7862999999999998,1.943,,,2.459,,,
1.0762,,,,1.198,,,
5.9709,6.763999999999999,,,5.992000000000001,,,
2.7312,2.707,,,2.912,,,
4.2776999999999985,4.309,,,4.72,6.1464,4.3802,
2.5217,2.66,,,2.126,,,
1.2338,,,,0.883,,,
5.787000000000001,,,,5.845,,,
4.6043,4.868,,,4.276,7.5763,4.5619,
3.5794,3.553,,,3.1489999999999996,4.1359,3.4466,
1.8757999999999997,1.841,,,2.452,,,
2.4906,2.971,,,1.919,,,
2.6767000000000003,3.155,,,1.923,4.1217,2.8677,
4.1772,4.425,,,4.105,,,
3.5254000000000003,,,,3.489,5.3764,4.1227,
3.9381999999999993,4.383,,,3.708,,,
3.7241,3.705,,,3.819,5.0513,3.7510000000000003,
4.1439,4.416,,,2.9560000000000004,,,
2.246900000000001,2.26,,,2.737,2.8175,2.3087,
4.6484,,,,4.718999999999999,,,
4.0543999999999984,4.615,,,3.977,,,
3.3810000000000002,3.157,,,3.418,,,
2.4206000000000003,2.755,,,2.2880000000000003,2.9349,2.448,
4.0684,4.29,4.0163,6.326969999999999,4.01,5.6636,4.1231,
5.4544,6.276,,,5.3870000000000005,7.2393,6.0322,
3.4208,,,,3.5039999999999996,,,
2.4488,,2.4243,4.18096,2.6210000000000004,4.3508,2.6178,
4.0567,4.29,,,3.898,5.7170000000000005,4.1711,
3.7798,4.279,,,2.784,5.6609,3.9079,
3.5165000000000006,3.497,,,3.4139999999999997,4.0159,3.5152,
2.7564,3.115,,,3.359,,,
0.6621000000000001,0.79,,,0.981,,,
4.4424,4.494,,,4.493,,,
3.4102,3.3169999999999997,,,3.083,3.8412,3.2505,
3.0544,,3.0076,4.96724,2.9330000000000003,,,
2.0625,1.955,,,2.319,2.4742,2.0233,
3.0801,3.395,,,3.33,5.2151,3.2819,
4.4312,4.939,,,4.118,,,
1.8594000000000004,1.8459999999999999,,,2.61,,,
5.050000000000002,,,,4.946000000000001,6.9049,5.1687,
4.8291,5.081,,,4.409,,,
2.3053,2.397,,,2.783,,,
3.5358,3.86,,,3.657,5.1625,3.7614,
4.6781,5.292999999999999,,,3.971,,,
2.9225,3.1639999999999997,,,2.145,,,
2.2892,,,,2.719,,,
2.2503,2.7939999999999996,,,2.3,3.5455,2.3175,
2.7107,3.405,2.6586,4.49679,2.667,,,
3.1001,3.313,,,2.461,,,
2.2317,2.056,,,2.85,2.5985,2.2329,
4.5343,,,,4.907,6.5102,4.9226,
3.5636,4.048,,,3.906,,,
3.6257,3.822,,,3.525,,,
4.6321,5.249,,,4.7010000000000005,6.4719,5.2622,
6.2142,6.327000000000001,,,4.893,,,
4.733600000000001,5.553999999999999,,,4.495,,,
4.8628,,,,4.489,,,
2.3514000000000004,2.872,,,1.849,,,
4.2006999999999985,4.592,,,4.052,,,
3.7808,3.969,,,3.67,5.4374,3.8856,
3.826000000000001,4.2219999999999995,,,3.718,,,
2.9034000000000004,,,,2.861,,,
2.3198,2.503,,,2.315,,,
2.2921,2.22,,,2.436,,,
5.3062999999999985,5.601,,,4.868,,,
4.1878,4.176,,,4.327,,,
1.0753,0.7490000000000001,,,1.85,,,
1.8583000000000005,1.929,,,2.379,2.3688,1.9061,
3.9551,4.168,,,4.051,,,
3.4758,3.641,,,3.7960000000000003,,,
3.3394999999999992,,3.3412,5.41694,2.721,4.7622,3.7645,
1.9072,1.906,1.1859,2.51159,1.1059999999999999,3.0346,1.3661,
2.7198,3.03,,,2.3169999999999997,4.6613,2.8916,
3.6731,,,,3.339,,,
1.3667999999999996,1.199,,,1.5330000000000001,1.4503,1.3585,
2.5362,2.8739999999999997,,,2.8930000000000002,,,
4.4579,4.815,,,4.052,5.1919,4.7008,
2.7164999999999995,3.158,,,2.099,,,
5.5435,6.1129999999999995,,,5.56,8.3629,6.1132,
4.6064,4.978,,,4.556,6.997000000000001,4.9585,
3.4006,3.043,,,2.9330000000000003,,,
1.9906,1.7919999999999998,,,2.394,,,
2.6705,2.492,,,3.048,,,
1.6936999999999998,1.371,,,1.524,2.0728,1.2938,
2.1705,,,,2.08,,,
2.4004,2.424,,,2.6260000000000003,,,
4.3553,4.592,,,3.6860000000000004,,,
3.0700000000000003,2.705,,,2.074,,,
2.5697,,,,2.589,,,
3.5786,3.2939999999999996,,,3.263,,,
2.5789,2.687,,,2.622,,,
2.3239,,,,1.84,,,
2.4485,,,,2.45,,,
3.4174999999999995,3.154,,,3.365,,,
3.5595,3.802,,,3.417,4.3225,3.7353,
3.8672,4.605,,,3.7119999999999997,5.4397,4.216,
0.8456000000000001,,0.9046,2.1324,0.736,,,
3.1226000000000003,3.0469999999999997,,,3.11,3.7728,3.1713,
2.858,3.0180000000000002,,,2.2640000000000002,,,
1.3895,,,,1.42,,,
3.8233,4.553,,,4.479,,,
1.7232999999999996,1.3940000000000001,,,1.185,,,
2.7279,,,,2.832,,,
4.7498,5.242999999999999,,,4.62,,,
1.8274,1.8869999999999998,,,2.301,2.3022,1.8143,
3.28,,,,2.154,4.5617,3.4657,
5.9247,6.672000000000001,,,5.5520000000000005,,,
3.9446,4.086,,,3.972,,,
4.9978,5.27,,,4.361000000000001,7.1473,5.2235,
4.687299999999999,4.746,,,4.466,,,
3.5077000000000003,,,,4.544,,,
1.4382,,1.4079,2.81085,1.389,,,
2.7904,3.335,,,2.568,,,
1.5002999999999995,1.187,,,0.866,,,
2.5615,2.6069999999999998,2.498,4.2803,2.513,,,
3.2991,3.265,,,2.818,3.5597,3.153,
2.2977000000000003,2.299,2.2385,3.9305,2.342,,,
3.4089,,,,4.738,,,
3.5209,,,,2.721,,,
2.9754,,,,3.1,,,
1.3728,1.159,1.7334,3.24962,1.3219999999999998,,,
1.9632000000000005,,,,1.844,,,
1.8821,2.126,,,2.016,,,
3.5381,4.223,,,3.1060000000000003,,,
3.2635,3.4530000000000003,,,3.199,,,
1.5816,1.276,1.7792,3.3113599999999996,1.413,2.1632,1.2325,
1.4032,,0.7002,1.85687,1.4140000000000001,1.9829,1.1229,
2.3096999999999994,2.314,,,3.072,,,
2.6316999999999995,,,,2.977,,,
5.511,,,,4.787,,,
3.6839,,,,3.358,,,
2.7752,,,,2.7569999999999997,,,
4.1877,3.718,,,3.59,,,
2.6636000000000006,3.0980000000000003,,,3.333,,,
3.0439000000000003,,,,2.804,,,
2.8464,2.637,,,2.785,,,
1.0809,0.835,,,1.909,,,
0.4724999999999997,0.44799999999999995,,,3.9160000000000004,,,
3.12,3.4810000000000003,3.1113,5.10703,3.175,,,
4.0569000000000015,3.717,3.9725,6.267930000000001,4.056,,,
1.1925,0.948,,,0.9079999999999999,,,
4.8353,5.004,,,5.212000000000001,,,
4.2721,5.197,,,4.181,,,
0.4268000000000001,,,,0.899,,,
0.7358000000000002,,,,0.7240000000000001,1.0441,,
5.1935,6.914,,,4.748,,,
0.7734000000000003,,,,1.882,,,
5.851,6.268,,,4.205,,,
1.0309999999999997,1.719,,,,2.9594,1.2637,
2.3971,1.915,,,2.377,2.6221,2.3578,
5.7446,5.902,,,4.869,7.4408,5.882999999999999,
2.2367,2.431,,,2.39,,,
3.3865000000000003,3.161,,,2.975,,,
4.1802,4.22,,,3.741,6.0176,4.23,
0.8226999999999993,,,,,2.3930000000000002,0.8947,
4.3979,4.541,,,4.448,,,
3.0122,3.58,,,2.891,4.2886,3.2554,
3.9119999999999986,,3.8043,6.0412,3.7939999999999996,5.7983,4.0368,5.55
3.6764,4.003,,,3.759,,,
1.9442,2.137,,,2.533,,,
3.4210000000000003,3.03,,,3.324,3.8285,3.4833,
2.6967000000000003,,,,2.574,,,
4.718299999999998,,,,4.563,6.4372,4.7816,
1.3406,,,,1.149,,,
5.6413,,,,5.4079999999999995,,,
5.7587,,,,5.577999999999999,,,
3.7719,,,,4.823,5.8526,4.1107,
3.804,3.406,,,2.872,,,
5.7147,6.071000000000001,,,5.3629999999999995,8.6578,5.7402,
0.5867,0.591,,,0.7709999999999999,,,
5.7620000000000005,5.784,,,5.597,,,
3.8367,,,,3.258,,,
5.4439,,,,5.584,,,
5.617800000000001,,,,5.38,,,
2.6944,2.738,,,2.736,3.0423,2.6815,
4.1542,,,,4.5,6.5565,4.6537,
0.8752,1.794,,,1.06,,,
0.5029000000000001,,,,,,,
5.4402,5.646,,,5.11,,,
2.5121,,,,3.094,,,
4.6846,,,,4.268,,,
4.5935000000000015,5.256,,,4.526,6.9045,5.0171,
4.8008,5.045,,,4.882,7.609,4.9032,
2.4968000000000004,,,,2.611,,,
5.7065,,,,5.577999999999999,,,
0.7300999999999997,,,,1.145,,,
2.9723,2.615,,,2.455,,,
5.615399999999998,,,,5.8660000000000005,,,
2.4251,1.921,,,2.438,,,
3.3417000000000003,,,,3.123,,,
4.089499999999999,,,,4.3580000000000005,,,
2.1074,2.1719999999999997,,,2.539,,,
3.8943,3.877,,,3.875,,,
5.6905,,,,5.122999999999999,,,
1.2547,1.6569999999999998,,,1.204,,,
1.6031999999999995,,,,3.492,,,
5.5941,,,,5.183,8.4749,5.7474,
0.8470999999999993,1.599,,,,,,
4.3008,,,,4.302,,,
3.5385,3.7560000000000002,,,3.656,,,
5.5742,,,,5.395,,,
4.331,,,,5.1370000000000005,,,
5.6138,6.15,,,5.837999999999999,,,
4.6012,5.154,,,4.667,,,
3.0896000000000003,3.7889999999999997,,,2.2969999999999997,,,
4.331099999999998,,,,3.93,,,
5.484,,,,5.459,,,
3.0107,3.34,,,2.862,,,
5.5882,6.327000000000001,,,4.8919999999999995,7.9695,5.9529,
2.3159,1.8769999999999998,2.3659,4.1022300000000005,1.8969999999999998,2.9665,1.9580000000000002,
0.6919999999999997,,,,1.61,,,
5.7384,,,,5.707000000000001,,,
1.2343,,,,0.616,,,
2.5405,2.28,,,2.27,,,
5.3454,,,,5.242999999999999,,,
1.8543,,,,2.494,,,
2.16,2.397,,,2.74,,,
3.1676,,,,3.162,,,
6.6883,7.17,6.598,9.8071,6.52,,,
6.180999999999999,,,,5.675,,,
4.3966,,,,4.115,,,
2.6817,3.148,,,3.303,,,
5.0086,4.583,,,4.515,,,
3.5943,,,,4.266,,,
5.72,,,,5.526,,,
2.3376,2.03,,,2.386,,,
2.1916999999999995,,,,1.865,,,
1.1839000000000004,1.079,1.022,2.29066,1.206,,,
0.5669999999999997,,,,1.13,,,
5.5652,,,,4.35,,,
4.143000000000002,4.198,,,4.265,,,
4.0501000000000005,4.585,,,4.148,,,
5.7197,,,,5.127999999999999,,,
4.5414,4.941,,,4.47,,,
0.4481999999999999,,,,0.982,,,
5.6951,,,,5.735,,,
5.6055,,,,5.124,,,
2.5946,3.3819999999999997,,,2.1319999999999997,,,
4.6934000000000005,,,,4.495,,,
3.1688,,,,3.4360000000000004,,,
2.6199000000000003,,,,2.5140000000000002,,,
3.0808,2.9930000000000003,,,2.983,,,
4.5145,,,,4.99,,,
5.6699,,,,5.353,,,
3.8758,,,,4.696000000000001,,,
4.4451,,,,4.232,,,
5.4877,,,,5.563,,,
5.3976,,,,4.644,,,
2.1584,,,,2.7,,,
2.8956,3.03,,,2.799,4.6377,3.0409,
1.7499000000000002,,,,1.985,,,
2.5364000000000004,2.945,,,2.432,,,
5.6788,,,,5.851,,,
2.0748999999999995,1.794,1.4742,2.90022,1.9880000000000002,,,
0.7751999999999999,,,,1.051,,,
2.4835000000000003,,,,2.309,,,
5.8781,,,,5.07,8.0184,5.6727,
3.3637000000000006,3.5660000000000003,,,3.4010000000000002,,,
5.5535999999999985,,,,5.517,,,
5.19,5.585,,,5.012,7.4339,5.4731,
2.1919,1.952,2.1955,3.8725300000000002,2.4219999999999997,,,
5.522,5.945,,,5.266,,,
2.4459999999999997,2.117,2.4698,4.242290000000001,2.373,,,
2.5163,2.185,2.545,4.34366,2.533,,,
5.6144,6.183,,,5.622000000000001,,,
2.4546,,,,3.0210000000000004,,,
2.4115,,,,2.4530000000000003,,,
3.5613,,,,3.1489999999999996,,,
2.281,,,,3.362,,,
1.0636,,,,4.406000000000001,,,
5.6449,6.108,,,4.769,8.5298,5.8716,
1.9429,,,,2.603,,,
5.718299999999998,,,,5.349,,,
5.6497,,,,5.077,,,
5.5246,,,,5.542999999999999,,,
4.263400000000002,4.327,,,3.6289999999999996,6.0164,4.3574,
2.4783,2.115,2.4303,4.18904,2.439,,,
5.671,,,,5.347,,,
3.8232,,,,4.45,,,
2.353,2.762,,,3.298,,,
5.6221,,,,5.825,,,
2.0811,1.732,,,2.269,,,
2.8063,2.5269999999999997,,,3.01,,,
1.3175,,,,1.8619999999999999,2.5078,1.359,
4.4454,,4.4459,6.90607,3.978,,,
2.4414,,,,2.4019999999999997,,,
5.3291,,,,5.247999999999999,,,
5.8698,,,,5.8229999999999995,,,
4.8814,5.531000000000001,,,4.55,,,
5.4407,,,,4.456,,,
5.587000000000001,,,,5.441,,,
3.5917000000000003,,,,2.7430000000000003,,,
5.5128,,,,5.468999999999999,,,
3.6236,,,,3.322,5.8455,3.7513,
1.1823,1.45,,,1.22,,,
5.5665,,,,5.718,,,
4.130800000000002,,,,4.045,,,
3.1395,,,,3.346,,,
2.0169,1.824,,,3.58,,,
5.5113,,,,4.5280000000000005,,,
5.6397,,,,5.841,,,
1.3299999999999996,,1.6148,3.08975,1.555,,,
4.0028000000000015,4.485,,,4.164,,,
2.4026000000000005,2.189,,,2.1430000000000002,,,
5.2816,,,,5.336,6.609,5.8325,
1.8745,,,,2.175,,,
0.5511999999999997,,,,0.932,,,
3.1571,2.679,,,2.9930000000000003,,,
5.6641,6.07,,,5.109,,,
2.0588,1.956,,,2.326,,,
4.5333,,,,5.638999999999999,,,
2.2881000000000005,,,,2.897,,,
5.6491,,,,5.346,,,
2.5396,2.27,,,2.322,,,
4.6043,,,,4.556,,,
5.4972,5.825,,,5.197,8.5061,5.5433,
1.256,1.198,,,1.165,,,
3.8466,,,,3.7460000000000004,,,
2.9556,2.81,,,2.74,,,
3.0635000000000003,3.0010000000000003,2.8272,4.724069999999999,2.842,,,
3.6377,3.5989999999999998,,,3.8989999999999996,3.7268,3.6298,
1.6948,,,,2.365,,,
5.6598,,,,5.212000000000001,,,
5.3664000000000005,5.817,,,5.3389999999999995,,,
5.6659000000000015,,,,5.473,,,
5.6637,,,,5.369,,,
3.2398,3.109,,,3.448,4.3399,3.2696,
5.8254,6.206,,,5.099,8.8854,5.6771,
3.6781,,,,5.928999999999999,,,
0.7974999999999994,,,,0.708,1.1552,,
5.7101,5.966,,,5.457999999999999,,,
1.8991,,,,2.628,,,
3.0527,3.2030000000000003,,,3.0869999999999997,,,
6.106,,,,5.47,,,
4.5099,4.532,,,4.788,7.6286,4.5623,
5.6301000000000005,6.011,,,5.432,,,
5.5033,5.742000000000001,,,5.343,9.4418,5.4921,
2.8768,2.9560000000000004,,,2.717,,,
5.6815,,,,5.886,,,
5.7315000000000005,,,,5.903,,,
3.2536,,,,2.9530000000000003,,,
5.6043,5.955,,,5.421,,,
5.6417,,,,5.029,,,
5.4814,,,,4.606,,,
4.8963,5.235,,,4.428999999999999,,,
5.5749,,,,5.697,,,
4.8746,,,,4.771,,,
2.1082,2.137,1.9928,3.5992900000000003,1.798,2.7847,1.973,
0.5735000000000001,1.206,,,,,,
5.3907,5.551,,,5.446000000000001,,,
2.6998,2.7430000000000003,,,2.9019999999999997,,,
1.3246000000000002,0.652,1.1997,2.5302,1.248,,,
3.6097,,3.57,5.72536,3.446,,,
3.1544,3.398,,,3.562,4.7784,3.3686,
5.632000000000001,,,,5.419,,,
2.7394000000000003,,,,2.7539999999999996,,,
1.7554000000000003,,,,1.3230000000000002,,,
2.4281,2.555,,,2.144,,,
5.4481,,,,5.546,,,
5.4322,5.566,,,4.836,,,
4.9689,5.565,,,5.012,,,
3.7183,4.628,,,3.8689999999999998,5.4384,4.2159,
4.0548,4.762,,,4.115,,,
5.6107999999999985,,,,5.775,,,
5.7712,,,,5.265,,,
4.4821,4.624,,,5.15,7.6177,4.5334,
5.4387,,,,5.131,,,
5.5774,,,,5.688,,,
2.3474000000000004,,,,2.35,,,
4.703,,,,4.415,,,
5.5506,,,,5.834,,,
2.913,2.949,,,2.815,4.6446,3.0407,
5.2410000000000005,,,,5.235,7.9945,5.3249,
1.9961,2.155,,,4.1530000000000005,,,
5.4512,,,,5.051,,,
5.1612,5.375,,,4.967,6.9329,5.3362,
2.7624,,,,3.327,,,
1.2142,1.239,,,1.806,,,
2.4271,2.2880000000000003,2.4952,4.27653,2.415,,,
4.6034,5.246,,,4.3919999999999995,,,
3.8771,,3.9189,6.19568,3.9019999999999997,,,
3.4382999999999995,3.761,,,4.184,5.3568,3.6742,
5.968399999999999,6.792000000000001,,,5.104,,,
5.5872,,,,5.095,9.1437,5.5882,
4.658099999999999,,,,4.709,7.3641,4.8917,
1.7643999999999995,1.972,1.8316,3.3819999999999997,1.8769999999999998,,,
0.4390999999999998,0.706,,,,,,
2.6565000000000003,,,,2.278,,,
4.7454,5.462000000000001,,,4.41,6.8501,5.3256,
3.0746,,,,2.49,,,
0.5789,,,1.1180299999999999,,0.6144,,
2.1817,1.923,,,1.84,2.6056,1.7369999999999999,
0.9080999999999996,,,,1.202,,,
1.6323000000000003,1.6880000000000002,,,1.1740000000000002,,,
2.6904,,,,0.727,,,
1.5470000000000002,,,,1.9180000000000001,,,
4.408299999999999,,4.4355,6.89205,4.041,,,
1.9672,1.5859999999999999,,,1.601,2.6676,1.5392,
1.4092000000000002,,,,1.338,,,
0.4821000000000009,0.5399999999999989,,,0.524,0.6367,,
3.2084,,3.0060000000000002,4.96509,2.9389999999999996,4.0525,3.0909,
1.6545,1.347,1.6158,3.0911,1.6580000000000001,,,
1.98,1.818,,,1.795,3.7283,1.7499,
0.8377999999999997,0.836,,,0.988,,,
0.7311000000000001,,,,1.227,,,
5.4041,,,,4.883,,,
2.6252,,,,2.324,,,
1.6978999999999995,,,,2.0,2.4779,2.0285,
2.2648,2.421,2.2302,3.91931,2.066,,,
4.8811,,,,4.467,,,
0.4316000000000004,0.521,,,0.418,,,
2.3736000000000006,2.4090000000000003,,,2.503,,,
1.8909,1.8619999999999999,,,2.438,2.4057,1.8686,
2.4349,2.1959999999999997,,,2.383,,,
2.168,,,,1.994,,,
4.6994,,,,4.692,,,
3.0050000000000003,3.123,,,2.952,,,
3.8720000000000008,4.027,,,3.438,5.2674,4.0205,
1.9737,,,,2.677,,,
5.906300000000001,6.653,,,4.625,7.8277,6.3883,
1.7260999999999995,1.845,,,2.161,2.1214,1.7534,
5.4426,,,,5.563,,,
5.677300000000002,,,,5.529,,,
5.4721,,,,5.471,,,
1.1197,0.985,,,0.765,1.001,0.7645,
5.3431000000000015,5.067,,,5.007,7.2071,5.5426,
4.5426,5.067,,,4.551,,,
5.1686,4.106,,,5.468999999999999,,,
2.7327,2.818,,,2.687,,,
2.3086,,,,2.945,,,
3.2907999999999995,,,,3.4939999999999998,,,
2.5157000000000003,,,,2.5810000000000004,,,
1.1201999999999996,0.7490000000000001,,,0.968,1.4224,0.8675,
4.5058,4.73,,,4.53,6.8998,4.7869,
2.9707,,,,3.43,,,
4.5245,,4.5299,7.019310000000001,4.475,5.4301,4.9027,
4.427000000000001,,4.4042,6.8498600000000005,4.546,5.2096,4.7379,
2.5877,,,,2.253,,,
5.4702,5.607,,,5.922999999999999,,,
2.0817,2.217,,,2.559,,,
4.3859,,4.3718,6.806189999999999,4.43,5.1718,4.6968,
3.4872,3.5210000000000004,,,3.4789999999999996,,,
1.5068,1.3530000000000002,,,1.943,1.8326,1.5221,
3.3918,,,,4.231,,,
1.3712,2.238,,,1.138,,,
2.8319,,,,2.678,,,
2.1396,2.197,2.1594,3.82387,2.021,,,
4.091900000000001,4.379,,,4.352,,,
3.8808,,,,4.023,,,
1.912,,,,2.516,,,
1.9635,,,,2.475,,,
1.8211000000000004,1.949,1.7519,3.2745599999999997,1.8030000000000002,2.5972,1.6579,
2.2041,2.222,,,2.555,,,
1.9765,,,,2.656,,,
0.91,,0.948,2.1909,1.1520000000000001,,,
3.3187,3.2560000000000002,,,3.326,,,
2.8357,2.964,2.7202,4.57983,3.135,4.2213,2.9825,
2.507,2.542,,,2.734,,,
1.4802,1.045,,,1.094,1.7273,1.0996,
3.3095,3.252,,,3.27,,,
0.4360999999999997,0.44799999999999995,,,0.517,,,
2.9225000000000003,,,,2.375,,,
0.6688000000000001,,,,4.749,,,
2.9031,,,,2.298,3.9378,3.3023,
3.0298000000000003,,,,2.2,,,
1.9524,1.526,,,1.804,,,
3.9851,,,,3.603,,,
3.3396,,,,4.071000000000001,,,
5.048899999999999,,,,4.873,,,
3.1952000000000003,,,,4.721,,,
2.5537,2.591,,,1.825,3.0348,2.4901,
2.4764,,,,2.847,,,
2.9095,3.04,,,3.656,3.2331,2.9516,
3.2184,,,,2.5980000000000003,,,
3.6749,,,,3.0060000000000002,,,
6.3188,5.796,6.4639,9.626339999999999,6.527,,,
4.5921,,,,4.829,,,
5.6934,,,,5.5520000000000005,,,
4.1859,3.725,,,3.66,,,
3.826,1.084,,,3.488,,,
4.1524,,,,3.667,,,
5.0311,,,,4.75,,,
5.7038,,,,5.332000000000001,,,
2.0169,,,,2.385,,,
3.4578,3.4589999999999996,,,3.583,,,
2.4421,,,,2.699,,,
1.7679,,,,2.3819999999999997,,,
2.0278,,,,2.535,,,
1.8011,,,,2.432,,,
1.7639,,,,2.367,,,
2.4152,,,,2.535,,,
4.6305999999999985,5.056,,,4.35,,,
2.9074,,,,4.369,,,
2.3902,,,,2.418,,,
2.4775,,,,2.702,,,
1.96,,,,2.498,,,
1.5404,,,,2.517,,,
4.132,4.284,,,4.512,6.2248,4.2416,
1.7639,,,,2.176,,,
0.9013,,,,2.2,,,
1.069,,,,2.195,,,
1.8468,,,,2.427,,,
1.2205,,,,2.6689999999999996,,,
1.7386,,,,2.376,,,
5.696000000000001,,,,5.104,,,
1.6949,,,,2.394,,,
2.1198,,,,2.545,,,
1.9239,,,,2.7569999999999997,,,
1.7986,,,,2.477,,,
2.4043,,,,2.09,,,
4.9366,,,,4.602,,,
2.5858,,,,2.126,,,
1.9656,,,,2.417,,,
2.1295,,,,2.634,,,
2.6229000000000005,,,,2.7710000000000004,,,
1.4809999999999999,,,,2.311,,,
5.5171,,,,5.461,,,
2.194,,,,2.7910000000000004,,,
2.1731,,,,2.818,,,
2.092,2.262,,,2.385,2.2356,2.1682,
4.5359,4.942,,,4.522,,,
4.381500000000001,,,,4.6610000000000005,,,
4.3386999999999984,,4.1167,6.4623099999999996,3.5060000000000002,5.0352,4.4572,
4.4383,,,,4.301,,,
3.1399,2.783,,,3.1069999999999998,,,
5.5367,,,,5.872000000000001,,,
2.0048,,,,2.627,,,
1.8985,,,,2.6210000000000004,,,
1.7128,,,,2.502,,,
0.8000000000000003,0.759,,,0.528,1.1417,,1.97
3.0661000000000005,,,,3.7089999999999996,,,
1.237,,1.3537,2.73779,1.026,,,
5.6294,,,,5.685,,,
3.0873,,,,3.1910000000000003,,,
5.6387,,,,5.081,,,
5.5781,,,,5.066,,,
5.582000000000002,,,,5.0489999999999995,,,
5.5763,,,,5.05,,,
5.5139000000000005,,,,5.903,,,
4.0611,4.436,,,4.435,,,
4.5042,,,,4.684,,,
5.5379999999999985,6.374,,,4.787,,,
2.6496,2.6889999999999996,,,2.603,,,
4.7909,,,,4.771,,,
4.9495,5.343999999999999,,,4.796,,,
4.6044,,,,4.361000000000001,,,
2.6511,,,,2.497,,,
2.1413,,,,2.072,,,
5.627999999999999,,,,4.9239999999999995,,,
5.5951,,,,5.254,,,
1.9935,,,,2.3569999999999998,,,
2.0266,,,,2.475,,,
0.7132000000000001,,0.7997,1.9909999999999999,1.137,,,
2.8571,,,,2.9589999999999996,,,
3.2434,3.858,,,2.6180000000000003,,,
2.1277,,,,2.551,,,
1.1035,,,,1.095,,,
5.2029,,,,4.815,,,
1.3132,,,,4.3580000000000005,,,
1.4904000000000002,,,,3.862,,,
5.3595000000000015,,,,4.955,,,
1.6077,1.78,1.5733,3.03381,1.4709999999999999,2.593,1.6689,
0.7254000000000005,,,,0.66,0.5689,,
3.2802,,,,3.234,,,
1.3338,0.706,,,0.509,1.2538,0.708,
5.5369,5.896,,,5.47,8.1083,5.6725,
5.6695,6.152,,,5.3,8.097000000000001,5.9859,
5.5036999999999985,6.018,,,5.513999999999999,8.1906,5.7383,
5.5029,5.843999999999999,,,4.965,6.3932,5.5724,
0.5914999999999999,1.087,,,,,,
3.9277,,,,3.7039999999999997,,,
2.4881,2.085,2.5251,4.31683,2.406,3.0448,2.0424,
0.8969,0.899,,1.44155,0.821,,,
5.678,6.557,,,5.301,8.0973,5.9852,
5.5081,5.921,,,5.513999999999999,8.1902,5.7392,
2.336,,,,2.437,,,
3.0967,,,,3.264,,,
1.8820000000000008,,,,1.805,,,
2.4475,,,,2.511,,,
1.7836,,,,2.997,,,
0.4224999999999999,0.557,,,0.441,,,
5.3696,5.584,,,5.593,9.1481,5.3089,
3.3556,3.4810000000000003,,,3.187,,,
3.2646,3.63,3.1446,5.15192,2.7119999999999997,,,
4.5394000000000005,,,,3.8819999999999997,,,
3.3929,3.468,3.4204,5.5237,3.4389999999999996,4.8454,3.4783,
2.7726000000000006,3.593,2.7528,4.6237699999999995,2.6260000000000003,4.2264,3.443,
2.2833,2.407,,,2.695,3.7281,2.2685,
2.9886,,,,2.58,,,
1.1722,0.7120000000000001,0.6224,1.7519999999999998,0.8240000000000001,,,
0.9444,1.0759999999999998,0.9308,2.16772,0.893,1.9331,0.9964,
5.7425,6.37,,,5.318,,,
2.599,2.517,2.4672,4.23879,2.09,3.1314,2.2182,
3.3392,3.16,,,3.08,3.9742,3.0864,
0.4047999999999998,,1.1592,2.4756,0.973,,,
1.4440000000000004,0.45399999999999996,1.2009,2.5318099999999997,1.205,0.9978,0.7739,0.75
5.424499999999999,5.546,,,5.6,,,
3.4781,,,,2.8930000000000002,,,
2.7125,0.927,,,1.916,,,
3.2101,,,,3.14,,,
3.6429,,,,2.932,,,
3.5688,3.5439999999999996,,,3.49,,,
1.1878000000000002,1.383,,,1.209,,,
2.8696,3.012,,,2.8089999999999997,,,
3.5716,,,,3.028,,,
4.0306000000000015,4.387,,,3.955,7.8058,4.0244,
3.2912,3.455,3.1721,5.18899,3.0269999999999997,5.3538,3.207,
4.976800000000001,,,,4.1739999999999995,6.8052,4.9363,
4.4041000000000015,4.986000000000001,,,4.294,6.5798,4.9145,
3.5931000000000006,3.886,,,4.699,6.3284,4.0209,
1.4519000000000002,1.996,,,0.691,,,
3.7884,4.167,,,3.4160000000000004,4.8366,3.9051,
5.83,,,,5.525,,,
1.5936000000000003,1.5859999999999999,,,1.4169999999999998,2.3079,1.6198,2.2
2.051,2.7960000000000003,,,3.0269999999999997,,,
1.2233999999999998,1.046,,,0.9840000000000001,1.3337,0.9562,
0.8414999999999999,0.9490000000000001,0.7383,1.9082299999999999,0.6559999999999999,1.2887,0.7548,
2.3118000000000003,2.7510000000000003,,,2.396,4.062,2.3732,
2.5623,2.267,,,2.275,,,
3.028,3.179,,,3.0789999999999997,,,
5.4671,5.596,,,5.912000000000001,8.47,5.3171,
2.9774,,,,2.7319999999999998,,,
2.1691,2.369,,,2.138,3.7595,2.3793,
1.4067999999999996,1.329,,,,2.385,0.8949,
0.8301999999999996,,,,0.867,,,
5.5299,,,,5.48,,,
2.3042,,,,2.009,,,
4.3847,4.498,,,3.991,5.9563,4.5154,
1.0955000000000004,1.0859999999999999,,,1.581,,,
1.2463000000000002,1.175,,,1.203,,,
1.8101000000000005,1.825,,,2.188,,,
1.6171,,,,0.604,,,
2.3774,,,,1.835,3.0372,2.383,
2.499,2.353,,,2.114,2.9854,2.5236,
0.5178000000000003,0.792,,,0.7240000000000001,,,
0.4527000000000001,,,,,,,
4.4635,4.606,,,4.12,5.3395,4.527,
0.9290999999999996,1.061,0.8668,2.08145,1.295,1.4278,0.9122,
4.4702,5.0680000000000005,,,4.503,,,
3.0655,,,,2.7319999999999998,,,
2.4345,2.419,,,3.3,,,
4.3452,4.8260000000000005,,,4.309,,,
2.7405,2.126,2.7519,4.62256,2.32,,,
2.8595,3.0069999999999997,,,2.93,3.5568,2.9717,
1.6068000000000002,1.526,,,1.719,,,
1.3167,,1.3129,2.6827900000000002,1.175,,,
0.7671000000000001,,,,,,,
3.6197,,,,2.918,,,
3.6217,3.9419999999999997,,,3.471,,,
1.9035,2.364,,,2.387,3.8914,2.0984,
4.1392,4.35,,,3.8569999999999998,6.0645,4.1708,
3.3723000000000005,3.46,,,3.199,4.8938,3.3796,
3.5931,3.812,,,4.07,5.9374,3.8696,
2.5199,2.411,,,2.6860000000000004,4.0178,2.5091,
1.2325,1.349,1.2229,2.56147,1.227,1.6840000000000002,1.0728,1.96
0.5549,0.591,0.5296,1.6269,0.466,,,2.2
1.0947999999999998,1.36,,,1.043,1.5608,1.206,
1.1361,1.183,1.1075,2.40591,1.1540000000000001,1.9271,1.1834,
0.4517000000000007,0.489,,1.26591,,1.1389,,
