Unnamed: 0,ml_egap_type,ml_egap,ml_energy_per_atom,ml_ael_bulk_modulus_vrh,ml_ael_shear_modulus_vrh,ml_agl_debye,ml_agl_heat_capacity_Cp_300K,ml_agl_heat_capacity_Cp_300K_per_atom,ml_agl_heat_capacity_Cv_300K,ml_agl_heat_capacity_Cv_300K_per_atom,ml_agl_thermal_conductivity_300K,ml_agl_thermal_expansion_300K,full_formula,material_id
0,Insulator,1.932,-5.995,94.819,42.231,432.166,95.766,2.8160000000000003,91.426,2.679,2.8760000000000003,5.986e-05,Cr4Te8O22,mp-540537
1,Insulator,5.226,-5.704,41.67100000000001,37.894,728.549,100.314,2.322,97.191,2.281,2.488,6.032e-05,Na4P4H16O20,mp-554288
2,Insulator,5.481,-5.721,41.956,34.894,737.404,60.058,2.251,55.81100000000001,2.265,2.495,5.993e-05,Li4P4H8O12,mp-23931
3,Insulator,1.8230000000000002,-4.513,30.685,14.109000000000002,211.597,56.09,3.0410000000000004,52.74,2.926,2.374,5.266e-05,Ba4Te4S12,mp-27499
4,Insulator,4.296,-3.2710000000000004,12.821,6.272,232.003,120.76,3.137,115.147,2.898,2.802,6.336e-05,K4Ga8Cl28,mp-680577
5,Insulator,4.462,-7.319,87.585,50.211000000000006,565.321,93.87700000000001,2.5980000000000003,88.021,2.532,2.634,5.176e-05,Li2Nd2P8O24,mp-18711
6,Insulator,3.5260000000000002,-5.718999999999999,26.673000000000002,32.893,688.357,102.902,2.417,99.38799999999999,2.314,2.411,5.991e-05,K4Co2H16C4O20,mp-24350
7,Insulator,4.588,-6.186,66.005,50.948,763.0189999999999,100.446,2.282,98.652,2.24,3.03,6.015e-05,Ca6Si4H12O20,mp-696156
8,Insulator,2.7880000000000003,-5.8660000000000005,38.357,24.601999999999997,650.146,96.456,2.4459999999999997,91.40899999999999,2.398,2.344,5.897e-05,Na8P4H8C2O18,mp-696155
9,Insulator,3.81,-4.849,10.124,32.069,605.7280000000001,111.08200000000001,2.5340000000000003,107.68299999999999,2.399,2.9810000000000003,5.984e-05,Na6As2H28S2O20,mp-721287
10,Insulator,3.785,-4.246,26.256999999999998,10.17,454.954,23.013,2.85,22.814,2.7230000000000003,3.1439999999999997,5.951e-05,Na2Cl2O4,mp-30965
11,Insulator,2.7910000000000004,-3.862,8.172,5.746,171.642,72.166,3.3169999999999997,71.793,2.9530000000000003,3.065,5.456e-05,Cs6Mn2Cl10,mp-504451
12,Insulator,4.65,-5.2379999999999995,21.719,35.033,812.255,144.17700000000002,2.298,129.975,2.146,3.083,5.842e-05,Na8Si4H64O44,mp-504605
13,Metal,0.0,-4.026,45.306999999999995,26.851,299.401,76.695,3.005,74.654,2.875,3.023,6.053e-05,Ca10Ga4As12,mp-17558
14,Metal,0.0,-6.294,135.471,78.513,449.522,59.019,2.765,61.387,2.6630000000000003,2.61,5.193e-05,Yb4Fe6O14,mp-19064
15,Insulator,2.022,-7.529,148.141,96.958,422.685,116.661,2.752,113.427,2.678,2.765,5.163e-05,Pb8W8O32,mp-641415
16,Insulator,4.145,-4.973,28.156,37.159,617.689,119.53,2.54,109.428,2.4419999999999997,2.859,5.727e-05,In4H28N8O4F16,mp-706283
17,Insulator,1.296,-6.894,30.4,20.499000000000002,412.44,100.15299999999999,2.722,95.38799999999999,2.543,2.792,6.498e-05,Mo4C16I4O16,mp-1201209
18,Insulator,3.573,-4.756,40.899,38.95,573.2719999999999,31.384,2.5610000000000004,29.057,2.447,3.2310000000000003,6.0299999999999995e-05,Na1Te1H6O6F1,mp-633158
19,Insulator,4.05,-4.899,7.457000000000001,5.41,449.343,110.978,2.6839999999999997,104.417,2.6660000000000004,2.752,6.696e-05,P8S4N12Cl20O4,mp-556186
20,Insulator,1.9169999999999998,-4.414,16.059,16.054000000000002,368.99800000000005,50.007,2.8819999999999997,49.511,2.764,2.443,6.076e-05,Ge12S24,mp-1197287
21,Insulator,2.07,-6.582999999999999,134.565,74.582,406.42,103.01799999999999,2.804,97.824,2.665,2.802,5.177e-05,Fe2Bi6Mo4O24,mp-560123
22,Insulator,1.053,-3.483,5.502000000000001,8.027999999999999,176.322,143.243,3.031,144.565,2.929,2.45,5.938e-05,Sn24S12I24,mp-23386
23,Insulator,5.9,-5.746,44.28,36.717,610.497,68.471,2.456,58.775,2.3169999999999997,2.49,6.548e-05,Li8S4O16,mp-4556
24,Insulator,1.624,-3.858,41.869,21.544,295.089,20.115,2.975,19.93,2.842,2.4819999999999998,6.111e-05,Ga4S4,mp-2507
25,Insulator,5.294,-5.715,59.332,72.55,958.3910000000001,140.523,1.966,130.075,1.9069999999999998,2.945,5.937e-05,Mg4B12H60O52,mp-706339
26,Insulator,2.773,-6.09,66.456,33.192,461.705,30.668000000000003,2.7489999999999997,30.765,2.5980000000000003,2.6519999999999997,5.993e-05,K2Tc2O8,mp-7621
27,Insulator,3.455,-6.7139999999999995,71.123,33.016999999999996,402.23699999999997,31.680999999999997,2.7889999999999997,31.781,2.688,2.5469999999999997,5.152e-05,K2Re2O8,mp-4757
28,Insulator,2.736,-6.601,58.833,48.701,484.19599999999997,24.495,2.6830000000000003,25.824,2.595,2.978,5.15e-05,Os2O8,mp-540783
29,Insulator,5.147,-5.606,27.19,34.815,758.711,111.836,2.3040000000000003,105.37200000000001,2.2880000000000003,2.5540000000000003,6.017e-05,Na4P4H24O24,mp-696157
30,Insulator,7.1739999999999995,-5.278,29.541999999999998,25.36,489.29699999999997,113.698,2.722,106.904,2.6289999999999996,3.197,6.979e-05,Rb4Li8Be8F28,mp-560518
31,Insulator,2.463,-6.105,96.583,37.115,418.161,114.179,2.782,108.355,2.72,2.786,5.967e-05,Te8Mo4O28,mp-19453
32,Insulator,4.263,-6.379,62.993,31.828000000000003,507.55400000000003,137.968,2.627,129.875,2.544,2.416,5.983e-05,K12P12O36,mp-557880
33,Insulator,1.579,-2.011,-1.959,2.8689999999999998,129.122,163.458,3.138,150.018,2.9589999999999996,2.638,5.692e-05,Te16I64,mp-570884
34,Insulator,1.122,-8.094,151.275,81.903,415.00699999999995,46.036,2.7760000000000002,45.015,2.735,2.502,5.215e-05,La4Re2O10,mp-27539
35,Insulator,3.051,-5.638,22.570999999999998,25.997,633.36,67.28399999999999,2.388,62.7,2.334,2.819,5.928e-05,Co2H12C4S4N4O6,mp-743619
36,Insulator,5.321000000000001,-5.428,50.178999999999995,30.503,863.13,118.191,2.13,105.95700000000001,2.096,2.65,6.822e-05,H24S8N8O24,mp-721279
37,Insulator,1.402,-8.722000000000001,186.21,89.395,549.8,114.12,2.5140000000000002,111.54899999999999,2.526,2.623,6.015e-05,Nb16O32,mp-821
38,Insulator,3.612,-4.712,10.367,28.836,512.467,110.69200000000001,2.66,105.37799999999999,2.545,3.255,5.768e-05,Na4Ge1H28Se4O14,mp-721293
39,Insulator,2.286,-6.098,35.868,22.752,301.947,56.549,2.7960000000000003,50.596000000000004,2.695,2.5639999999999996,5.546e-05,Rb2Hg2C6S6N6,mp-669543
40,Metal,0.0,-5.103,49.453,45.803000000000004,709.187,47.592,2.41,41.417,2.285,3.0069999999999997,5.8200000000000005e-05,Cu1Sn1H12N2O6,mp-696152
41,Insulator,2.101,-4.55,72.016,44.427,435.755,146.866,2.85,135.067,2.638,3.014,5.968e-05,Na32Ga8O28,mp-27618
42,Insulator,1.1740000000000002,-2.905,19.398,4.938,158.887,71.362,3.072,73.45100000000001,2.92,2.753,5.342e-05,Te12Cl8,mp-27628
43,Insulator,0.623,-2.813,11.847000000000001,2.759,147.641,78.48100000000001,3.075,78.516,2.937,2.799,5.346e-05,Te16Br8,mp-27648
44,Insulator,0.685,-2.7089999999999996,11.409,2.94,123.15299999999999,80.49,3.0810000000000004,80.329,2.966,2.628,5.353e-05,Te16I8,mp-27655
45,Insulator,0.8290000000000001,-2.4290000000000003,21.484,3.707,123.522,26.068,3.1289999999999996,25.054000000000002,2.937,2.858,5.946e-05,Te4I4,mp-569766
46,Insulator,0.893,-2.36,19.463,1.975,121.79899999999999,62.817,3.127,62.988,2.9560000000000004,2.826,5.946e-05,Te8I8,mp-23273
47,Insulator,2.826,-6.827999999999999,18.996,19.317999999999998,486.12300000000005,147.662,2.602,140.908,2.5,2.695,6.525e-05,Mn8Sn4C36Br4O36,mp-704550
48,Insulator,0.898,-4.988,65.817,49.658,527.165,25.026999999999997,2.66,25.076,2.5639999999999996,2.8339999999999996,6.102e-05,Mg2P8,mp-384
49,Insulator,1.218,-4.984,63.559,23.451999999999998,282.095,63.621,3.017,64.395,2.898,3.025,5.133e-05,Ba6Cu4Cl4O8,mp-559757
50,Insulator,2.3409999999999997,-4.686,3.4989999999999997,5.212000000000001,320.0,119.54299999999999,2.891,114.236,2.783,2.781,5.823e-05,Sb6C6N6Cl24O6,mp-557961
51,Insulator,3.2689999999999997,-3.696,14.085,7.791,257.644,109.29799999999999,3.13,97.97200000000001,2.91,2.907,5.675e-05,K8In4Cl20O4,mp-1203905
52,Insulator,2.667,-5.687,64.821,21.994,415.05699999999996,81.98100000000001,2.73,74.75,2.6519999999999997,2.499,6.0899999999999996e-05,Cu8C8S8N8,mp-553972
53,Insulator,4.119,-6.95,37.492,29.980999999999998,374.401,128.189,2.813,125.35799999999999,2.758,2.949,5.059e-05,K8Ta8O12F24,mp-6651
54,Insulator,4.352,-7.934,131.884,80.991,522.168,144.842,2.541,137.001,2.577,2.7539999999999996,5.188e-05,Sr12Er8B16O48,mp-13960
55,Insulator,5.746,-7.4639999999999995,82.36399999999999,59.626000000000005,819.091,114.01899999999999,2.123,108.72,2.074,2.716,5.995e-05,Ca4B16H4O30,mp-706291
56,Insulator,4.317,-4.747,31.665,18.032,333.89099999999996,107.34299999999999,2.966,102.33200000000001,2.8110000000000004,2.9619999999999997,5.667e-05,K8Sn4O4F24,mp-1200678
57,Insulator,5.689,-6.121,51.207,43.681999999999995,745.607,84.39,2.254,83.831,2.193,2.7089999999999996,5.997e-05,Ca2P4H12O18,mp-706278
58,Insulator,1.3019999999999998,-4.346,29.816,17.55,202.96,134.285,3.037,138.333,2.873,2.225,5.231e-05,Sb16Pb6S30,mp-22737
59,Insulator,2.772,-6.497999999999999,39.844,30.78,374.68199999999996,32.472,2.78,32.27,2.6489999999999996,2.45,5.524e-05,Pb2C4S4N4,mp-20605
60,Insulator,2.5469999999999997,-5.627999999999999,24.69,12.519,292.644,134.713,2.845,132.91899999999998,2.8139999999999996,2.226,5.899e-05,Sb20I4O28,mp-556869
61,Insulator,4.461,-7.454,78.815,53.716,724.815,46.913000000000004,2.285,45.496,2.244,2.793,6.013e-05,Ca4C4O12,mp-556235
62,Insulator,3.967,-5.148,28.982,18.598,474.039,74.453,2.7739999999999996,71.632,2.639,3.478,6.26e-05,Mo4F24,mp-557259
63,Insulator,2.066,-4.58,31.808000000000003,14.937000000000001,315.717,51.961000000000006,3.005,49.251000000000005,2.8539999999999996,2.725,5.997e-05,K8Sn2O8,mp-7258
64,Insulator,4.07,-6.979,117.514,72.32600000000001,547.284,126.79899999999999,2.594,117.35799999999999,2.537,2.701,6.014e-05,Sr4Ga8Si8O32,mp-6198
65,Insulator,3.4589999999999996,-6.872999999999999,110.03299999999999,67.056,494.645,127.89200000000001,2.6860000000000004,121.475,2.5269999999999997,2.7889999999999997,5.176e-05,Ba4Ga8Si8O32,mp-6759
66,Insulator,2.841,-6.474,43.93600000000001,24.318,373.344,77.566,2.7739999999999996,71.422,2.7289999999999996,2.439,5.541e-05,Rb2Bi2C8S8N8,mp-647987
67,Insulator,0.9640000000000001,-4.353,37.088,13.642999999999999,197.09599999999998,144.775,3.0010000000000003,142.446,2.927,2.294,5.208e-05,Cu4Bi20Pb4S36,mp-642316
68,Insulator,1.906,-6.29,89.671,34.256,381.162,116.78299999999999,2.8160000000000003,115.29,2.74,2.475,5.183e-05,Ba6Ru6O30,mp-1201605
69,Insulator,1.615,-6.2,94.537,47.494,545.908,149.929,2.5540000000000003,136.77700000000002,2.52,2.64,6.001e-05,Na8Cu12Si16O48,mp-649944
70,Insulator,5.365,-7.211,117.089,78.131,788.768,137.317,2.131,129.093,2.153,2.64,5.917e-05,Al6P18O54,mp-540549
71,Insulator,2.7239999999999998,-6.313,99.69200000000001,57.419,565.41,77.53,2.637,75.0,2.5469999999999997,2.9210000000000003,5.937e-05,Fe8P4Cl4O16,mp-556581
72,Insulator,5.215,-4.404,20.355,11.882,533.639,93.39399999999999,2.6180000000000003,88.684,2.56,2.516,5.942e-05,Na4H8Cl4O20,mp-540550
73,Insulator,5.211,-7.718,120.546,58.776,742.327,22.115,2.278,22.593000000000004,2.22,3.2430000000000003,5.928e-05,Si3O6,mp-6930
74,Insulator,1.26,-5.5889999999999995,130.379,66.855,387.994,27.568,2.861,27.785999999999998,2.7239999999999998,2.734,5.206e-05,Ba2Ni2O6,mp-19138
75,Insulator,4.6419999999999995,-7.852,89.40899999999999,50.883,729.1439999999999,135.232,2.214,125.709,2.25,2.728,5.918e-05,Si24O48,mp-640556
76,Insulator,2.186,-5.9479999999999995,52.016999999999996,31.410999999999998,574.27,53.74100000000001,2.522,50.363,2.509,2.575,6.041e-05,K8Sr4Ni4N24O48,mp-19374
77,Insulator,1.294,-7.3020000000000005,81.183,29.918000000000003,312.385,96.61399999999999,2.873,92.191,2.823,2.324,5.239e-05,Y8Hf4S20,mp-16919
78,Insulator,2.833,-8.113999999999999,121.02799999999999,82.54799999999999,514.624,55.177,2.62,53.934,2.583,2.6289999999999996,6.045e-05,Sr4Nb4O14,mp-3870
79,Metal,0.0,-7.294,129.399,75.53,415.42,28.524,2.815,28.404,2.7319999999999998,2.68,5.205e-05,Ba4Mn2W2O12,mp-19085
80,Insulator,0.491,-7.83,180.95,104.931,676.362,75.51100000000001,2.351,73.19,2.259,2.677,6.085e-05,V12O22,mp-30518
81,Insulator,0.679,-7.8629999999999995,157.955,86.088,628.443,27.506999999999998,2.457,28.023000000000003,2.372,2.775,6.022e-05,V4O8,mp-541404
82,Insulator,3.339,-4.921,37.904,16.433,254.52700000000002,59.674,3.157,59.512,2.9130000000000003,2.883,6.0299999999999995e-05,Cs4Na2Cr2F12,mp-557047
83,Insulator,2.9219999999999997,-4.613,37.836,17.492,260.394,60.205,3.102,59.833,2.909,3.0010000000000003,5.436e-05,Cs4Na2Fe2F12,mp-504611
84,Insulator,6.1610000000000005,-3.9389999999999996,10.312999999999999,2.875,478.66,18.715,2.775,18.565,2.636,4.6930000000000005,6.52e-05,S1F6,mp-8560
85,Metal,0.0,-7.273,124.596,70.81,442.056,71.71,2.804,71.751,2.675,2.69,6.008e-05,Y6In6O18,mp-504607
86,Insulator,4.167,-7.2589999999999995,100.919,77.305,664.049,145.946,2.346,137.321,2.305,2.99,6.026e-05,Ca12Al24O48,mp-2963
87,Insulator,3.27,-5.502999999999999,82.351,33.494,471.31699999999995,54.198,2.705,52.128,2.6710000000000003,2.592,5.928e-05,Te4S2O14,mp-4906
88,Insulator,1.7209999999999999,-2.872,11.251,7.2620000000000005,186.31400000000002,75.53699999999999,3.304,72.255,2.9589999999999996,3.0869999999999997,5.25e-05,K12Hg2S8,mp-5114
89,Insulator,0.998,-8.05,168.826,87.191,463.773,24.478,2.735,25.057,2.605,2.682,5.197e-05,U1Cr2O6,mp-22172
90,Insulator,4.655,-4.4110000000000005,33.662,15.99,221.592,26.019000000000002,3.134,24.81,2.932,3.687,4.970000000000001e-05,Cs2Sn1F6,mp-7297
91,Insulator,6.697,-5.447,58.192,39.893,490.75800000000004,16.113,2.7319999999999998,15.501,2.6189999999999998,3.9619999999999997,6.338e-05,K1Al1F4,mp-5347
92,Insulator,2.151,-4.706,67.885,30.119,410.89599999999996,75.625,2.707,71.666,2.6689999999999996,2.852,5.913e-05,Fe2I6O18,mp-23069
93,Insulator,1.903,-4.8180000000000005,57.677,33.048,505.29400000000004,40.485,2.717,39.263000000000005,2.613,3.358,5.974e-05,Ca8H4N4,mp-24119
94,Insulator,3.5260000000000002,-7.292999999999999,138.533,78.865,528.2,140.481,2.525,135.878,2.572,2.4,5.083e-05,Bi12B20O48,mp-23549
95,Insulator,3.3360000000000003,-5.608,58.308,24.096999999999998,556.694,134.422,2.503,127.869,2.51,2.373,5.913e-05,Cd8N16O48,mp-27198
96,Insulator,3.13,-6.154,28.515,19.011,500.74199999999996,145.325,2.5660000000000003,133.637,2.519,2.41,5.089e-05,K8H24Pt4C16N16O12,mp-720283
97,Insulator,4.145,-4.717,29.203000000000003,23.771,1135.108,138.431,1.694,138.914,1.55,3.603,7.541e-05,B52H76,mp-27200
98,Insulator,2.513,-6.559,114.523,70.615,749.1469999999999,141.352,2.28,129.661,2.208,2.7110000000000003,5.993e-05,Fe12P8H12O44,mp-540712
99,Insulator,2.7310000000000003,-7.06,17.329,26.918000000000003,521.205,153.22,2.55,145.111,2.3819999999999997,2.806,6.440000000000001e-05,Mn16Sn8C80Br8O80,mp-705194
100,Insulator,2.4,-7.568,120.023,65.221,758.55,117.09299999999999,2.189,108.47,2.23,2.553,5.98e-05,V4Si4P8O36,mp-18882
101,Insulator,3.072,-4.734,19.81,16.037,331.85,64.134,2.988,65.486,2.8560000000000003,3.4539999999999997,5.676e-05,Sn8F16,mp-2843
102,Insulator,2.414,-4.519,16.747,5.577000000000001,317.44599999999997,152.744,2.898,152.285,2.8169999999999997,2.487,5.835e-05,Te8As8Se32S4O8F48,mp-557236
103,Insulator,2.17,-2.322,7.432,2.734,174.993,24.217,3.138,23.386,2.928,3.4210000000000003,6.584e-05,P2I6,mp-27529
104,Insulator,3.9010000000000002,-4.72,23.258000000000003,22.316999999999997,473.392,137.748,2.804,127.70100000000001,2.67,2.785,5.867e-05,K8Te4H24O24F8,mp-720815
105,Insulator,1.824,-4.607,129.05200000000002,95.355,581.597,31.182,2.574,29.72,2.495,2.656,6.109e-05,Fe4S8,mp-226
106,Insulator,2.85,-3.695,-6.877000000000001,5.459,456.245,59.88,2.787,58.305,2.665,2.983,5.657e-05,Ge2Br4F20,mp-27218
107,Insulator,3.83,-6.047000000000001,20.625,12.777000000000001,341.754,77.058,2.9610000000000003,75.03699999999999,2.826,3.295,5.636e-05,U4F24,mp-2275
108,Insulator,1.294,-5.007,97.875,56.873999999999995,433.955,74.134,2.815,70.229,2.7039999999999997,2.5780000000000003,6.087e-05,Fe8Ge4S16,mp-21086
109,Insulator,3.068,-5.796,105.259,41.034,472.54,113.344,2.687,111.214,2.6860000000000004,2.475,6.006e-05,Sb12S4O30,mp-27229
110,Insulator,4.476,-6.704,82.795,51.233000000000004,561.386,71.693,2.597,66.645,2.568,3.122,5.974e-05,Ca8B4Cl4O12,mp-554263
111,Insulator,2.129,-7.124,108.76,53.85,437.283,137.724,2.708,129.513,2.6719999999999997,2.873,5.164e-05,Tl4Mo14O44,mp-704535
112,Insulator,5.075,-5.675,30.175,32.45,680.08,123.94,2.37,112.844,2.329,2.577,5.997e-05,Na6P6H24O30,mp-720825
113,Insulator,0.674,-4.024,49.54,18.437,265.47900000000004,65.143,3.0239999999999996,62.18,2.918,2.6189999999999998,6.076e-05,Sr3Cu6Sn3S12,mp-16988
114,Metal,0.0,-5.954,81.142,46.56399999999999,391.555,31.519000000000002,2.7969999999999997,30.636999999999997,2.697,2.7880000000000003,5.2600000000000005e-05,La4P20,mp-1864
115,Insulator,1.935,-4.391,33.26,14.286,280.653,93.26799999999999,2.977,89.008,2.862,2.376,6.065e-05,As16S16,mp-542604
116,Insulator,2.6060000000000003,-6.0360000000000005,45.082,26.155,792.41,125.541,2.211,113.324,2.181,2.615,5.916e-05,V4H32C8N8O24F4,mp-720829
117,Insulator,2.862,-6.181,28.715,25.34,322.72,63.364,2.839,63.108999999999995,2.783,2.583,5.159e-05,Cs4Tc4O16,mp-27250
118,Insulator,2.5469999999999997,-6.218999999999999,105.126,66.03399999999999,497.853,124.243,2.677,120.051,2.535,2.7510000000000003,6.022e-05,Sr4Ga8Ge8O32,mp-540621
119,Insulator,2.511,-6.242000000000001,93.03200000000001,44.7,436.231,125.875,2.7739999999999996,120.15799999999999,2.625,2.7289999999999996,5.183e-05,Ba4Ga8Ge8O32,mp-540585
120,Insulator,1.85,-4.787,93.227,20.284000000000002,444.782,28.087,2.763,27.158,2.676,2.62,5.979e-05,Ag2N2O6,mp-552185
121,Insulator,2.967,-5.606,40.316,23.686999999999998,495.731,13.182,2.7119999999999997,13.732000000000001,2.501,2.957,6.006e-05,K1N1O3,mp-6920
122,Insulator,4.638,-5.0089999999999995,37.27,24.811999999999998,363.25199999999995,94.993,2.858,89.03399999999999,2.7039999999999997,2.608,5.933e-05,Rb4Zn4S4Cl4O16,mp-559540
123,Insulator,4.135,-4.926,31.829,20.093,337.87800000000004,90.85600000000001,2.9339999999999997,85.094,2.781,2.6830000000000003,5.106e-05,Tl4Zn4S4Cl4O16,mp-23146
124,Insulator,2.8689999999999998,-6.712999999999999,43.5,26.541,605.129,59.012,2.537,57.42100000000001,2.4530000000000003,2.633,6.573e-05,Na4Sn2C8O16,mp-554823
125,Insulator,3.139,-5.689,42.105,33.874,488.098,60.769,2.74,60.23,2.64,3.3369999999999997,6.321e-05,Na4Ti4F16,mp-27264
126,Insulator,3.7769999999999997,-4.862,5.767,26.191,637.429,151.205,2.491,135.97299999999998,2.36,3.089,5.803e-05,Na12As4H88S8O52,mp-720287
127,Insulator,6.814,-5.244,92.07,50.174,541.265,16.221,2.6519999999999997,15.472999999999999,2.574,4.279,6.352e-05,Mg2F4,mp-1249
128,Insulator,3.4560000000000004,-7.711,84.925,73.10600000000001,526.51,149.649,2.498,139.72299999999998,2.415,2.464,6.007e-05,Rb10Nb10B20O60,mp-556808
129,Insulator,1.994,-8.067,75.997,33.793,349.647,22.159000000000002,2.847,23.426,2.7739999999999996,2.8760000000000003,5.21e-05,Nd2O6,mp-1180065
130,Insulator,2.52,-7.867999999999999,130.106,74.532,491.91900000000004,61.823,2.698,62.201,2.612,2.766,5.176e-05,La4V4O16,mp-18989
131,Insulator,4.172,-7.41,84.619,50.961000000000006,563.953,137.101,2.5269999999999997,131.856,2.459,2.623,5.175e-05,Na4Nd4P16O48,mp-12226
132,Insulator,1.079,-4.238,49.696999999999996,18.499000000000002,234.13,20.249000000000002,3.072,19.412,2.8989999999999996,2.562,5.521e-05,Mn1Ga2Se4,mp-20261
133,Insulator,3.497,-3.2969999999999997,9.141,6.081,152.614,105.494,3.214,95.005,2.972,2.654,5.059e-05,Tl4Pb8Cl20,mp-27283
134,Insulator,0.49,-5.687,68.983,23.09,183.144,60.585,3.028,61.18899999999999,2.938,2.52,4.737e-05,Dy8Se12,mp-7368
135,Insulator,0.37200000000000005,-3.2710000000000004,29.366999999999997,13.526,199.673,38.77,3.049,40.155,2.9339999999999997,2.9530000000000003,6.054e-05,Sr8Si4,mp-1106
136,Insulator,2.697,-5.1979999999999995,29.936,12.763,390.319,151.91899999999998,2.766,141.16,2.708,2.235,6.038e-05,K12P24S24N28,mp-680247
137,Insulator,1.6480000000000001,-3.9739999999999998,30.209,18.879,226.801,20.965,3.045,20.009,2.9139999999999997,3.0460000000000003,5.991e-05,Ca3As1Br3,mp-27294
138,Insulator,0.494,-6.6160000000000005,42.673,23.105999999999998,226.734,56.923,3.054,55.573,2.8939999999999997,2.5860000000000003,5.224e-05,Tm8S12,mp-2309
139,Insulator,0.336,-2.95,62.93,30.500999999999998,272.307,46.18899999999999,3.02,44.452,2.903,2.6210000000000004,6.071e-05,Zn8As8,mp-7372
140,Insulator,0.14,-2.721,50.313,19.320999999999998,193.627,47.673,3.091,45.481,2.946,2.6210000000000004,6.038e-05,Cd8As8,mp-7373
141,Insulator,2.91,-4.729,43.91,16.596,299.659,118.456,2.9539999999999997,111.75299999999999,2.8280000000000003,2.404,5.097e-05,Tl6Hg4S6Cl2O24,mp-554279
142,Insulator,2.59,-4.816,47.192,20.44,312.52299999999997,115.994,2.904,110.685,2.801,2.273,5.087e-05,Rb6Hg4S6Cl2O24,mp-560324
143,Insulator,4.168,-5.307,28.135,19.906,258.656,87.626,3.0069999999999997,83.26100000000001,2.8480000000000003,2.434,5.172e-05,Cs8S4O16,mp-505782
144,Insulator,1.5959999999999999,-7.149,132.572,81.122,616.894,17.96,2.417,18.189,2.38,3.0669999999999997,6.119e-05,Li2Nb2O4,mp-3924
145,Insulator,2.75,-8.036,84.365,40.851,332.34,15.952,2.841,15.812000000000001,2.793,3.208,5.679e-05,La2C2O2,mp-27311
146,Insulator,4.132,-7.565,106.023,59.652,586.321,93.277,2.56,88.427,2.479,2.609,6.003e-05,Na2Zr4P6O24,mp-6475
147,Insulator,1.5530000000000002,-4.118,34.414,14.110999999999999,223.828,25.081,3.014,24.053,2.895,2.4530000000000003,5.144e-05,In1Bi2S4Cl1,mp-559521
148,Insulator,2.082,-4.118,49.455,29.717,360.555,24.424,2.9019999999999997,23.68,2.755,2.381,6.103e-05,Ga4S6,mp-539
149,Insulator,3.674,-9.083,164.748,87.33,441.605,54.68,2.753,55.248999999999995,2.688,2.6489999999999996,5.206e-05,Gd4Ga4O12,mp-18656
150,Insulator,3.26,-8.401,159.428,87.323,459.421,65.029,2.733,64.355,2.6460000000000004,2.543,5.181e-05,Li2Ta6O16,mp-7638
151,Insulator,3.967,-5.687,131.863,68.457,561.446,52.049,2.596,49.465,2.525,2.505,5.984e-05,Mg4Se4O12,mp-12271
152,Insulator,3.037,-6.391,134.014,69.777,529.359,50.177,2.6310000000000002,49.526,2.57,2.807,5.989e-05,Mn4Se4O12,mp-22224
153,Insulator,3.1260000000000003,-5.5920000000000005,150.563,76.498,530.029,50.67100000000001,2.6439999999999997,49.418,2.574,2.737,6.004e-05,Co4Se4O12,mp-22616
154,Insulator,3.7960000000000003,-4.917,139.484,61.265,485.945,53.141000000000005,2.73,50.418,2.617,2.5860000000000003,5.991e-05,Zn4Se4O12,mp-4682
155,Insulator,0.738,-3.122,19.294,12.116,132.466,43.221000000000004,3.1519999999999997,40.891999999999996,2.9610000000000003,2.6239999999999997,5.421e-05,In4Te10,mp-582549
156,Insulator,3.7239999999999998,-6.45,64.62899999999999,50.534,646.9209999999999,141.121,2.448,132.319,2.4130000000000003,2.72,5.935e-05,Na8Be4Si12Sn2H8O40,mp-706336
157,Insulator,2.963,-8.556000000000001,133.753,89.166,486.409,57.031000000000006,2.687,56.251999999999995,2.633,2.536,5.215e-05,Sr4Ta4O14,mp-12286
158,Insulator,2.342,-5.266,51.831,15.094000000000001,227.602,157.016,2.96,152.059,2.915,2.4419999999999997,5.048e-05,Bi48Cl24O60,mp-651836
159,Insulator,2.31,-3.177,12.91,5.355,228.012,27.476,3.196,25.625999999999998,2.928,3.5610000000000004,5.857e-05,K2Sn1Cl6,mp-23499
160,Insulator,2.793,-4.034,13.76,13.659,452.01,40.416,2.7889999999999997,36.821999999999996,2.6860000000000004,3.491,5.675e-05,Sn1H8N2Cl6,mp-23763
161,Insulator,3.2039999999999997,-5.5,84.89399999999999,37.553000000000004,474.459,54.207,2.694,52.196999999999996,2.658,2.593,5.928e-05,Te4S2O14,mp-557480
162,Insulator,1.38,-4.026,18.305,15.449000000000002,215.09599999999998,129.85,3.0039999999999996,131.55100000000002,2.8360000000000003,2.289,5.47e-05,Ge16Se32,mp-540625
163,Insulator,2.5180000000000002,-6.231,93.04799999999999,44.798,437.649,125.819,2.773,120.15100000000001,2.627,2.739,5.183e-05,Ba4Ga8Ge8O32,mp-542459
164,Insulator,3.565,-5.837000000000001,69.139,39.413000000000004,559.475,136.17700000000002,2.494,127.29700000000001,2.454,2.537,5.920000000000001e-05,Sb8S12O48,mp-27339
165,Insulator,3.484,-6.78,88.068,53.544,498.086,70.94800000000001,2.6910000000000003,69.165,2.612,2.5860000000000003,5.156e-05,Na6Er2V4O16,mp-555537
166,Insulator,5.29,-5.615,39.111999999999995,53.782,885.1339999999999,111.227,2.032,107.219,2.031,2.735,5.909e-05,Mg3P4H28N2O24,mp-706335
167,Insulator,2.367,-5.763999999999999,87.90700000000001,48.443999999999996,652.174,145.752,2.464,131.639,2.384,2.7430000000000003,5.976e-05,Fe8As8H32O48,mp-543041
168,Insulator,2.9930000000000003,-2.784,0.698,4.955,156.083,122.984,3.333,109.88799999999999,2.972,2.693,5.459e-05,Cs12Hg4Cl20,mp-27354
169,Insulator,3.636,-6.251,84.846,53.39,518.886,140.205,2.6060000000000003,131.951,2.502,2.675,5.177e-05,Li8Hg4P16O48,mp-559070
170,Insulator,4.069,-6.547999999999999,88.758,49.358999999999995,577.938,142.334,2.499,132.518,2.472,2.575,6.014e-05,Li8Cd4P16O48,mp-559715
171,Insulator,5.164,-6.524,54.049,38.334,670.7080000000001,148.781,2.326,135.803,2.299,2.325,5.985e-05,Li20P20O60,mp-1202801
172,Insulator,1.589,-8.589,144.388,87.3,413.718,125.916,2.727,124.465,2.722,2.569,5.181e-05,Sm12Re4O32,mp-7423
173,Insulator,1.7180000000000002,-4.081,34.382,9.103,193.584,105.73100000000001,3.137,98.447,2.957,2.05,5.229e-05,Tl8Ge8S20,mp-12307
174,Insulator,0.871,-2.873,19.322,9.032,166.60299999999998,51.963,3.12,50.473,2.964,2.623,5.952e-05,Cu4Te8Cl4,mp-30971
175,Insulator,1.484,-4.595,51.269,21.754,280.173,17.295,3.008,16.805,2.872,2.9989999999999997,6.095e-05,Sr2S4,mp-1950
176,Insulator,4.659,-8.276,116.18,63.402,638.067,61.281000000000006,2.457,58.388000000000005,2.406,2.68,6.021e-05,Y4C4O16,mp-1191693
177,Insulator,2.5180000000000002,-3.807,25.476999999999997,11.42,309.53700000000003,83.804,3.025,79.234,2.8539999999999996,2.7769999999999997,6.032e-05,Na12As4S12,mp-5830
178,Insulator,7.035,-5.291,57.769,33.043,360.587,51.995,2.88,49.611000000000004,2.786,3.202,5.449e-05,Cs2Na1Al3F12,mp-12309
179,Insulator,3.324,-4.122,22.311,10.97,263.66200000000003,34.05,3.075,33.897,2.9130000000000003,2.97,5.68e-05,Sn4Cl4F4,mp-27373
180,Insulator,3.525,-8.152999999999999,130.575,80.04,513.932,51.992,2.653,52.99,2.5980000000000003,2.657,6.042e-05,Sr4Zr4O12,mp-4387
181,Insulator,3.0180000000000002,-4.994,95.77600000000001,45.864,432.202,56.736000000000004,2.778,51.5,2.645,2.71,5.932e-05,Cd4H4S2O12,mp-634113
182,Insulator,4.908,-7.621,109.07700000000001,72.56,724.71,149.857,2.2769999999999997,137.191,2.291,2.9419999999999997,6.003e-05,Ca8Al16Si16O64,mp-6532
183,Insulator,3.448,-6.325,90.73200000000001,46.016999999999996,546.706,63.282,2.6630000000000003,63.309,2.52,2.502,5.8299999999999994e-05,Sn4P4H4O16,mp-690702
184,Insulator,3.352,-3.989,1.382,6.026,250.19099999999997,150.63299999999998,3.176,140.048,2.93,2.75,6.318e-05,K24Co12Cl48,mp-23515
185,Insulator,3.3,-5.885,35.461,23.891,407.93,28.322,2.8989999999999996,27.843000000000004,2.6060000000000003,2.759,6.006e-05,K4C2O6,mp-554072
186,Insulator,3.7,-7.571000000000001,49.047,20.866,322.784,85.227,2.8,73.883,2.72,2.13,6.17e-05,Cs4Li2Cr2C12N12,mp-570502
187,Insulator,3.389,-5.761,52.809,36.618,876.828,84.70100000000001,2.05,82.602,1.976,3.052,6.038e-05,Cr1Co1H18C6N12,mp-24376
188,Insulator,2.464,-5.8389999999999995,109.069,61.644,445.06300000000005,110.61200000000001,2.787,106.47399999999999,2.6910000000000003,2.667,6.015e-05,K2V6Cd8O24,mp-560167
189,Insulator,2.8089999999999997,-2.483,0.11800000000000001,5.131,163.774,72.31,3.282,66.183,2.964,3.0610000000000004,6.389e-05,Rb4Cd4Br12,mp-27400
190,Insulator,2.397,-3.076,12.089,10.135,133.629,47.106,3.213,43.218999999999994,2.964,2.986,5.706e-05,Rb2Cd2H4I6O2,mp-634062
191,Insulator,2.079,-7.51,122.055,54.218999999999994,400.05800000000005,62.715,2.825,63.617,2.786,2.7430000000000003,5.168e-05,Pb4W4O16,mp-504591
192,Insulator,2.384,-7.468,87.53,59.637,534.924,145.916,2.517,137.951,2.408,2.9010000000000002,5.5799999999999994e-05,Os15C48O48,mp-680248
193,Insulator,4.881,-3.109,16.067,10.880999999999998,280.95799999999997,91.36,3.18,80.933,2.89,3.057,6.559e-05,Na8Zn4Cl16,mp-616461
194,Insulator,3.6639999999999997,-4.446000000000001,15.834000000000001,22.095,422.145,67.12899999999999,2.804,67.999,2.693,3.52,5.596e-05,Sn3As3F21,mp-27405
195,Insulator,3.133,-4.207,6.192,8.356,223.733,96.325,3.248,91.897,2.94,3.553,6.368e-05,Rb6Mn6Cl18,mp-569309
196,Insulator,5.457999999999999,-6.132000000000001,82.04899999999999,78.622,931.56,143.408,2.017,128.496,1.969,2.424,5.961e-05,Al8P8H32O48,mp-24045
197,Insulator,0.57,-4.275,109.22,40.04,257.384,34.949,2.986,33.18,2.904,2.782,4.6700000000000003e-05,Ge4Pt4Se4,mp-20817
198,Insulator,4.575,-6.901,88.184,56.214,512.068,69.243,2.6519999999999997,62.873999999999995,2.592,2.6519999999999997,6.001e-05,Rb4Be4Si4O14,mp-557027
199,Insulator,4.79,-5.457000000000001,8.17,19.623,685.3330000000001,84.479,2.395,81.66199999999999,2.314,2.8480000000000003,5.896e-05,Na4H16C4N4O8,mp-706281
200,Insulator,3.1060000000000003,-6.087000000000001,19.403,14.392999999999999,401.58099999999996,145.535,2.7060000000000004,133.832,2.673,2.477,5.366e-05,Na8H16Pt4C16Br8N16O8,mp-706285
201,Insulator,1.149,-8.511000000000001,172.125,97.335,512.855,42.99100000000001,2.6519999999999997,41.644,2.633,2.7060000000000004,5.148e-05,W4O12,mp-553964
202,Insulator,3.897,-5.075,25.974,20.4,788.078,61.645,2.217,52.858000000000004,2.19,3.3810000000000002,6.572e-05,H16Se2N4O8,mp-23745
203,Insulator,4.351,-5.707000000000001,37.235,16.945999999999998,669.942,112.389,2.226,103.155,2.207,2.574,6.7e-05,P8H24N8O20,mp-706449
204,Insulator,3.6489999999999996,-6.662999999999999,88.82600000000001,32.259,478.39599999999996,35.77,2.6289999999999996,31.096,2.476,2.8089999999999997,6.939e-05,Ag3C6N9,mp-616521
205,Insulator,2.1430000000000002,-7.263,48.861999999999995,24.906,404.74199999999996,52.047,2.8160000000000003,49.464,2.657,2.592,5.168e-05,Cs2V5O13,mp-616573
206,Insulator,1.814,-7.2170000000000005,43.733000000000004,35.321999999999996,394.76199999999994,91.962,2.823,86.522,2.6319999999999997,2.588,5.147e-05,Cs4V8O20,mp-540690
207,Insulator,2.838,-6.172999999999999,41.751000000000005,17.968,475.154,110.094,2.6489999999999996,99.436,2.545,2.657,5.097e-05,Ba2H16Pt2C8N8O8,mp-720842
208,Insulator,2.188,-6.343,39.096,22.343000000000004,272.962,81.225,2.906,76.256,2.818,2.536,5.976e-05,Rb4Pt2C8Br4N8,mp-571526
209,Insulator,5.063,-6.346,75.977,60.025,755.127,26.518,2.276,25.671999999999997,2.21,2.7289999999999996,6.697e-05,Li4Si2O6,mp-5012
210,Insulator,1.599,-4.093,28.416,11.515,310.547,45.839,2.983,42.50899999999999,2.8560000000000003,2.6,6.063e-05,Na4As4S8,mp-5942
211,Insulator,3.989,-6.659,86.37200000000001,54.816,504.599,155.721,2.647,146.421,2.609,2.367,5.178e-05,K16P32Pb8O96,mp-667288
212,Insulator,2.272,-6.417000000000001,178.90400000000002,92.663,635.5930000000001,32.446,2.458,32.492,2.4290000000000003,2.76,6.102e-05,Co4Si2O8,mp-19071
213,Insulator,0.8859999999999999,-2.426,26.896,12.308,200.421,55.473,3.174,51.827,2.945,3.2089999999999996,5.941e-05,K4Ag8S6,mp-7494
214,Insulator,5.858,-5.757999999999999,41.503,33.738,385.57800000000003,49.623999999999995,2.8280000000000003,46.971000000000004,2.717,3.392,6.323e-05,K4Zr2F12,mp-5450
215,Insulator,3.205,-6.721,78.199,50.548,490.173,157.79,2.64,149.91,2.5810000000000004,2.458,5.144e-05,Na24La8V16O64,mp-558512
216,Insulator,2.469,-5.045,6.888,15.537,383.945,105.85799999999999,2.827,100.12700000000001,2.701,3.658,4.808e-05,U1Te6O6F30,mp-560028
217,Insulator,3.063,-7.085,34.106,18.2,568.557,105.374,2.502,102.024,2.494,2.544,6.517e-05,Mn4In2C20Cl2O20,mp-683791
218,Insulator,2.9189999999999996,-7.035,33.626999999999995,20.452,535.939,106.88,2.553,102.895,2.471,2.736,6.509e-05,Mn4In2C20Br2O20,mp-683668
219,Insulator,2.81,-7.0520000000000005,28.541999999999998,22.198,486.28,109.40799999999999,2.622,104.09200000000001,2.512,2.6839999999999997,6.509e-05,Mn4In2C20I2O20,mp-683652
220,Insulator,2.002,-6.648,76.505,36.977,619.9590000000001,80.357,2.545,77.352,2.469,2.799,6.003e-05,Na4Cu2Si8O20,mp-18033
221,Insulator,2.387,-5.5,41.167,16.452,358.726,69.78,2.885,66.128,2.7539999999999996,2.717,6.031e-05,Na4Sb8O14,mp-30972
222,Insulator,0.995,-4.976,49.472,26.91,253.358,117.45,2.9989999999999997,112.99700000000001,2.861,2.273,5.261e-05,Tb6In10S24,mp-20606
223,Insulator,3.403,-4.954,23.134,37.424,834.7280000000001,120.402,2.22,112.48700000000001,2.099,3.502,5.702e-05,Be4Co2H40N4O12F16,mp-24347
224,Insulator,5.358,-6.702999999999999,75.027,46.685,683.065,63.336999999999996,2.344,60.482,2.278,2.7769999999999997,5.953e-05,Ca4P4H4O16,mp-24390
225,Insulator,1.854,-5.937,133.078,67.007,488.579,63.418,2.695,63.619,2.642,2.499,5.993e-05,Sb8O16,mp-230
226,Insulator,4.925,-5.968999999999999,48.705,55.092,832.6210000000001,129.605,2.092,119.205,2.072,2.713,5.939e-05,Mg10H20C8O36,mp-720835
227,Insulator,4.244,-7.125,96.943,63.062,640.793,172.46099999999998,2.3609999999999998,155.505,2.309,2.56,6.019e-05,Ca72P48O192,mp-1197377
228,Insulator,4.035,-6.64,82.741,48.881,598.866,63.49100000000001,2.576,61.082,2.4730000000000003,2.7260000000000004,6.035e-05,Na4Zn2Si6O16,mp-6481
229,Insulator,0.252,-3.11,15.583,9.622,135.82,142.808,3.111,143.094,2.963,2.6710000000000003,5.389e-05,Li12Te36,mp-27466
230,Insulator,4.414,-5.044,5.415,26.337,660.3380000000001,136.953,2.4619999999999997,128.679,2.338,2.95,5.984e-05,Na8H40S8O32,mp-540554
231,Insulator,2.98,-5.544,47.672,31.31,419.94800000000004,72.516,2.8360000000000003,67.119,2.7089999999999996,3.266,7.022e-05,Na3Mn3Cr3F18,mp-18641
232,Insulator,2.0069999999999997,-5.952000000000001,76.002,41.128,453.121,35.254,2.782,36.909,2.6430000000000002,3.5269999999999997,7.01e-05,Mn2Cr2F10,mp-555156
233,Insulator,4.846,-5.122000000000001,19.311,9.609,812.855,110.98100000000001,2.186,103.833,2.1590000000000003,3.395,6.638e-05,H40S4N8O16,mp-720843
234,Insulator,2.611,-5.083,35.077,22.739,299.619,26.849,2.9960000000000004,26.451,2.8369999999999997,3.0669999999999997,5.883e-05,Sn4O2F4,mp-27480
235,Insulator,1.8090000000000002,-3.5639999999999996,37.912,13.359000000000002,268.728,69.648,3.0610000000000004,64.312,2.907,2.545,6.036e-05,Ag8P4S14,mp-27482
236,Insulator,1.5659999999999998,-4.173,53.879,15.16,170.39,49.605,3.069,46.668,2.95,2.775,5.166e-05,Er4Ag4Se8,mp-4044
237,Insulator,3.844,-5.955,14.245999999999999,20.169,471.355,39.152,2.688,36.211,2.55,2.792,6.087e-05,Na4C4S4N4,mp-6633
238,Insulator,3.873,-5.586,22.436,-1.472,722.602,65.862,2.269,54.321999999999996,2.206,2.7880000000000003,6.754e-05,H16C4S4N8,mp-23993
239,Insulator,0.5489999999999999,-4.57,79.833,25.933000000000003,156.046,62.658,3.062,61.848,2.955,2.802,5.176e-05,Y6Sb8Au6,mp-13654
240,Insulator,4.791,-5.511,28.947,25.848000000000003,536.825,145.174,2.589,135.313,2.445,2.634,5.914e-05,K12H12S12N4O46,mp-706366
241,Insulator,5.327999999999999,-4.76,21.076999999999998,19.234,526.515,93.44,2.722,87.384,2.6,3.2510000000000003,5.718e-05,Ca4H16Cl8O8,mp-696166
242,Insulator,2.334,-6.71,68.271,52.622,699.3939999999999,62.425,2.403,63.542,2.32,2.79,5.902e-05,Fe2P6O22,mp-1181396
243,Insulator,3.97,-7.184,118.256,67.939,659.612,65.27,2.463,63.348,2.392,2.8689999999999998,6.0299999999999995e-05,Ca8Si4O16,mp-4180
244,Insulator,1.9269999999999998,-6.395,103.008,56.559,493.254,149.32299999999998,2.6319999999999997,140.483,2.62,2.487,6.004e-05,Ca8Fe8Sb8As16O56,mp-557398
245,Insulator,2.6839999999999997,-6.5729999999999995,43.031000000000006,29.223000000000003,463.86300000000006,121.415,2.7289999999999996,115.376,2.6239999999999997,2.435,5.985e-05,Sn12P8O32,mp-27493
246,Insulator,2.3409999999999997,-7.537000000000001,112.314,76.78699999999999,566.893,51.793,2.531,48.273,2.484,2.655,5.992e-05,K3Nb3B2O12,mp-558828
247,Insulator,2.844,-3.741,0.759,6.3389999999999995,177.082,150.368,3.1260000000000003,140.907,2.9419999999999997,2.5789999999999997,5.104e-05,K16Bi8Br40O16,mp-1204297
248,Insulator,3.2689999999999997,-6.222,19.35,17.916,533.882,142.916,2.5180000000000002,131.392,2.47,2.366,5.117e-05,Na8H24Pt4C16N16O12,mp-720849
249,Insulator,2.781,-7.891,154.757,90.05,522.071,55.306999999999995,2.653,54.106,2.59,2.637,5.178e-05,Na4Ta4O12,mp-3858
250,Insulator,1.5519999999999998,-5.952999999999999,107.419,48.287,573.795,68.904,2.565,66.64,2.436,2.597,5.924e-05,As8O20,mp-1788
251,Insulator,3.032,-5.033,27.52,30.415,722.0419999999999,139.60399999999998,2.327,127.76,2.234,3.0239999999999996,5.712e-05,Co4H68S8N20Cl4O16,mp-720855
252,Insulator,0.5429999999999999,-6.1,177.27,128.704,596.364,15.244000000000002,2.526,14.962,2.479,2.866,6.109e-05,P4Ru2,mp-1413
253,Insulator,0.85,-6.71,204.40900000000002,146.86700000000002,507.244,15.629000000000001,2.6660000000000004,15.505,2.603,2.8989999999999996,5.243e-05,P4Os2,mp-2319
254,Insulator,0.479,-5.425,143.22799999999998,92.68799999999999,413.923,16.984,2.787,16.207,2.7039999999999997,2.8169999999999997,6.112e-05,As4Ru2,mp-766
255,Insulator,0.825,-5.864,164.248,109.76799999999999,377.60900000000004,16.831,2.8160000000000003,16.396,2.742,2.989,5.241e-05,As4Os2,mp-2455
256,Insulator,0.489,-5.3020000000000005,120.10799999999999,76.655,283.733,17.528,2.918,17.083,2.842,2.951,5.214e-05,Sb4Os2,mp-2695
257,Insulator,3.205,-6.425,97.572,58.695,539.815,80.13600000000001,2.6439999999999997,74.22399999999999,2.571,2.7710000000000004,6.004e-05,Na4Zn4Mo4O20,mp-1180094
258,Insulator,1.8119999999999998,-4.466,23.589000000000002,11.793,310.16900000000004,28.45,2.992,27.748,2.838,3.338,6.382e-05,Nb2Cl8,mp-31040
259,Insulator,2.4659999999999997,-7.712000000000001,98.75,49.062,552.241,146.497,2.449,137.315,2.43,2.715,5.577e-05,Os12C48O48,mp-640748
260,Insulator,2.477,-4.31,13.939,9.532,327.466,140.621,2.888,136.563,2.7939999999999996,3.446,5.603e-05,Te12As8S12F48,mp-662789
261,Insulator,2.737,-4.362,3.565,7.631,290.649,144.86700000000002,2.9360000000000004,139.299,2.867,2.929,5.596e-05,Sb8Te8Se16F48,mp-662919
262,Insulator,2.501,-4.336,1.521,5.98,300.594,144.533,2.925,138.975,2.827,3.2039999999999997,5.613e-05,Te8As8Se16F48,mp-667447
263,Insulator,1.369,-4.913,74.16,43.909,473.62699999999995,116.51700000000001,2.741,113.20299999999999,2.6689999999999996,2.91,5.9499999999999996e-05,Na16Fe8O20,mp-19396
264,Insulator,0.836,-4.885,70.166,46.946999999999996,471.923,57.393,2.8,54.07899999999999,2.65,2.764,5.959e-05,Na8Mn4O10,mp-18869
265,Insulator,2.354,-2.764,7.319,8.529,117.765,58.558,3.278,54.711999999999996,2.9730000000000003,3.28,6.349e-05,Rb4Co2I8,mp-27517
266,Insulator,2.109,-3.003,9.964,10.727,109.863,44.048,3.325,43.589,2.9730000000000003,2.8169999999999997,5.316e-05,Cs8S4,mp-540703
267,Insulator,1.5030000000000001,-8.763,199.801,103.98,575.104,28.548000000000002,2.492,29.087,2.418,2.986,6.119e-05,Nb4N4O4,mp-7596
268,Metal,0.0,-9.224,232.785,102.09899999999999,454.525,30.859,2.707,31.000999999999998,2.59,2.8,5.274e-05,Ta4N4O4,mp-4165
269,Insulator,1.094,-2.261,27.811,12.036,156.782,37.686,3.1830000000000003,35.080999999999996,2.9560000000000004,2.978,5.092e-05,Cs2Ag6S4,mp-561902
270,Insulator,0.841,-2.222,29.69,12.186,183.695,37.974000000000004,3.174,35.622,2.944,3.208,5.937e-05,Rb2Ag6S4,mp-1205335
271,Insulator,4.76,-5.428999999999999,64.23899999999999,59.672,730.944,45.628,2.322,42.254,2.21,2.7030000000000003,6.786e-05,Li10Al2O8,mp-7535
272,Insulator,2.32,-4.873,42.677,11.879000000000001,206.645,17.447,3.091,17.858,2.9619999999999997,3.033,5.161e-05,Ba2Cu1Cl1O2,mp-551456
273,Insulator,2.481,-7.421,48.723,37.842,503.84,111.35700000000001,2.543,105.318,2.478,2.949,5.531e-05,Re4C20Br4O20,mp-620054
274,Insulator,5.388,-3.6689999999999996,12.325,14.93,331.42400000000004,65.819,2.988,62.942,2.787,3.452,6.972e-05,Li4Al4Cl16,mp-22983
275,Insulator,2.492,-6.906000000000001,137.202,75.884,570.88,40.086,2.611,40.586,2.48,2.866,6.014e-05,Ca2Si2Sn2O10,mp-6809
276,Insulator,3.687,-6.9639999999999995,114.484,84.134,555.0459999999999,31.861,2.509,31.824,2.398,2.6889999999999996,5.704e-05,Li4W2O8,mp-19260
277,Insulator,4.109,-6.916,114.272,73.628,544.311,129.67,2.503,128.491,2.483,2.406,5.617e-05,Li16W8O32,mp-18933
278,Insulator,1.7630000000000001,-7.3660000000000005,107.166,75.318,540.3480000000001,68.298,2.602,65.032,2.499,2.718,6.007e-05,K2Mo6O18,mp-16909
279,Insulator,0.9840000000000001,-2.448,47.479,14.064,197.78799999999998,145.644,3.141,147.95,2.946,2.509,5.946e-05,Si4Ag32S24,mp-7614
280,Insulator,0.907,-6.444,141.035,54.191,376.973,103.262,2.847,98.605,2.7880000000000003,2.667,5.202e-05,Ho8Cu8O20,mp-5029
281,Insulator,0.746,-4.106,45.567,28.374000000000002,319.235,55.422,2.943,53.541000000000004,2.8569999999999998,2.636,6.076e-05,Mg4As16,mp-7623
282,Insulator,1.926,-7.101,124.499,85.663,517.3,143.439,2.515,137.374,2.439,2.8489999999999998,5.99e-05,Te4Mo20O64,mp-27531
283,Insulator,2.641,-6.591,20.455,23.88,569.486,69.873,2.475,62.335,2.454,2.501,7.317e-05,C8S12N8,mp-540807
284,Insulator,0.753,-3.2680000000000002,28.502,12.368,186.05700000000002,20.273,3.0580000000000003,19.409000000000002,2.932,2.665,5.454e-05,Ga2Te5,mp-2371
285,Insulator,3.273,-6.197,148.77200000000002,89.579,676.8960000000001,31.739,2.338,31.787,2.351,2.802,6.08e-05,Mg4Ge2O8,mp-3904
286,Insulator,3.258,-5.225,28.058000000000003,12.919,640.077,101.944,2.461,99.014,2.418,2.6289999999999996,6.746e-05,H16S16N16,mp-29349
287,Insulator,2.8480000000000003,-3.343,33.625,35.369,555.939,27.92,2.673,25.183000000000003,2.517,4.173,6.377e-05,Ca4H8,mp-23713
288,Insulator,2.47,-8.693,131.003,51.815,384.969,77.5,2.8569999999999998,74.84100000000001,2.787,2.608,5.196e-05,U8O24,mp-294
289,Insulator,2.52,-8.697000000000001,131.01,50.272,377.694,77.477,2.858,74.848,2.7880000000000003,2.57,5.196e-05,U8O24,mp-1198490
290,Insulator,2.988,-7.151,30.526,16.022000000000002,354.24300000000005,73.835,2.878,68.506,2.772,2.5660000000000003,5.13e-05,K2U4Cl4O18,mp-1181066
291,Insulator,2.591,-7.3,73.339,49.13,679.2560000000001,114.23,2.322,107.508,2.249,2.697,5.972e-05,Cr4P12O36,mp-554600
292,Insulator,1.125,-6.959,40.282,18.325,239.489,117.995,3.0380000000000003,113.965,2.912,2.414,5.215e-05,Sm12In4S24,mp-21604
293,Insulator,1.8769999999999998,-5.031000000000001,82.35799999999999,47.615,490.774,66.74,2.7680000000000002,65.516,2.6519999999999997,2.714,6.001e-05,Na8Te4O16,mp-27537
294,Insulator,2.935,-5.847,101.335,55.36600000000001,529.279,72.686,2.6630000000000003,70.35,2.5980000000000003,2.569,6.59e-05,Li8Cd4Si4O16,mp-557293
295,Insulator,4.125,-7.3229999999999995,92.86399999999999,54.411,518.765,91.49600000000001,2.668,92.63600000000001,2.548,2.682,5.189e-05,Rb2Nd2P8O24,mp-17661
296,Insulator,3.565,-5.239,40.058,31.476999999999997,577.425,53.183,2.498,46.669,2.46,2.8360000000000003,6.019e-05,Na2As2H8O10,mp-696175
297,Insulator,5.582000000000001,-4.301,25.441999999999997,12.132,523.5269999999999,54.147,2.745,51.406000000000006,2.613,2.522,5.967e-05,Na4Cl4O12,mp-23330
298,Insulator,1.148,-4.8389999999999995,68.653,48.021,471.157,89.89200000000001,2.742,87.249,2.6460000000000004,2.9330000000000003,5.9499999999999996e-05,Na14Fe6O16,mp-18917
299,Insulator,1.8940000000000001,-3.718,20.261,17.905,243.696,119.667,3.0789999999999997,112.98700000000001,2.9139999999999997,2.6069999999999998,5.959e-05,Rb16Zn8O16,mp-555977
300,Insulator,1.72,-4.207,84.257,49.821000000000005,389.535,82.77600000000001,2.8680000000000003,76.46600000000001,2.762,2.655,5.958e-05,K4Zn12O14,mp-559112
301,Insulator,1.588,-3.41,-0.838,6.574,274.51,146.476,2.975,139.017,2.858,2.7230000000000003,5.566e-05,Sb8N8Cl64O8,mp-1197652
302,Insulator,4.565,-6.778,98.38600000000001,47.934,545.283,66.514,2.6910000000000003,64.111,2.576,2.577,5.193e-05,Li2P6Pb2O18,mp-559627
303,Insulator,3.9530000000000003,-4.527,25.355,10.21,179.782,19.323,3.205,18.139,2.966,3.28,5.484e-05,Ba2I2F2,mp-22951
304,Insulator,4.864,-4.8069999999999995,32.529,12.963,197.206,18.477999999999998,3.198,17.177,2.952,3.612,5.499e-05,Ba2Br2F2,mp-23070
305,Insulator,5.689,-4.944,51.992,25.385,367.647,16.866,2.951,16.217,2.8080000000000003,3.844,6.401e-05,Ca2Cl2F2,mp-27546
306,Insulator,3.505,-5.194,28.125,46.086000000000006,746.405,58.398,2.215,50.592,2.083,2.7569999999999997,6.051e-05,Li2H12N2O12,mp-23906
307,Insulator,5.5920000000000005,-4.373,35.834,11.187999999999999,462.917,63.672,2.765,62.547,2.6519999999999997,2.597,5.93e-05,K4Cl4O16,mp-23526
308,Insulator,2.957,-3.9160000000000004,12.228,9.475,194.16299999999998,22.294,3.306,20.421,2.9389999999999996,3.5669999999999997,6.393e-05,Rb2Mn1Cl4,mp-22978
309,Insulator,5.129,-4.766,14.732999999999999,26.153000000000002,651.114,45.053999999999995,2.436,37.358000000000004,2.3409999999999997,3.658,5.803e-05,Ca1H12Cl2O6,mp-23914
310,Insulator,2.287,-3.0380000000000003,11.675,4.864,132.88299999999998,46.677,3.304,47.336000000000006,2.986,3.28,5.508e-05,Cs3Bi2Br9,mp-27544
311,Insulator,3.8480000000000003,-6.4270000000000005,62.286,26.843000000000004,582.3919999999999,8.693,2.641,7.98,2.506,2.9930000000000003,6.4e-05,Na1N3,mp-22003
312,Insulator,1.216,-4.646,16.957,11.335999999999999,170.15900000000002,79.057,3.111,76.33800000000001,2.96,2.602,5.169e-05,Ba8Mn4Te12,mp-16905
313,Insulator,1.272,-1.929,11.55,7.8020000000000005,177.143,36.505,3.275,34.616,2.977,3.286,6.035e-05,Ag2Au2Cl8,mp-570340
314,Insulator,1.012,-2.8560000000000003,34.486999999999995,13.508,316.315,24.505,3.0610000000000004,23.197,2.858,3.221,6.104e-05,Na4Cu2P2,mp-7639
315,Insulator,1.1,-2.16,16.894000000000002,3.926,167.547,27.430999999999997,3.283,25.212,2.978,3.0410000000000004,5.948e-05,K4Ag2As2,mp-7642
316,Insulator,2.052,-5.485,35.635999999999996,39.007,498.435,48.12,2.727,44.757,2.611,3.7310000000000003,5.7100000000000006e-05,Fe4O4F10,mp-1188385
317,Insulator,1.9180000000000001,-5.474,48.678999999999995,41.044,503.72,48.17,2.7,44.631,2.5810000000000004,3.648,5.7100000000000006e-05,Fe4O4F10,mp-1190371
318,Insulator,0.871,-5.867999999999999,120.536,65.464,373.06300000000005,83.41799999999999,2.87,79.836,2.779,2.657,5.18e-05,Ba12Ni4Sb8O36,mp-18611
319,Insulator,3.278,-4.961,66.656,63.245,647.756,35.15,2.472,33.266999999999996,2.379,2.633,6.784e-05,Li8Sn1O6,mp-4527
320,Insulator,6.881,-5.725,12.958,29.68,581.345,84.76100000000001,2.572,85.917,2.444,3.377,5.723e-05,K4B4C4F24,mp-559721
321,Insulator,2.801,-6.487,159.714,91.103,670.821,140.064,2.365,133.832,2.338,2.765,6.068e-05,Co20P8O48,mp-1203728
322,Insulator,2.259,-2.7,8.288,4.405,96.111,30.469,3.315,28.101,3.008,3.234,5.082e-05,Tl2Pb2I6,mp-27552
323,Insulator,4.467,-5.043,19.578,22.488000000000003,607.653,138.85,2.526,127.791,2.3680000000000003,2.9360000000000004,6.541e-05,B12H24N12Cl24,mp-720847
324,Insulator,3.073,-5.662000000000001,40.1,33.099000000000004,645.864,128.80700000000002,2.461,115.368,2.421,2.755,5.157e-05,U4H40N8O28,mp-720295
325,Insulator,3.8339999999999996,-6.297999999999999,71.04899999999999,32.915,409.606,136.47,2.752,127.64,2.714,2.516,5.193e-05,Cs4Cd4P12O36,mp-13738
326,Insulator,3.609,-6.018,89.772,67.273,492.214,30.211,2.681,29.498,2.5869999999999997,3.062,5.245e-05,Tb2H6O6,mp-24121
327,Insulator,3.175,-6.046,32.746,12.658,471.709,100.425,2.617,93.215,2.5580000000000003,2.3819999999999997,5.128e-05,K2Na2H12Pt2C8N8O6,mp-696179
328,Insulator,3.38,-5.46,143.157,97.508,676.805,34.425,2.425,33.063,2.33,2.785,6.089e-05,Ga4H4O8,mp-634326
329,Insulator,4.516,-7.782,182.17700000000002,102.348,529.979,50.994,2.5989999999999998,50.333,2.55,2.6489999999999996,5.269e-05,Ho4Al4O12,mp-4891
330,Insulator,1.58,-3.471,14.552999999999999,11.508,171.796,46.851000000000006,3.141,43.306999999999995,2.9189999999999996,2.904,6.002e-05,K6Si2Te6,mp-7657
331,Insulator,1.256,-4.541,49.766000000000005,30.328000000000003,374.32099999999997,21.096,2.887,21.259,2.803,2.487,6.096e-05,Ge4S4,mp-2242
332,Insulator,3.303,-3.2230000000000003,-1.2329999999999999,4.909,149.707,119.03399999999999,3.2880000000000003,111.572,2.992,2.653,5.296e-05,Tl12Pb4Cl20,mp-30519
333,Insulator,1.595,-3.707,18.754,7.5920000000000005,235.175,29.973000000000003,3.133,28.541999999999998,2.923,2.826,6.059e-05,K4S6,mp-7667
334,Insulator,0.8140000000000001,-3.324,15.538,4.691,174.45,31.084,3.1860000000000004,29.484,2.964,2.687,5.477e-05,K4Se6,mp-7670
335,Insulator,3.5010000000000003,-7.4879999999999995,43.618,33.163000000000004,286.777,105.40100000000001,2.892,102.26799999999999,2.735,2.571,5.153e-05,Cs8Nb8O24,mp-27556
336,Insulator,2.659,-3.722,9.228,4.869,198.65900000000002,86.20100000000001,3.197,80.113,2.9389999999999996,2.931,5.47e-05,Cs4Fe4Cl16,mp-27570
337,Insulator,4.553,-4.673,85.87799999999999,31.643,297.291,46.614,2.965,42.898999999999994,2.855,3.264,5.403e-05,Bi4F12,mp-23237
338,Insulator,3.602,-6.394,85.975,48.717,365.92,21.189,2.875,20.857,2.77,2.892,6.036e-05,Rb2Sc2O4,mp-7650
339,Insulator,2.595,-5.401,83.588,30.034000000000002,342.542,29.892,2.9619999999999997,29.218000000000004,2.845,2.608,5.153e-05,Pb2Se2O6,mp-20716
340,Insulator,2.253,-7.445,78.568,40.129,629.62,149.65,2.31,141.047,2.316,2.6260000000000003,6.483e-05,Ru12C48O48,mp-652407
341,Insulator,3.465,-4.041,18.657,3.284,414.82300000000004,127.52600000000001,2.801,121.499,2.7089999999999996,3.364,5.576e-05,Te10O8F44,mp-27575
342,Insulator,2.637,-7.197,90.43700000000001,43.593,533.877,110.501,2.53,108.291,2.481,3.0039999999999996,5.529e-05,H4Os6C20O20,mp-600347
343,Insulator,4.305,-6.837000000000001,62.465,37.415,651.802,127.053,2.4,116.38799999999999,2.3609999999999998,2.6430000000000002,5.909e-05,Zr4P8H16O36,mp-540737
344,Insulator,3.529,-6.895,103.99,46.043,480.79400000000004,126.02799999999999,2.69,120.416,2.6310000000000002,2.795,5.175e-05,Ba4Al8Ge8O32,mp-556178
345,Insulator,2.733,-4.765,30.636999999999997,22.177,386.255,156.19799999999998,2.886,149.435,2.755,2.734,6.303e-05,K32Fe16F80,mp-554621
346,Insulator,4.845,-5.5520000000000005,20.209,34.308,683.715,149.792,2.355,135.268,2.336,2.511,5.973e-05,Na16P8H40O48,mp-720853
347,Insulator,5.856,-7.372000000000001,108.57,65.085,803.995,66.861,2.14,68.173,2.124,2.531,5.929e-05,Be4P8O24,mp-27588
348,Insulator,4.187,-5.984,24.625999999999998,24.363000000000003,761.945,50.065,2.238,43.872,2.198,2.678,6.653e-05,Na2H6C4O10,mp-696174
349,Insulator,5.557,-6.332000000000001,66.87,33.989000000000004,575.382,125.50299999999999,2.5980000000000003,115.147,2.476,2.616,5.1e-05,Ba4P8H16O32,mp-706400
350,Insulator,2.9019999999999997,-6.593,90.92299999999999,46.506,470.54900000000004,142.588,2.613,134.003,2.592,2.5269999999999997,5.452e-05,Pb12N72,mp-667338
351,Insulator,0.684,-4.28,98.82700000000001,25.296,310.449,80.705,2.965,76.10600000000001,2.841,2.525,6.013e-05,Si4Ag12O14,mp-561313
352,Insulator,4.375,-4.273,29.719,13.623,457.772,55.464,2.806,52.958999999999996,2.682,2.6289999999999996,5.922e-05,Na4Br4O12,mp-23339
353,Insulator,1.261,-5.809,159.535,79.86399999999999,526.131,50.121,2.602,48.174,2.522,2.888,6.1e-05,Ca1Cu3Ge4O12,mp-17599
354,Insulator,3.2569999999999997,-3.091,-12.914000000000001,3.7510000000000003,243.645,141.339,2.9360000000000004,134.684,2.815,2.8939999999999997,7.343e-05,C16Br64,mp-680422
355,Insulator,3.7289999999999996,-4.478,56.226000000000006,23.276,356.211,54.067,2.95,51.413000000000004,2.8169999999999997,3.4,6.39e-05,K4In8F28,mp-27599
356,Insulator,4.979,-6.557,50.705,57.628,709.48,158.425,2.209,146.155,2.1390000000000002,2.861,5.96e-05,Na24B40H32O88,mp-720296
357,Insulator,5.102,-5.567,53.257,41.903,639.79,68.385,2.508,58.7,2.43,3.089,5.817e-05,Zr2H12O6F8,mp-706386
358,Insulator,2.8360000000000003,-6.251,64.391,39.363,612.211,141.411,2.397,132.42600000000002,2.379,2.5,5.939e-05,Ca8Cr8H16O40,mp-24125
359,Insulator,2.359,-4.038,47.79,23.631999999999998,321.223,72.475,2.9419999999999997,67.994,2.852,2.548,5.974e-05,Ag8Br4N4O12,mp-556345
360,Insulator,5.376,-4.22,33.609,12.779000000000002,1115.896,28.918000000000003,1.7180000000000002,27.997,1.6,4.169,7.556e-05,B4H12,mp-634117
361,Insulator,3.487,-7.256,83.949,36.05,526.596,99.95700000000001,2.5810000000000004,97.90700000000001,2.5580000000000003,2.81,5.9999999999999995e-05,Mg4Mo8O28,mp-27604
362,Insulator,3.33,-5.5089999999999995,45.593,39.251,744.082,145.48,2.238,132.657,2.202,2.447,5.069e-05,La2Mg3H48N12O60,mp-706447
363,Insulator,3.647,-5.183,26.051,32.519,894.5269999999999,131.157,2.097,123.147,1.993,3.333,5.716e-05,As4H72N12O28,mp-720294
364,Insulator,5.284,-4.623,27.515,30.269000000000002,730.273,66.52600000000001,2.336,57.09,2.234,3.003,6.034e-05,Li2H12Cl2O14,mp-23797
365,Insulator,2.8289999999999997,-6.564,155.97899999999998,117.0,823.627,25.897,2.1430000000000002,26.019000000000002,2.116,2.91,6.096e-05,Be4Te1O7,mp-27608
366,Insulator,3.273,-6.332000000000001,25.881999999999998,20.035999999999998,524.7669999999999,125.79899999999999,2.5660000000000003,116.834,2.562,2.715,5.155e-05,Ce4S8O48,mp-1201840
367,Insulator,1.9140000000000001,-5.848,79.675,43.199,513.7909999999999,113.141,2.612,108.84100000000001,2.555,2.7539999999999996,5.98e-05,Mn4Se12O32,mp-1205179
368,Insulator,2.748,-2.424,12.639000000000001,9.834,137.72299999999998,29.665,3.312,27.619,2.97,3.165,5.506e-05,Cs2Cd2Br6,mp-541899
369,Insulator,1.848,-6.282,91.37899999999999,57.019,531.766,62.104,2.645,62.419,2.575,2.825,6.002e-05,Mn4Se4O16,mp-1191320
370,Insulator,1.953,-4.4110000000000005,11.839,8.725,335.885,108.21,2.875,104.62299999999999,2.764,2.426,5.116e-05,Hg4S16N12Cl12,mp-669471
371,Insulator,3.04,-5.525,63.146,50.835,540.075,66.76,2.5989999999999998,62.099,2.513,2.924,5.962e-05,Na12B4O12,mp-30975
372,Insulator,2.334,-4.994,22.274,31.615,603.562,100.95100000000001,2.509,95.73700000000001,2.394,3.1060000000000003,5.658e-05,K4Ca4H24N12,mp-720856
373,Insulator,2.805,-4.845,17.655,8.168,285.87,90.215,2.995,83.023,2.872,2.688,5.898e-05,Sr2Sn4Cl12O10,mp-1194428
374,Insulator,2.0,-6.51,114.988,80.331,657.8939999999999,9.913,2.406,8.499,2.269,3.513,6.072e-05,Cr4H4O8,mp-23910
375,Insulator,0.415,-8.904,70.233,40.113,310.558,68.627,2.9130000000000003,68.274,2.842,2.662,5.224e-05,Gd8P8S8,mp-1191365
376,Insulator,3.9619999999999997,-6.45,84.891,34.701,517.238,81.72,2.698,75.954,2.593,2.594,6.008e-05,K4Cd1P6O20,mp-1202998
377,Insulator,4.497,-5.449,59.07899999999999,30.5,590.964,68.156,2.525,64.50399999999999,2.492,2.556,5.993e-05,Cd2P4H12O14,mp-24407
378,Insulator,3.0269999999999997,-4.5,32.985,13.69,271.47,104.675,3.04,99.632,2.892,3.033,5.683e-05,Sn12Br4F20,mp-23452
379,Insulator,5.869,-5.492000000000001,26.35,21.410999999999998,553.976,27.294,2.614,26.763,2.477,2.773,5.951e-05,Li2S2O6F2,mp-7744
380,Insulator,0.7170000000000001,-3.178,11.417,8.571,145.143,128.273,3.133,125.15299999999999,2.972,2.426,5.414e-05,In12Te30,mp-1197742
381,Insulator,5.575,-7.002999999999999,39.624,54.795,677.427,137.975,2.215,129.38299999999998,2.201,2.698,5.8899999999999995e-05,Na4B20H16O40,mp-721294
382,Insulator,1.27,-2.5180000000000002,38.608000000000004,15.272,179.392,142.985,3.1489999999999996,140.664,2.9189999999999996,2.4330000000000003,5.088e-05,Hg24Cl16O16,mp-540645
383,Insulator,2.627,-4.885,67.467,29.26,389.981,97.315,2.773,94.103,2.701,2.613,5.939e-05,Ca4I8O24,mp-27535
384,Insulator,3.3369999999999997,-5.947,94.024,57.406000000000006,542.278,42.836999999999996,2.5839999999999996,40.205999999999996,2.4619999999999997,3.051,5.015e-05,Re2H8N2O8,mp-24128
385,Insulator,3.2560000000000002,-4.248,51.261,20.679000000000002,335.596,98.818,2.842,96.56700000000001,2.795,2.6289999999999996,5.926e-05,Cd4I8O24,mp-27640
386,Insulator,0.207,-4.4910000000000005,30.146,24.323,214.392,109.54700000000001,3.063,104.476,2.904,2.6460000000000004,5.247e-05,Ba6As28,mp-524
387,Insulator,1.103,-4.466,41.424,34.066,429.031,41.358000000000004,2.8739999999999997,39.085,2.7110000000000003,3.0210000000000004,5.963e-05,Na8Fe2O6,mp-19026
388,Insulator,1.7690000000000001,-5.065,94.719,47.575,434.954,46.575,2.752,43.626999999999995,2.678,2.8939999999999997,5.658e-05,Li8Pb2O8,mp-22170
389,Insulator,1.475,-4.567,30.616999999999997,15.397,189.859,41.441,3.147,39.129,2.946,2.9330000000000003,5.185e-05,K4Pb4O6,mp-20694
390,Insulator,1.422,-4.697,37.236,13.2,203.938,34.779,3.1260000000000003,33.24,2.9389999999999996,2.7110000000000003,5.215e-05,Rb4Pb2O6,mp-21489
391,Insulator,1.276,-4.309,67.641,22.659000000000002,330.691,23.776999999999997,2.951,23.03,2.825,2.647,6.054e-05,V1Cu3S4,mp-3762
392,Insulator,1.569,-4.6930000000000005,15.116,8.512,264.244,150.83100000000002,2.861,141.41,2.819,2.128,6.076e-05,Sb32S56N16,mp-1179822
393,Insulator,1.247,-5.86,141.697,71.281,497.395,33.805,2.655,34.24,2.537,2.526,5.917e-05,Sb4O10,mp-1705
394,Insulator,1.381,-6.119,103.74700000000001,50.887,323.922,27.923000000000002,2.923,28.315,2.7969999999999997,2.6839999999999997,5.211e-05,Ba2Bi1Sb1O6,mp-23127
395,Insulator,1.714,-4.167,38.351,12.46,352.77,86.46600000000001,2.885,75.289,2.752,2.513,6.092e-05,Zn4P6S18,mp-27656
396,Insulator,0.547,-6.05,54.119,26.765,286.265,79.488,2.964,71.774,2.873,2.55,5.228e-05,La8S16,mp-1508
397,Insulator,4.84,-5.303,31.0,25.289,566.946,65.2,2.593,60.653,2.471,2.589,5.951e-05,Na4H4S4O16,mp-634378
398,Insulator,5.257000000000001,-5.575,26.145,35.199,807.807,99.309,2.167,94.42,2.115,2.7689999999999997,6.011e-05,Li4P4H16N4O12F4,mp-720554
399,Insulator,3.2510000000000003,-5.436,46.493,37.677,700.707,50.242,2.416,43.849,2.333,3.115,4.99e-05,U1H12N2O8,mp-696181
400,Insulator,2.0540000000000003,-4.86,5.084,9.668,531.564,98.111,2.61,93.829,2.513,2.9210000000000003,5.706e-05,Cu2H18C2S2N8Cl6O2,mp-706528
