Compound,LOG  P,LOG  P Prob,DT  P,DT  P Prob,RF  P,RF  P Prob,GB  P,GB  P Prob,LOG  C,LOG  C Prob,DT  C,DT  C Prob,RF  C,RF  C Prob,GB  C,GB  C Prob
AgIO3,0,0.48513392260612304,0,0.041666666666666664,1,0.5674789915966386,0,0.20319432165881013,-1,,-1,,1,0.6718383838383838,-1,
AgPaO3,0,0.21939615091238618,1,0.8461538461538461,1,0.589623654201017,1,0.5966244397341649,-1,,1,1.0,1,0.6718383838383838,0,0.0001063490384692896
AgReO3,0,0.18297595709933842,0,0.1111111111111111,0,0.13643137254901963,0,0.001812822917784985,-1,,-1,,-1,,-1,
AgUO3,0,0.3422497939414677,1,0.8461538461538461,0,0.38263800826800254,0,0.07379334865001821,-1,,1,1.0,-1,,-1,
AgWO3,0,0.46422017741754473,1,0.8461538461538461,1,0.8244294794437352,1,0.7025946947887503,-1,,1,1.0,1,0.6718383838383838,0,0.0001063490384692896
NaReO3,0,0.4824857926976064,0,0.1111111111111111,0,0.39,0,0.00409050615316145,-1,,-1,,-1,,-1,
TlWO3,0,0.18346406558577225,1,0.9782608695652174,1,0.9991955028491448,1,0.9979358472558202,-1,,0,0.0,0,0.0,0,2.2383261131310957e-05
CaAmO3,0,0.20184281376854657,1,0.9782608695652174,1,0.914882703099452,1,0.9930889844637806,-1,,0,0.0,0,0.0,0,2.2383261131310994e-05
CaCeO3,1,0.5841409352402875,1,0.9782608695652174,1,0.9365493697661187,1,0.9987005666459067,0,0.04579368592449523,0,0.0,0,0.0,0,2.2383261131310994e-05
CaCoO3,1,0.998738252542514,1,0.9782608695652174,1,0.9986399472935892,1,0.9989075783180666,0,0.0029650477352994994,0,0.0,0,0.0,0,2.2383261131310957e-05
CaNpO3,0,0.006199103602986508,0,0.06666666666666667,0,0.3,0,0.2679265957747201,-1,,-1,,-1,,-1,
CaPaO3,0,0.2926514766073303,1,0.9782608695652174,1,0.9927398459565947,1,0.9986674034156179,-1,,0,0.0,0,0.0,0,2.2383261131310994e-05
CaPrO3,0,0.01641670804362451,0,0.06666666666666667,0,0.32,0,0.35871829173620357,-1,,-1,,-1,,-1,
CaPuO3,0,0.27742685684068624,1,0.9782608695652174,1,0.9465493697661187,1,0.9930889844637806,-1,,0,0.0,0,0.0,0,2.2383261131310994e-05
CaTbO3,1,0.7753820934618931,1,0.9782608695652174,1,0.9831244613412102,1,0.9987216070063062,0,0.19768661112981603,0,0.0,0,0.0,0,2.2383261131310994e-05
CaTeO3,0,0.07251989849694421,1,0.9782608695652174,1,0.8391304347826086,1,0.9983229563632061,-1,,0,0.0,0,0.0,0,2.2383261131310957e-05
CaThO3,0,0.01585497553872664,0,0.06666666666666667,0,0.19666666666666668,0,0.004579263826369645,-1,,-1,,-1,,-1,
CdAmO3,0,0.01379275578966772,1,0.5714285714285714,0,0.48999726609636796,1,0.9482401687062516,-1,,0,0.0,-1,,0,2.2383261131310994e-05
CdCeO3,0,0.06954498114569471,1,0.5714285714285714,1,0.5433305994297012,1,0.8564446839380994,-1,,0,0.0,0,0.0,0,2.2383261131310994e-05
CdCoO3,1,0.9866601067114651,1,0.8461538461538461,1,0.8174899600259549,1,0.94009234940941,0,5.100960060586826e-120,0,0.0,0,0.0,0,2.2383261131310957e-05
CdCrO3,1,0.9445699693300023,1,0.8461538461538461,1,0.9574899600259549,1,0.971250117229629,0,9.12195512578776e-120,0,0.0,0,0.0,0,2.2383261131310957e-05
CdHfO3,1,0.5473551147926623,1,0.8461538461538461,1,0.6312937269454604,1,0.9257298973961647,0,5.471348236492902e-118,0,0.0,0,0.0,0,2.2383261131310994e-05
CdIrO3,0,0.44385008768869383,1,0.8461538461538461,1,0.9774899600259549,1,0.9702477263747972,-1,,0,0.0,0,0.0,0,2.2383261131310994e-05
CdMnO3,1,0.960012870030656,1,0.8461538461538461,1,0.7937185998072265,1,0.8928463328691234,0,1.7204231839969152e-119,0,0.0,0,0.0,0,2.2383261131310994e-05
CdMoO3,1,0.548256705946595,1,0.8461538461538461,1,0.793912774564508,1,0.8928463328691234,0,6.429462051181159e-118,0,0.0,0,0.0,0,2.2383261131310994e-05
CdNbO3,1,0.659056012226158,1,0.8461538461538461,1,0.7329603936121272,1,0.941629172194813,0,3.030888422179971e-118,0,0.0,0,0.0,0,2.2383261131310994e-05
CdPaO3,0,0.025663659733505623,1,0.5714285714285714,0,0.4549179010170029,1,0.7790962445193597,-1,,0,0.0,-1,,0,2.2383261131310994e-05
CdPuO3,0,0.020401189849603672,1,0.5714285714285714,1,0.509997266096368,1,0.9482401687062516,-1,,0,0.0,0,0.0,0,2.2383261131310994e-05
CdRuO3,1,0.6204374033427896,1,0.8461538461538461,1,0.9574899600259549,1,0.9702477263747972,0,5.758479262024211e-118,0,0.0,0,0.0,0,2.2383261131310994e-05
CdTbO3,0,0.18644911695887018,1,0.5714285714285714,0,0.36807877523050864,0,0.38685970582396223,-1,,0,0.0,-1,,-1,
CdUO3,0,0.05672701924365617,1,0.5714285714285714,0,0.36807877523050864,0,0.38685970582396223,-1,,0,0.0,-1,,-1,
CdVO3,1,0.9414741671273029,1,0.8461538461538461,1,0.8820952231838497,1,0.9702477263747972,0,1.160200844072389e-119,0,0.0,0,0.0,0,2.2383261131310994e-05
CdZrO3,1,0.5250907413871562,1,0.8461538461538461,1,0.6084365840883175,1,0.9257298973961647,0,6.040274225613151e-118,0,0.0,0,0.0,0,2.2383261131310994e-05
Eu(II)Co(IV)O3,1,1.0,0,0.041666666666666664,0,0.03,0,0.040615668638945425,0,8.329653147874775e-56,-1,,-1,,-1,
EuCrO3,1,0.9909913276291729,1,0.9782608695652174,1,0.9991955028491448,1,0.9989075783180666,0,7.376491077205938e-29,0,0.0,0,0.0,0,2.2383261131310994e-05
EuGeO3,1,0.7388228141938894,1,1.0,1,0.9191304347826087,1,0.9985845618240369,0,5.83292274936493e-26,0,0.0,0,0.0,0,2.2383261131310957e-05
EuHfO3,1,0.8233033440562479,1,0.9782608695652174,1,0.9993896776064264,1,0.9989061487682539,0,5.462676377186185e-27,0,0.0,0,0.0,0,2.2383261131310994e-05
EuIrO3,1,0.8295872795175999,1,0.9782608695652174,1,0.9991955028491448,1,0.9989075783180666,0,2.1494459481731465e-26,0,0.0,0,0.0,0,2.2383261131310994e-05
EuMnO3,1,0.9924230668861233,1,0.9782608695652174,1,0.9991955028491448,1,0.9989075783180666,0,1.4902156078140803e-28,0,0.0,0,0.0,0,2.2383261131310994e-05
EuMoO3,1,0.8656147293414261,1,0.9782608695652174,1,0.9993896776064264,1,0.9989075783180666,0,5.632182762314652e-27,0,0.0,0,0.0,0,2.2383261131310994e-05
EuNbO3,1,0.8971291022042671,1,0.9782608695652174,1,0.9993896776064264,1,0.9989075783180666,0,2.8372408333578044e-27,0,0.0,0,0.0,0,2.2383261131310994e-05
EuPaO3,0,0.06669807116599406,1,0.9782608695652174,1,0.9953372485539973,1,0.9966581077476931,-1,,0,0.0,0,0.0,0,2.2383261131310994e-05
EuPbO3,0,0.2683391175071809,1,0.9782608695652174,1,0.9753372485539974,1,0.9920858449715626,-1,,0,0.0,0,0.0,0,2.2383261131310994e-05
EuPuO3,0,0.03743112011881807,0,0.06666666666666667,0,0.23,0,0.011396415372194352,-1,,-1,,-1,,-1,
Eu(II)Ru(IV)O3,1,1.0,0,0.041666666666666664,0,0.03,0,0.040615668638945425,0,8.329653147874775e-56,-1,,-1,,-1,
EuSnO3,1,0.8669403276254192,1,0.9782608695652174,1,0.9993896776064264,1,0.9989061487682539,0,5.268077032401426e-25,0,0.0,0,0.0,0,2.2383261131310994e-05
EuUO3,0,0.15249942085870122,1,0.9782608695652174,1,0.9731943914111402,1,0.9911105525421624,-1,,0,0.0,0,0.0,0,2.2383261131310994e-05
Eu(II)V(IV)O3,1,1.0,0,0.041666666666666664,0,0.03,0,0.040615668638945425,0,8.329653147874775e-56,-1,,-1,,-1,
EuZrO3,1,0.801832214161621,1,0.9782608695652174,1,0.9993896776064264,1,0.9979358472558202,0,6.1590801417189475e-27,0,0.0,0,0.0,0,2.2383261131310994e-05
HgAmO3,0,0.00547300675774931,1,0.5714285714285714,0,0.42706674052645616,1,0.8268084342755271,-1,,0,0.0,-1,,0,2.2383261131310994e-05
HgCoO3,1,0.9848583758982337,1,0.8461538461538461,1,0.9249979814163294,1,0.9492250972311698,0,2.367171048774164e-120,0,0.0,0,0.0,0,2.2383261131310994e-05
HgCrO3,1,0.9363347877873207,1,0.8461538461538461,1,0.9649979814163294,1,0.9757554516168352,0,4.265731459532962e-120,0,0.0,0,0.0,0,2.2383261131310994e-05
HgGeO3,0,0.2412626021241133,1,1.0,1,0.6911304347826088,1,0.8661688126432397,-1,,0,0.0,0,0.0,0,2.2383261131310957e-05
HgHfO3,0,0.4264437642071802,1,0.5714285714285714,1,0.7713450383791247,1,0.8742557247023581,-1,,0,0.0,0,0.0,0,2.2383261131310994e-05
HgIrO3,0,0.3988991554256151,1,0.8461538461538461,1,0.9649979814163294,1,0.9749060848514258,-1,,0,0.0,0,0.0,0,2.2383261131310994e-05
HgMnO3,1,0.9488528094920855,1,0.8461538461538461,1,0.8628175302885098,1,0.9159621840006114,0,8.417010136995562e-120,0,0.0,0,0.0,0,2.2383261131310994e-05
HgMoO3,0,0.4794318054705595,1,0.8461538461538461,1,0.8630117050457915,1,0.9159621840006114,-1,,0,0.0,0,0.0,0,2.2383261131310994e-05
HgNbO3,1,0.568658243990139,1,0.8461538461538461,1,0.8063450383791247,1,0.9422110477931612,0,1.5604375630093552e-118,0,0.0,0,0.0,0,2.2383261131310994e-05
HgPaO3,0,0.012697722383541178,1,0.5714285714285714,1,0.6496400046214593,1,0.6765255747797511,-1,,0,0.0,0,0.0,0,2.2383261131310994e-05
HgPbO3,0,0.061433747186011134,1,0.5714285714285714,1,0.5719650479991343,0,0.11943694278411317,-1,,0,0.0,0,0.0,-1,
HgPuO3,0,0.007891980970761573,1,0.5714285714285714,0,0.2503030303030303,1,0.5779926737129449,-1,,0,0.0,-1,,0,2.2383261131310994e-05
HgRuO3,1,0.5806566801718539,1,0.8461538461538461,1,0.9649979814163294,1,0.9749060848514258,0,2.7134658673290313e-118,0,0.0,0,0.0,0,2.2383261131310994e-05
HgSnO3,1,0.500757457704944,1,0.8461538461538461,1,0.7913450383791247,1,0.9366898706759665,0,2.8758928113397385e-116,0,0.0,0,0.0,0,2.2383261131310994e-05
HgTbO3,0,0.10661208636018557,1,0.5714285714285714,1,0.6209333019673883,0,0.3331489545745021,-1,,0,0.0,0,0.0,-1,
HgUO3,0,0.03036353070604807,1,0.5714285714285714,1,0.6209333019673883,0,0.3331489545745021,-1,,0,0.0,0,0.0,-1,
HgVO3,1,0.9267857642644861,1,0.8461538461538461,1,0.917103244574224,1,0.9749060848514258,0,5.634135729007989e-120,0,0.0,0,0.0,0,2.2383261131310994e-05
HgZrO3,0,0.3965641528934377,1,0.5714285714285714,1,0.7684878955219818,1,0.8742557247023581,-1,,0,0.0,0,0.0,0,2.2383261131310994e-05
MnHfO3,0,0.1665267346740581,0,0.041666666666666664,0,0.1170619731146047,0,0.060199427101287444,-1,,-1,,-1,,-1,
MnIrO3,0,0.2964056679294023,0,0.041666666666666664,0,0.4964724919093851,0,0.07812530927833869,-1,,-1,,-1,,-1,
MnMoO3,0,0.3106334386480686,0,0.041666666666666664,0,0.1670619731146047,0,0.007881654597157594,-1,,-1,,-1,,-1,
MnNbO3,0,0.3224570774613009,0,0.041666666666666664,0,0.10039530644793804,0,0.007546460561988172,-1,,-1,,-1,,-1,
MnRuO3,0,0.4809911787815482,0,0.041666666666666664,1,0.5164724919093852,0,0.07812530927833869,-1,,-1,,0,0.0,-1,
MnZrO3,0,0.1381944950719398,0,0.041666666666666664,0,0.18615288220551376,0,0.031063120372651815,-1,,-1,,-1,,-1,
PbAmO3,0,0.35283465267002945,1,0.9782608695652174,1,0.9679418661586149,1,0.9971488603807336,-1,,1,1.0,1,0.6918383838383838,0,0.0001063490384692896
PbIrO3,1,0.6247548024181443,1,0.9782608695652174,1,0.9622540887077308,1,0.9943707041419317,0,2.1438552185637143e-138,1,1.0,1,0.6918383838383838,1,0.9999660828450987
PbMoO3,1,0.7836035688255194,1,0.9782608695652174,1,0.9624482634650124,1,0.9851870197737167,0,4.5853369907500145e-139,1,1.0,1,0.6918383838383838,0,0.0001063490384692896
PbNbO3,1,0.8975246981682763,1,0.9782608695652174,1,0.9878240210407698,1,0.9968422049919414,0,1.822415181625758e-139,1,1.0,1,0.6918383838383838,0,0.0001063490384692896
PbNpO3,0,0.05432594640971668,1,0.9782608695652174,1,0.7733246753246754,1,0.9992940959083894,-1,,1,1.0,1,0.6918383838383838,0,8.324483437033705e-06
PbPaO3,0,0.3061537121728603,1,0.9782608695652174,1,0.9679418661586149,1,0.9971488603807336,-1,,1,1.0,1,0.6918383838383838,0,0.0001063490384692896
PbPrO3,0,0.1147298085677665,1,0.9782608695652174,1,0.7633246753246755,1,0.999435383129926,-1,,1,1.0,1,0.6918383838383838,0,8.324483437033705e-06
PbPuO3,0,0.4769817740515381,1,0.9782608695652174,1,0.9679418661586149,1,0.9971488603807336,-1,,1,1.0,1,0.6918383838383838,0,0.0001063490384692896
PbRuO3,1,0.7602553713528124,1,0.9782608695652174,1,0.9539207553743975,1,0.9943707041419317,0,4.8964397064809736e-139,1,1.0,1,0.6918383838383838,1,0.9999660828450987
PbTbO3,1,0.7490706802982737,1,0.9782608695652174,1,0.9583264815432304,1,0.9968633149201256,0,1.8981400121251557e-139,1,1.0,1,0.6918383838383838,0,0.0001063490384692896
PbThO3,0,0.07458150113303894,1,0.9782608695652174,1,0.6397691197691198,1,0.8457990483480261,-1,,1,1.0,1,0.6918383838383838,0,0.0001063490384692896
PbUO3,0,0.43925332384807875,1,0.9782608695652174,1,0.9583264815432304,1,0.9968633149201256,-1,,1,1.0,1,0.6918383838383838,0,0.0001063490384692896
PbVO3,1,0.9765484197431665,1,0.9782608695652174,1,0.9622540887077308,1,0.9943707041419317,0,8.768648721405983e-141,1,1.0,1,0.6918383838383838,0,0.0001063490384692896
SrCrO3,1,0.997480672214036,1,0.9782608695652174,1,0.9949308563844984,1,0.9988210721640453,0,0.10149432736017548,1,1.0,1,0.6718383838383838,0,0.0001063490384692896
SrNpO3,0,0.1626471355608587,0,0.06666666666666667,0,0.405,0,0.2785888562669245,-1,,-1,,-1,,-1,
SrPaO3,1,0.7537455969237042,1,0.9782608695652174,1,0.9981943914111402,1,0.9982411963720786,1,0.8946669694994345,1,1.0,1,0.6718383838383838,0,0.0001063490384692896
SrUO3,1,0.8535287797736044,1,0.9782608695652174,1,0.9885790067957555,1,0.9987216070063062,1,0.8285859318690986,1,1.0,1,0.6718383838383838,0,0.0001063490384692896
BiCoO3,1,0.988542932210998,1,0.9782608695652174,1,0.9986399472935892,1,0.9989075783180666,0,4.908293324788823e-144,0,0.0,0,0.0,0,2.2383261131310957e-05
BiCrO3,1,0.9528434437592642,1,0.9782608695652174,1,0.9986399472935892,1,0.9989075783180666,0,8.719121373923278e-144,0,0.0,0,0.0,0,2.2383261131310957e-05
BiCuO3,0,0.3671623433608103,1,0.9782608695652174,1,0.9085546772068511,1,0.998327695806523,-1,,0,0.0,0,0.0,0,2.2383261131310957e-05
BiErO3,0,0.26878883126852005,1,0.9782608695652174,1,0.6911853002070393,1,0.9377457049927137,-1,,0,0.0,0,0.0,0,2.2383261131310994e-05
BiGaO3,1,0.9490498483864402,1,0.9782608695652174,1,0.9986399472935892,1,0.9989075783180666,0,4.484769783594728e-142,0,0.0,0,0.0,0,2.2383261131310957e-05
BiHoO3,0,0.19117337810129942,1,0.9782608695652174,0,0.3642646652864044,0,0.31259110495639625,-1,,0,0.0,-1,,-1,
BiLaO3,0,0.00019386584200183288,0,0.06666666666666667,0,0.24,0,0.09197718477127247,-1,,-1,,-1,,-1,
BiLuO3,1,0.5000619982597007,1,0.9782608695652174,1,0.9420039152206641,1,0.9901879342841627,0,3.756563204973573e-142,0,0.0,0,0.0,0,2.2383261131310994e-05
BiNiO3,1,0.8653234004323589,1,0.9782608695652174,1,0.9990652975250132,1,0.9988998683940735,0,1.6046863001289855e-142,0,0.0,0,0.0,0,2.2383261131310957e-05
BiRhO3,1,0.9289313097415237,1,0.9782608695652174,1,0.9993896776064264,1,0.9989075783180666,0,1.7475191285729734e-142,0,0.0,0,0.0,0,2.2383261131310994e-05
BiRuO3,1,0.6632926989535536,1,0.9782608695652174,1,0.9986399472935892,1,0.9989075783180666,0,5.467810943931953e-142,0,0.0,0,0.0,0,2.2383261131310957e-05
BiTiO3,1,0.9486064024555811,1,0.9782608695652174,1,0.9993896776064264,1,0.9989075783180666,0,1.4269874215967596e-143,0,0.0,0,0.0,0,2.2383261131310994e-05
BiTmO3,0,0.3288973777367642,1,0.9782608695652174,1,0.8002719510289843,1,0.9716438448981407,-1,,0,0.0,0,0.0,0,2.2383261131310994e-05
BiVO3,1,0.9538527541768096,1,0.9782608695652174,1,0.9991955028491448,1,0.9989075783180666,0,1.0731663780226763e-143,0,0.0,0,0.0,0,2.2383261131310957e-05
BiYO3,0,0.10603306865680803,1,0.9782608695652174,0,0.4103757763975155,0,0.31259110495639625,-1,,0,0.0,-1,,-1,
CeCoO3,1,0.9988899315936002,1,0.9782608695652174,1,0.9986399472935892,1,0.9989075783180666,0,2.783106029204059e-13,0,0.0,0,0.0,0,2.2383261131310957e-05
CeCuO3,1,0.865243285786366,1,0.9782608695652174,1,0.9485546772068512,1,0.998327695806523,0,3.2663984447570207e-11,0,0.0,0,0.0,0,2.2383261131310957e-05
CeInO3,1,0.9748097778266492,1,0.9782608695652174,1,0.9903372485539973,1,0.99509487483332,0,8.279445799309431e-10,0,0.0,0,0.0,0,2.2383261131310994e-05
CeNiO3,1,0.9854146179028804,1,0.9782608695652174,1,0.9990652975250132,1,0.9988998683940735,0,9.068414546784301e-12,0,0.0,0,0.0,0,2.2383261131310957e-05
CeRhO3,1,0.9923944624568245,1,0.9782608695652174,1,0.9993896776064264,1,0.9989075783180666,0,1.0087457254008795e-11,0,0.0,0,0.0,0,2.2383261131310994e-05
CeRuO3,1,0.9532233651005237,1,0.9782608695652174,1,0.9991955028491448,1,0.9989075783180666,0,3.11068445594094e-11,0,0.0,0,0.0,0,2.2383261131310957e-05
CeScO3,1,0.9916136456946376,1,0.9782608695652174,1,0.9993896776064264,1,0.9989075783180666,0,2.4931347722540995e-14,0,0.0,0,0.0,0,2.2383261131310994e-05
DyCuO3,1,0.7934258966433447,1,0.9782608695652174,1,0.8721304347826088,1,0.9983347762552576,0,5.931799363253979e-42,0,0.0,0,0.0,0,2.2383261131310994e-05
DyGaO3,1,0.9781706310609241,1,0.9782608695652174,1,0.9991955028491448,1,0.9989075783180666,0,6.815943310344025e-42,0,0.0,0,0.0,0,2.2383261131310994e-05
DyRuO3,1,0.8257522471484707,1,0.9782608695652174,1,0.9991955028491448,1,0.9989075783180666,0,8.309967116226592e-42,0,0.0,0,0.0,0,2.2383261131310994e-05
ErCoO3,1,0.994218720880431,1,0.9782608695652174,1,0.9991955028491448,1,0.9989075783180666,0,1.1429662444686435e-51,0,0.0,0,0.0,0,2.2383261131310994e-05
ErGaO3,1,0.969974378764521,1,0.9782608695652174,1,0.9991955028491448,1,0.9989075783180666,0,1.1054069983845047e-49,0,0.0,0,0.0,0,2.2383261131310994e-05
ErInO3,0,0.4306464231017859,1,0.6666666666666666,0,0.37980186480186484,0,0.07464386118690954,-1,,0,0.0,-1,,-1,
ErRuO3,1,0.7735747383811733,1,0.9782608695652174,1,0.9991955028491448,1,0.9989075783180666,0,1.3477071900937027e-49,0,0.0,0,0.0,0,2.2383261131310994e-05
ErScO3,1,0.8108034685189005,1,0.9782608695652174,1,0.9938127545295034,1,0.9987025482619605,0,2.01940625218494e-52,0,0.0,0,0.0,0,2.2383261131310994e-05
EuAmO3,0,0.02659564798803651,0,0.06666666666666667,0,0.27,0,0.011396415372194352,-1,,-1,,-1,,-1,
Eu(III)Co(III)O3,1,1.0,0,0.041666666666666664,0,0.03,0,0.040615668638945425,0,8.329653147874775e-56,-1,,-1,,-1,
EuCuO3,1,0.8638750412186046,1,0.9782608695652174,1,0.9201304347826087,1,0.9983347762552576,0,3.7548141331258145e-27,0,0.0,0,0.0,0,2.2383261131310957e-05
Eu(III)Ru(III)O3,1,1.0,0,0.041666666666666664,0,0.03,0,0.040615668638945425,0,8.329653147874775e-56,-1,,-1,,-1,
EuTiO3,1,0.9841915415416445,1,0.9782608695652174,1,0.9993896776064264,1,0.9989075783180666,0,1.4680308345815832e-28,0,0.0,0,0.0,0,2.2383261131310994e-05
Eu(III)V(III)O3,1,1.0,0,0.041666666666666664,0,0.03,0,0.040615668638945425,0,8.329653147874775e-56,-1,,-1,,-1,
GdCuO3,1,0.8185238394812342,1,0.9782608695652174,1,0.8841304347826088,1,0.9983347762552576,0,3.5785719604641123e-34,0,0.0,0,0.0,0,2.2383261131310957e-05
GdRuO3,1,0.8674342939104153,1,0.9782608695652174,1,0.9991955028491448,1,0.9989075783180666,0,4.6923101703197585e-34,0,0.0,0,0.0,0,2.2383261131310994e-05
HoGaO3,1,0.9742184493050763,1,0.9782608695652174,1,0.9991955028491448,1,0.9989075783180666,0,7.606757304234728e-46,0,0.0,0,0.0,0,2.2383261131310994e-05
HoInO3,1,0.5194337652075772,1,0.6666666666666666,0,0.3398018648018648,0,0.07464386118690954,0,5.472549933159529e-44,0,0.0,-1,,-1,
HoRuO3,1,0.7998512899705477,1,0.9782608695652174,1,0.9991955028491448,1,0.9989075783180666,0,9.274123944571759e-46,0,0.0,0,0.0,0,2.2383261131310994e-05
HoVO3,1,0.9702885117230732,1,0.9782608695652174,1,0.9991955028491448,1,0.9989075783180666,0,2.0159348437253547e-47,0,0.0,0,0.0,0,2.2383261131310994e-05
InGaO3,1,0.8423338068084244,1,0.5714285714285714,1,0.8425427550570109,1,0.6879334362956719,0,4.806565392754407e-124,0,0.0,0,0.0,0,2.2383261131310957e-05
LuCoO3,1,0.991860791730368,1,0.9782608695652174,1,0.9878275374811792,1,0.9955794073467338,0,3.22577180124017e-63,0,0.0,0,0.0,0,2.2383261131310957e-05
LuGaO3,1,0.9571881807627265,1,0.9782608695652174,1,0.9878275374811792,1,0.9968182049673693,0,3.149980033947585e-61,0,0.0,0,0.0,0,2.2383261131310957e-05
LuInO3,0,0.2622397577179082,1,0.6666666666666666,0,0.38480186480186485,0,0.19434531727403992,-1,,0,0.0,-1,,-1,
LuNiO3,1,0.9144992943845435,1,0.9782608695652174,1,0.8966078660675815,1,0.9923057194368416,0,9.861269087473564e-62,0,0.0,0,0.0,0,2.2383261131310957e-05
LuRhO3,1,0.8850169012799122,1,0.9782608695652174,1,0.9644502836670326,1,0.9919083237820203,0,1.6418579656176998e-61,0,0.0,0,0.0,0,2.2383261131310957e-05
LuRuO3,1,0.7027806831491998,1,0.9782608695652174,1,0.9878275374811792,1,0.9968182049673693,0,3.8404413456826125e-61,0,0.0,0,0.0,0,2.2383261131310957e-05
LuScO3,1,0.6923913253468945,1,0.6666666666666666,1,0.7461924336738883,1,0.8840198110701518,0,6.44103928279711e-64,0,0.0,0,0.0,0,2.2383261131310957e-05
LuVO3,1,0.9473879376399877,1,0.9782608695652174,1,0.9878275374811792,1,0.9968182049673693,0,8.5919890390837e-63,0,0.0,0,0.0,0,2.2383261131310957e-05
NdCuO3,1,0.8578854499974092,1,0.9782608695652174,1,0.8801304347826087,1,0.9983347762552576,0,1.7914599421824082e-18,0,0.0,0,0.0,0,2.2383261131310957e-05
NdRuO3,1,0.9227533110173118,1,0.9782608695652174,1,0.9991955028491448,1,0.9989075783180666,0,2.069221237400361e-18,0,0.0,0,0.0,0,2.2383261131310994e-05
PrCuO3,1,0.851507906902184,1,0.9782608695652174,1,0.9101304347826087,1,0.9985751845937889,0,4.863058868365741e-15,0,0.0,0,0.0,0,2.2383261131310957e-05
PrInO3,1,0.9534780691701792,1,0.9782608695652174,1,0.9903372485539973,1,0.9952873165784357,0,1.525976827806435e-13,0,0.0,0,0.0,0,2.2383261131310994e-05
PuGaO3,1,0.9773168546713845,1,0.9782608695652174,1,0.9991955028491448,1,0.9967517005668959,0,3.871981876070453e-24,0,0.0,0,0.0,0,2.2383261131310957e-05
SmCuO3,1,0.8448230023620475,1,0.9782608695652174,1,0.8801304347826087,1,0.9983347762552576,0,4.313085205765239e-26,0,0.0,0,0.0,0,2.2383261131310957e-05
SmGaO3,1,0.9881233517884597,1,0.9782608695652174,1,0.9991955028491448,1,0.9989075783180666,0,4.438481318854057e-26,0,0.0,0,0.0,0,2.2383261131310994e-05
SmRuO3,1,0.8979473127329061,1,0.9782608695652174,1,0.9991955028491448,1,0.9989075783180666,0,5.411376258028376e-26,0,0.0,0,0.0,0,2.2383261131310994e-05
TbCuO3,1,0.7972872052729141,1,0.9782608695652174,1,0.8921304347826087,1,0.9983347762552576,0,3.1395122417132694e-38,0,0.0,0,0.0,0,2.2383261131310957e-05
TbGaO3,1,0.9805569819232701,1,0.9782608695652174,1,0.9991955028491448,1,0.9989075783180666,0,3.4708759494576795e-38,0,0.0,0,0.0,0,2.2383261131310994e-05
TbInO3,1,0.6532610865081225,1,0.6666666666666666,1,0.5731080180894729,1,0.9075577578108384,0,2.2390474743607442e-36,0,0.0,0,0.0,0,2.2383261131310994e-05
TbNiO3,1,0.9560031037450749,1,0.9782608695652174,1,0.9996208530805687,1,0.9988998683940735,0,1.1340497180363327e-38,0,0.0,0,0.0,0,2.2383261131310994e-05
TbRuO3,1,0.8421112541362955,1,0.9782608695652174,1,0.9991955028491448,1,0.9989075783180666,0,4.231676187905215e-38,0,0.0,0,0.0,0,2.2383261131310994e-05
TbScO3,1,0.9032279359718873,1,0.9782608695652174,1,0.9638127545295033,1,0.9921109631250842,0,5.53435512889844e-41,0,0.0,0,0.0,0,2.2383261131310994e-05
TlCoO3,1,0.9754804709236217,1,0.9782608695652174,1,0.9991955028491448,1,0.9989061487682539,0,5.249298566072139e-125,0,0.0,0,0.0,0,2.2383261131310957e-05
TlGaO3,1,0.8764555526951644,1,0.9782608695652174,1,0.9991955028491448,1,0.9979358472558202,0,5.185930890369119e-123,0,0.0,0,0.0,0,2.2383261131310957e-05
TlMnO3,1,0.881848234253551,1,0.9782608695652174,1,0.9791955028491448,1,0.9964336104071937,0,2.2148832287398298e-124,0,0.0,0,0.0,0,2.2383261131310957e-05
TlRhO3,1,0.683152290491563,1,0.9782608695652174,1,0.9738127545295033,1,0.9941495180893466,0,2.8442322605189138e-123,0,0.0,0,0.0,0,2.2383261131310957e-05
TlRuO3,0,0.4286585770277315,1,0.9782608695652174,1,0.9991955028491448,1,0.9979358472558202,-1,,0,0.0,0,0.0,0,2.2383261131310957e-05
TlScO3,0,0.33859962035748004,1,0.6666666666666666,1,0.514423076923077,0,0.0972701804819787,-1,,0,0.0,0,0.0,-1,
TlVO3,1,0.8438000022661551,1,0.9782608695652174,1,0.9791955028491448,1,0.9967517005668959,0,1.44731467248492e-124,0,0.0,0,0.0,0,2.2383261131310957e-05
TmCoO3,1,0.993789456300218,1,0.9782608695652174,1,0.9991955028491448,1,0.9989075783180666,0,1.4816977604107616e-55,0,0.0,0,0.0,0,2.2383261131310994e-05
TmGaO3,1,0.9675743377357636,1,0.9782608695652174,1,0.9991955028491448,1,0.9989075783180666,0,1.4372996933941653e-53,0,0.0,0,0.0,0,2.2383261131310994e-05
TmInO3,0,0.3825522611719131,1,0.6666666666666666,0,0.3598018648018648,0,0.07464386118690954,-1,,0,0.0,-1,,-1,
TmMnO3,1,0.9722532188206734,1,0.9782608695652174,1,0.9991955028491448,1,0.9989061487682539,0,5.869148913915494e-55,0,0.0,0,0.0,0,2.2383261131310994e-05
TmRhO3,1,0.9168800380283723,1,0.9782608695652174,1,0.9993896776064264,1,0.9976478683610978,0,7.276801300436233e-54,0,0.0,0,0.0,0,2.2383261131310994e-05
TmRuO3,1,0.7593704046266442,1,0.9782608695652174,1,0.9991955028491448,1,0.9989075783180666,0,1.752349255919044e-53,0,0.0,0,0.0,0,2.2383261131310994e-05
TmScO3,1,0.7841884503904684,1,0.9782608695652174,1,0.9938127545295034,1,0.9987025482619605,0,2.719187545734609e-56,0,0.0,0,0.0,0,2.2383261131310994e-05
YbCoO3,1,0.9928883986381912,1,0.9782608695652174,1,0.9878275374811792,1,0.9955794073467338,0,1.5868950458666484e-59,0,0.0,0,0.0,0,2.2383261131310994e-05
YbInO3,0,0.32554315721116306,1,0.6666666666666666,0,0.38480186480186485,0,0.19434531727403992,-1,,0,0.0,-1,,-1,
YbRhO3,1,0.9028510670938055,1,0.9782608695652174,1,0.9844502836670326,1,0.9970608867702421,0,7.905648787904527e-58,0,0.0,0,0.0,0,2.2383261131310994e-05
YbRuO3,1,0.7323026975647375,1,0.9782608695652174,1,0.9878275374811792,1,0.9968223545621925,0,1.8817582508728324e-57,0,0.0,0,0.0,0,2.2383261131310994e-05
YbScO3,1,0.7448334456257434,1,0.6666666666666666,1,0.8660854818022307,1,0.9540702507195564,0,3.012207252323825e-60,0,0.0,0,0.0,0,2.2383261131310994e-05
YRhO3,1,0.9711210742974302,1,0.9782608695652174,1,0.9993896776064264,1,0.9989061487682539,0,4.3026143263500323e-07,0,0.0,0,0.0,0,2.2383261131310994e-05
YRuO3,1,0.8976424862724628,1,0.9782608695652174,1,0.9991955028491448,1,0.9989075783180666,0,1.0760619395446232e-06,0,0.0,0,0.0,0,2.2383261131310994e-05
YYbO3,0,0.1905835803305503,0,0.06666666666666667,0,0.12621212121212122,0,0.013224804081005567,-1,,-1,,-1,,-1,
CeLaO3,0,0.0015200761605013945,0,0.06666666666666667,0,0.24,0,0.1247914118334185,-1,,-1,,-1,,-1,
CeYO3,1,0.5015312196440448,0,0.06666666666666667,0,0.09054244306418219,0,0.014362625944200756,0,2.682918384586445e-12,-1,,-1,,-1,
DyErO3,0,0.04716541457892781,0,0.06666666666666667,0,0.04666666666666667,0,0.01126823976772512,-1,,-1,,-1,,-1,
DyLuO3,0,0.15073329472377328,0,0.06666666666666667,0,0.1762121212121212,0,0.0303884392481861,-1,,-1,,-1,,-1,
DyTmO3,0,0.0676188658159923,0,0.06666666666666667,0,0.07833333333333334,0,0.010663568043873702,-1,,-1,,-1,,-1,
DyYbO3,0,0.120215106581715,0,0.06666666666666667,0,0.1662121212121212,0,0.0303884392481861,-1,,-1,,-1,,-1,
ErLuO3,0,0.0815823113929001,0,0.06666666666666667,0,0.15621212121212122,0,0.0303884392481861,-1,,-1,,-1,,-1,
ErYbO3,0,0.06344771914914872,0,0.06666666666666667,0,0.1462121212121212,0,0.0303884392481861,-1,,-1,,-1,,-1,
EuCeO3,0,0.11773352919243393,0,0.06666666666666667,0,0.21,0,0.011396415372194352,-1,,-1,,-1,,-1,
EuErO3,0,0.18771457367081631,0,0.06666666666666667,0,0.2,0,0.0036783279307962195,-1,,-1,,-1,,-1,
EuLuO3,0,0.43497485311825773,0,0.06666666666666667,0,0.21,0,0.011396415372194352,-1,,-1,,-1,,-1,
EuTbO3,0,0.4067841250876682,1,0.9782608695652174,1,0.9731943914111402,1,0.9911105525421624,-1,,0,0.0,0,0.0,0,2.2383261131310994e-05
EuTmO3,0,0.2482146450448049,0,0.06666666666666667,0,0.2,0,0.0047702926812810305,-1,,-1,,-1,,-1,
EuYbO3,0,0.3763239719472237,0,0.06666666666666667,0,0.21,0,0.011396415372194352,-1,,-1,,-1,,-1,
GdErO3,0,0.09780237235245183,0,0.06666666666666667,0,0.04,0,0.004849831252749746,-1,,-1,,-1,,-1,
GdLuO3,0,0.2710881461189681,0,0.06666666666666667,0,0.12621212121212122,0,0.013224804081005567,-1,,-1,,-1,,-1,
GdTmO3,0,0.1352809289137727,0,0.06666666666666667,0,0.06166666666666667,0,0.004587983358438061,-1,,-1,,-1,,-1,
GdYbO3,0,0.2244566388182429,0,0.06666666666666667,0,0.12621212121212122,0,0.013224804081005567,-1,,-1,,-1,,-1,
HoLuO3,0,0.11882654633589072,0,0.06666666666666667,0,0.1762121212121212,0,0.0303884392481861,-1,,-1,,-1,,-1,
HoYbO3,0,0.09382395721153332,0,0.06666666666666667,0,0.1662121212121212,0,0.0303884392481861,-1,,-1,,-1,,-1,
LuYbO3,0,0.027198191473095622,0,0.06666666666666667,0,0.1412121212121212,0,0.07573357392472645,-1,,-1,,-1,,-1,
NdErO3,0,0.3238961160142894,0,0.06666666666666667,0,0.005,0,0.0037053377289277146,-1,,-1,,-1,,-1,
NdTmO3,0,0.40178890834323666,0,0.06666666666666667,0,0.03666666666666667,0,0.003505064696811716,-1,,-1,,-1,,-1,
SmErO3,0,0.16545004443586392,0,0.06666666666666667,0,0.005,0,0.0037053377289277146,-1,,-1,,-1,,-1,
SmLuO3,0,0.3977434988343477,0,0.06666666666666667,0,0.10621212121212122,0,0.010124038512800727,-1,,-1,,-1,,-1,
SmTmO3,0,0.22072419948238486,0,0.06666666666666667,0,0.02666666666666667,0,0.003505064696811716,-1,,-1,,-1,,-1,
SmYbO3,0,0.34108232224498813,0,0.06666666666666667,0,0.10621212121212122,0,0.010124038512800727,-1,,-1,,-1,,-1,
TbErO3,0,0.0679564477577009,0,0.06666666666666667,0,0.026666666666666665,0,0.004849831252749746,-1,,-1,,-1,,-1,
TbLuO3,0,0.20304937648788812,0,0.06666666666666667,0,0.11621212121212121,0,0.013224804081005567,-1,,-1,,-1,,-1,
TbTmO3,0,0.0957478151930807,0,0.06666666666666667,0,0.06833333333333334,0,0.004587983358438061,-1,,-1,,-1,,-1,
TbYbO3,0,0.1648466345515984,0,0.06666666666666667,0,0.12621212121212122,0,0.013224804081005567,-1,,-1,,-1,,-1,
TmLuO3,0,0.06556918606400737,0,0.06666666666666667,0,0.15621212121212122,0,0.0303884392481861,-1,,-1,,-1,,-1,
TmYbO3,0,0.05060299197669605,0,0.06666666666666667,0,0.1462121212121212,0,0.0303884392481861,-1,,-1,,-1,,-1,
YbLuO3,0,0.05027037288594941,0,0.06666666666666667,0,0.16121212121212122,0,0.07573357392472645,-1,,-1,,-1,,-1,
YLuO3,0,0.2345319393773683,0,0.06666666666666667,0,0.11621212121212121,0,0.013224804081005567,-1,,-1,,-1,,-1,
CsBiO3,1,0.999909979996385,1,0.9782608695652174,1,0.6854385026737969,1,0.9579625641752879,1,0.9999999822302647,1,1.0,1,1.0,0,2.2383261131310957e-05
CsPaO3,1,0.9998648037061,1,0.9782608695652174,1,0.7915496137849078,1,0.99860943306715,1,0.9998958497426893,1,1.0,1,1.0,0,2.2383261131310957e-05
CsReO3,1,0.9057976879185463,0,0.0,0,0.1,0,0.0014425506528345493,1,0.9999978233293915,-1,,-1,,-1,
CsSbO3,1,0.9188245217473497,0,0.0,0,0.12,0,0.012387823048594173,1,0.9999999928721106,-1,,-1,,-1,
CsTaO3,1,0.996804300094851,0,0.0,0,0.18,0,0.019905115741919183,1,0.9999914331672437,-1,,-1,,-1,
CsUO3,1,0.9998686446537547,1,0.9782608695652174,1,0.6854385026737969,1,0.9579625641752879,1,0.9998576585628152,1,1.0,1,1.0,0,2.2383261131310957e-05
CsWO3,1,0.9933348327750646,0,0.0,0,0.16,0,0.019905115741919183,1,0.9999932097386068,-1,,-1,,-1,
KReO3,1,0.7618568207880577,0,0.0,0,0.1885555555555556,0,0.0007796814639777718,1,0.9974324252209753,-1,,-1,,-1,
KWO3,1,0.9573290875018489,1,0.9782608695652174,1,0.9136942041478462,1,0.972597244541148,1,0.99422545627695,1,1.0,1,0.9966666666666667,0,2.2383261131310957e-05
RbBiO3,1,0.9982802001546112,1,0.9782608695652174,1,0.9435264815432304,1,0.9990535542273073,1,0.9999989773212061,1,1.0,1,1.0,1,0.9999789749570063
RbReO3,1,0.8224695912534226,0,0.0,0,0.19466666666666668,0,0.0013183825932482677,1,0.9996896681220432,-1,,-1,,-1,
RbSbO3,1,0.8067792954184231,0,0.0,0,0.2986666666666667,0,0.012387823048594173,1,0.9999990885216948,-1,,-1,,-1,
RbWO3,1,0.976916104071,0,0.0,0,0.4582413164352429,0,0.04454738756536508,1,0.9992203198300247,-1,,-1,,-1,
TlBiO3,0,0.0050926841695677245,1,0.6666666666666666,0,0.46646853146853146,0,0.09180230264150221,-1,,0,0.0,-1,,-1,
TlNbO3,0,0.2614235924487725,1,0.9782608695652174,1,0.9938127545295034,1,0.9987025482619605,-1,,0,0.0,0,0.0,0,2.2383261131310957e-05
TlPaO3,0,0.0011684499516596896,1,0.6666666666666666,0,0.4231351981351981,0,0.07464386118690954,-1,,0,0.0,-1,,-1,
TlReO3,0,0.15368583327612584,1,0.9782608695652174,1,0.9159999999999999,1,0.9975659331830452,-1,,0,0.0,0,0.0,0,2.2383261131310957e-05
TlTaO3,0,0.12128512100313574,1,0.9782608695652174,1,0.9791955028491448,1,0.9967517005668959,-1,,0,0.0,0,0.0,0,2.2383261131310957e-05
TlUO3,0,0.003495559318768737,1,0.6666666666666666,0,0.46646853146853146,0,0.09180230264150221,-1,,0,0.0,-1,,-1,
BaVO3,1,0.9995142484407794,1,0.9782608695652174,1,0.9758399472935894,1,0.998890012879176,0,0.3913910846247573,1,0.9090909090909091,1,0.9032910145410146,1,0.9999789749570063
AgAsO3,0,0.0006462298726151366,0,0.0,0,0.02,0,0.0029166907377409235,-1,,-1,,-1,,-1,
CsAsO3,0,0.0002987798722137925,0,0.0,0,0.0,0,0.0013841150584578364,-1,,-1,,-1,,-1,
CsNO3,0,1.4692708585189928e-28,0,0.0,0,0.0,0,0.0013882348780144326,-1,,-1,,-1,,-1,
CsPO3,0,2.1046094263243066e-07,0,0.0,0,0.0,0,0.0013882348780144326,-1,,-1,,-1,,-1,
LiBrO3,0,0.011904501266315348,0,0.041666666666666664,0,0.02,0,0.006827198624393321,-1,,-1,,-1,,-1,
LiPaO3,0,0.0012468822487189453,0,0.041666666666666664,0,0.16399999999999998,0,0.09528817926633701,-1,,-1,,-1,,-1,
LiUO3,0,0.003792463517018463,0,0.041666666666666664,0,0.0327719298245614,0,0.006268559519224135,-1,,-1,,-1,,-1,
LiWO3,0,0.216822121399737,0,0.041666666666666664,0,0.38,0,0.07856950089434074,-1,,-1,,-1,,-1,
TlAsO3,0,0.021225719306404787,1,1.0,0,0.4,1,0.965277364788613,-1,,0,0.0,-1,,0,2.2383261131310957e-05
TlPO3,0,0.00702568134040159,1,1.0,0,0.42,1,0.9588424213098734,-1,,0,0.0,-1,,0,2.2383261131310957e-05
BaSeO3,0,0.05851081644874749,0,0.0,0,0.0,0,0.0010696137127674974,-1,,-1,,-1,,-1,
BaSO3,0,2.304379482729218e-06,0,0.0,0,0.0,0,0.0013882348780144326,-1,,-1,,-1,,-1,
CaNiO3,1,0.983452183104669,1,0.9782608695652174,1,0.9990652975250132,1,0.9988998683940735,0,0.08833970779601928,0,0.0,0,0.0,0,2.2383261131310957e-05
CaSeO3,0,0.12327574162934932,1,1.0,0,0.48,1,0.9433475276269259,-1,,0,0.0,-1,,0,2.2383261131310957e-05
CaSO3,0,0.00016660324655756308,0,0.0,0,0.06,0,0.0013882348780144326,-1,,-1,,-1,,-1,
CdNiO3,1,0.8505651342854552,0,0.1111111111111111,1,0.5261633367406995,1,0.7273451697471388,0,1.6454302065324e-118,-1,,0,0.0,0,2.2383261131310957e-05
CdNpO3,0,0.00025796121806888773,1,0.5714285714285714,0,0.315,0,0.07890372088855434,-1,,0,0.0,-1,,-1,
CdPrO3,0,0.000713877848804735,1,0.5714285714285714,0,0.415,1,0.9359456205206245,-1,,0,0.0,-1,,0,2.2383261131310994e-05
CdSiO3,0,0.0007531315887337991,0,0.041666666666666664,0,0.10644444444444445,0,0.006275749950371553,-1,,-1,,-1,,-1,
CdThO3,0,0.0007523614409682647,1,0.5714285714285714,0,0.3216666666666667,0,0.12450503522335434,-1,,0,0.0,-1,,-1,
CoAmO3,0,8.825527440893038e-05,0,0.041666666666666664,0,0.06,0,0.022619559881297175,-1,,-1,,-1,,-1,
CoCrO3,1,0.8517736231538479,0,0.041666666666666664,0,0.4198058252427185,0,0.045665661611903906,0,4.536622494883486e-101,-1,,-1,,-1,
CoHfO3,0,0.06820387997812641,0,0.041666666666666664,0,0.041152882205513774,0,0.01327048943192941,-1,,-1,,-1,,-1,
CoIrO3,0,0.18225329459434186,0,0.041666666666666664,0,0.38980582524271845,0,0.012393416475575857,-1,,-1,,-1,,-1,
CoMoO3,0,0.17578539292301287,0,0.041666666666666664,0,0.13872863978127137,0,0.04935923352952309,-1,,-1,,-1,,-1,
CoNbO3,0,0.1651383735910261,0,0.041666666666666664,0,0.18615288220551376,0,0.0340048649097864,-1,,-1,,-1,,-1,
CoNiO3,1,0.7187968910949079,0,0.041666666666666664,0,0.08285714285714285,0,0.0516018909038141,0,7.279404998977333e-100,-1,,-1,,-1,
CoNpO3,0,1.7069564809155873e-07,0,0.041666666666666664,0,0.22,0,0.017124100564459933,-1,,-1,,-1,,-1,
CoPaO3,0,0.000495793866642931,0,0.041666666666666664,0,0.1,0,0.14920597827982218,-1,,-1,,-1,,-1,
CoPbO3,0,0.0026865465225385586,0,0.041666666666666664,0,0.042105263157894736,0,0.02462337437203578,-1,,-1,,-1,,-1,
CoPuO3,0,0.00011305216858077751,0,0.041666666666666664,0,0.08,0,0.022619559881297175,-1,,-1,,-1,,-1,
CoRuO3,0,0.33399966179622537,0,0.041666666666666664,0,0.38980582524271845,0,0.012393416475575857,-1,,-1,,-1,,-1,
CoSnO3,0,0.11550872272056592,0,0.041666666666666664,0,0.14615288220551378,0,0.022868442583565265,-1,,-1,,-1,,-1,
CoSO3,0,0.0020629237627727095,0,0.041666666666666664,0,0.04,0,0.03568797778344605,-1,,-1,,-1,,-1,
CoUO3,0,0.0015661151443939643,0,0.041666666666666664,0,0.028771929824561403,0,0.009362061348793048,-1,,-1,,-1,,-1,
CoVO3,1,0.7726021168372481,0,0.041666666666666664,0,0.20762537411489887,0,0.02413238825093076,0,6.985370473616118e-101,-1,,-1,,-1,
CoZrO3,0,0.053363697410039074,0,0.041666666666666664,0,0.03543859649122807,0,0.014622252188998631,-1,,-1,,-1,,-1,
CuAmO3,0,1.3375118233861273e-05,0,0.041666666666666664,0,0.06,0,0.022619559881297175,-1,,-1,,-1,,-1,
CuCoO3,1,0.9413673097947892,0,0.041666666666666664,0,0.12980582524271844,0,0.04279874764935324,0,4.330888074236963e-112,-1,,-1,,-1,
CuCrO3,1,0.7652269267274715,0,0.041666666666666664,0,0.44480582524271844,0,0.0768632540799501,0,8.155706227526279e-112,-1,,-1,,-1,
CuHfO3,0,0.022944581992815412,0,0.041666666666666664,0,0.03543859649122807,0,0.01327048943192941,-1,,-1,,-1,,-1,
CuIrO3,0,0.10614436311764464,0,0.041666666666666664,0,0.465,0,0.09010198149078223,-1,,-1,,-1,,-1,
CuMnO3,1,0.685350410733796,0,0.041666666666666664,0,0.10281954887218045,0,0.00700510393841275,0,2.0861151445775084e-111,-1,,-1,,-1,
CuMoO3,0,0.08879604729586,0,0.041666666666666664,0,0.06281954887218044,0,0.00700510393841275,-1,,-1,,-1,,-1,
CuNiO3,1,0.6145597906864383,0,0.041666666666666664,0,0.07285714285714286,0,0.05985156384731956,0,1.2588153710593267e-110,-1,,-1,,-1,
CuNpO3,0,1.2239821223473202e-08,0,0.041666666666666664,0,0.22,0,0.017124100564459933,-1,,-1,,-1,,-1,
CuPaO3,0,0.00010802321009722108,0,0.041666666666666664,0,0.06,0,0.02256964572751041,-1,,-1,,-1,,-1,
CuPuO3,0,1.6298830395820854e-05,0,0.041666666666666664,0,0.08,0,0.022619559881297175,-1,,-1,,-1,,-1,
CuRuO3,0,0.2161004374696018,0,0.041666666666666664,0,0.44480582524271844,0,0.11550407387538315,-1,,-1,,-1,,-1,
CuSnO3,0,0.04491784849377631,0,0.041666666666666664,0,0.03543859649122807,0,0.01327048943192941,-1,,-1,,-1,,-1,
CuSO3,0,0.006768627488133509,0,0.041666666666666664,0,0.13,0,0.008162812628006682,-1,,-1,,-1,,-1,
CuThO3,0,1.2622975692061354e-07,0,0.041666666666666664,0,0.22,0,0.007292395283393995,-1,,-1,,-1,,-1,
CuTiO3,0,0.39328349773662696,0,0.041666666666666664,0,0.11043859649122806,0,0.014592958122437117,-1,,-1,,-1,,-1,
CuUO3,0,0.00038046290537454007,0,0.041666666666666664,0,0.028771929824561403,0,0.009362061348793048,-1,,-1,,-1,,-1,
CuZrO3,0,0.016797701048873504,0,0.041666666666666664,0,0.03543859649122807,0,0.014622252188998631,-1,,-1,,-1,,-1,
EuNiO3,1,0.9756368803496025,1,0.9782608695652174,1,0.9996208530805687,1,0.9988998683940735,0,1.284609273720915e-27,0,0.0,0,0.0,0,2.2383261131310994e-05
EuCO3,0,5.619788711868465e-13,0,0.0,0,0.0,0,0.0013882348780144326,-1,,-1,,-1,,-1,
EuNpO3,0,0.0002559218170151289,0,0.06666666666666667,0,0.37,0,0.01453556326409978,-1,,-1,,-1,,-1,
EuSeO3,0,0.18453588722502381,1,1.0,0,0.42,1,0.9337837065273311,-1,,0,0.0,-1,,0,2.2383261131310957e-05
EuSiO3,0,0.018872445117011402,1,1.0,0,0.5,1,0.9613776032141502,-1,,0,0.0,-1,,0,2.2383261131310957e-05
EuSO3,0,0.0009666273262953553,1,1.0,0,0.38,1,0.9438206444640521,-1,,0,0.0,-1,,0,2.2383261131310957e-05
EuThO3,0,0.0009921200984801587,0,0.06666666666666667,0,0.16,0,0.0008384510824776205,-1,,-1,,-1,,-1,
FeAmO3,0,0.0001056880163793348,0,0.041666666666666664,0,0.06,0,0.009337997742139224,-1,,-1,,-1,,-1,
FeCO3,0,1.171134174215884e-10,0,0.0,0,0.0,0,0.0025722179285015776,-1,,-1,,-1,,-1,
Fe(II)Co(IV)O3,1,1.0,0,0.041666666666666664,0,0.03,0,0.040615668638945425,0,8.329653147874775e-56,-1,,-1,,-1,
Fe(II)Cr(IV)O3,1,1.0,0,0.041666666666666664,0,0.03,0,0.040615668638945425,0,8.329653147874775e-56,-1,,-1,,-1,
FeGeO3,0,0.38778985537531274,0,0.0,0,0.0,0,0.005067223326034821,-1,,-1,,-1,,-1,
FeHfO3,0,0.08351465206006355,0,0.041666666666666664,0,0.041152882205513774,0,0.008627975566287369,-1,,-1,,-1,,-1,
FeIrO3,0,0.22169469189654867,0,0.041666666666666664,0,0.38980582524271845,0,0.0066763346094950516,-1,,-1,,-1,,-1,
FeMnO3,1,0.8544903282777652,0,0.041666666666666664,0,0.13853446502398983,0,0.03250745890118404,0,4.2493768009836345e-93,-1,,-1,,-1,
FeMoO3,0,0.21285833954680927,0,0.041666666666666664,0,0.13872863978127137,0,0.03250745890118404,-1,,-1,,-1,,-1,
Fe(II)Ni(IV)O3,1,1.0,0,0.041666666666666664,0,0.03,0,0.040615668638945425,0,8.329653147874775e-56,-1,,-1,,-1,
FeNbO3,0,0.1990280331488909,0,0.041666666666666664,0,0.18615288220551376,0,0.035690073686688396,-1,,-1,,-1,,-1,
FePaO3,0,0.0006049195725333303,0,0.041666666666666664,0,0.1,0,0.04377614779615873,-1,,-1,,-1,,-1,
FePbO3,0,0.003280818353351636,0,0.041666666666666664,0,0.042105263157894736,0,0.00337611081444252,-1,,-1,,-1,,-1,
Fe(II)Ru(IV)O3,1,1.0,0,0.041666666666666664,0,0.03,0,0.040615668638945425,0,8.329653147874775e-56,-1,,-1,,-1,
FeSeO3,0,0.07378487772577043,0,0.041666666666666664,0,0.0,0,0.006685776886258736,-1,,-1,,-1,,-1,
FeSnO3,0,0.14056580318073897,0,0.041666666666666664,0,0.1411528822055138,0,0.015497042275250462,-1,,-1,,-1,,-1,
FeTeO3,0,0.010552575582505571,0,0.041666666666666664,0,0.0,0,0.0013463089126440615,-1,,-1,,-1,,-1,
FeThO3,0,1.5050955595314688e-06,0,0.041666666666666664,0,0.22,0,0.0029884315616072856,-1,,-1,,-1,,-1,
FeTiO3,1,0.6684293056234392,0,0.041666666666666664,0,0.24115288220551373,0,0.03409743907604946,0,4.781282023258145e-93,-1,,-1,,-1,
FeUO3,0,0.001921062143176177,0,0.041666666666666664,0,0.028771929824561403,0,0.002895258568439915,-1,,-1,,-1,,-1,
Fe(II)V(IV)O3,1,1.0,0,0.041666666666666664,0,0.03,0,0.040615668638945425,0,8.329653147874775e-56,-1,,-1,,-1,
FeZrO3,0,0.06539720452183342,0,0.041666666666666664,0,0.03543859649122807,0,0.008627975566287369,-1,,-1,,-1,,-1,
HgCO3,0,2.3651579854361738e-14,0,0.0,0,0.002,0,0.0034131396943069786,-1,,-1,,-1,,-1,
HgNiO3,1,0.8386648194067267,0,0.1111111111111111,1,0.6336713581310737,1,0.7772569568548211,0,7.518830175589652e-119,-1,,0,0.0,0,2.2383261131310994e-05
HgNpO3,0,6.50397962627308e-05,1,0.5714285714285714,0,0.295,0,0.10393790969007065,-1,,0,0.0,-1,,-1,
HgPrO3,0,0.00018972297238451037,1,0.5714285714285714,0,0.335,0,0.1500733795983192,-1,,0,0.0,-1,,-1,
HgSiO3,0,0.001602675450823947,0,0.041666666666666664,0,0.12644444444444444,0,0.0067533038045492905,-1,,-1,,-1,,-1,
HgSO3,0,7.489611031701972e-05,0,0.041666666666666664,0,0.042,0,0.00587601557997861,-1,,-1,,-1,,-1,
HgThO3,0,0.0002288110134590284,1,0.5714285714285714,0,0.26166666666666666,0,0.13518657758095198,-1,,0,0.0,-1,,-1,
MgAmO3,0,4.4046947502851235e-05,0,0.041666666666666664,0,0.06,0,0.011410045995113327,-1,,-1,,-1,,-1,
MgCeO3,0,0.0001706434439918333,0,0.041666666666666664,0,0.1,0,0.011410045995113327,-1,,-1,,-1,,-1,
MgCoO3,1,0.9485210253963032,0,0.041666666666666664,0,0.08980582524271846,0,0.004611054114711395,0,4.024138220067889e-119,-1,,-1,,-1,
MgCrO3,1,0.7931192047482176,0,0.041666666666666664,0,0.38980582524271845,0,0.00925335497675901,0,7.502311786897612e-119,-1,,-1,,-1,
MgHfO3,0,0.04130147278519241,0,0.041666666666666664,0,0.03543859649122807,0,0.011539535273800356,-1,,-1,,-1,,-1,
MgIrO3,0,0.12789911789503283,0,0.041666666666666664,0,0.38980582524271845,0,0.021014821630855524,-1,,-1,,-1,,-1,
MgMnO3,1,0.74756935551182,0,0.041666666666666664,0,0.13853446502398983,0,0.04312673550085692,0,1.8086582112648244e-118,-1,,-1,,-1,
MgMoO3,0,0.11946877921455015,0,0.041666666666666664,0,0.13872863978127137,0,0.04312673550085692,-1,,-1,,-1,,-1,
MgNbO3,0,0.10791271611671197,0,0.041666666666666664,0,0.16115288220551377,0,0.020678258353249063,-1,,-1,,-1,,-1,
MgNiO3,1,0.635214895012427,0,0.041666666666666664,0,0.08285714285714285,0,0.01415083048398763,0,1.1935753676818338e-117,-1,,-1,,-1,
MgNpO3,0,7.226197851631797e-08,0,0.041666666666666664,0,0.22,0,0.008613954636937472,-1,,-1,,-1,,-1,
MgPaO3,0,0.0002680395541984898,0,0.041666666666666664,0,0.1,0,0.08042646050639521,-1,,-1,,-1,,-1,
MgPbO3,0,0.0014624723521417327,0,0.041666666666666664,0,0.042105263157894736,0,0.006622635639246741,-1,,-1,,-1,,-1,
MgPrO3,0,2.6588594747064234e-07,0,0.041666666666666664,0,0.22,0,0.01305387891061431,-1,,-1,,-1,,-1,
MgRuO3,0,0.24940345896207966,0,0.041666666666666664,0,0.38980582524271845,0,0.019733270710521465,-1,,-1,,-1,,-1,
MgSnO3,0,0.0730795117051567,0,0.041666666666666664,0,0.041152882205513774,0,0.011539535273800356,-1,,-1,,-1,,-1,
MgSO3,0,0.0020268008831794498,0,0.041666666666666664,0,0.11333333333333333,0,0.1869205351645647,-1,,-1,,-1,,-1,
MgTbO3,0,0.0032977040924215624,0,0.041666666666666664,0,0.028771929824561403,0,0.003921554433235724,-1,,-1,,-1,,-1,
MgTeO3,0,0.005856878424940516,0,0.041666666666666664,0,0.0,0,0.0019474056948746389,-1,,-1,,-1,,-1,
MgThO3,0,5.831043861914774e-07,0,0.041666666666666664,0,0.22,0,0.003656748095583959,-1,,-1,,-1,,-1,
MgUO3,0,0.0008674536723506581,0,0.041666666666666664,0,0.028771929824561403,0,0.003921554433235724,-1,,-1,,-1,,-1,
MgZrO3,0,0.03172618660547364,0,0.041666666666666664,0,0.03543859649122807,0,0.011539535273800356,-1,,-1,,-1,,-1,
MnAmO3,0,0.00041465931738397956,0,0.041666666666666664,0,0.12,0,0.04183146281240226,-1,,-1,,-1,,-1,
MnCoO3,1,0.9797684340447826,0,0.041666666666666664,0,0.19647249190938512,0,0.03231200533884393,0,1.0350008042461487e-88,-1,,-1,,-1,
MnCrO3,1,0.912131225545503,0,0.041666666666666664,1,0.5164724919093852,0,0.08070616947081556,0,1.906258236465314e-88,-1,,0,0.0,-1,
MnNiO3,1,0.8116863466503487,0,0.041666666666666664,0,0.1595238095238095,0,0.03723453258793188,0,3.1460180939691344e-87,-1,,-1,,-1,
MnNpO3,0,1.3795594374443677e-06,0,0.041666666666666664,0,0.22,0,0.0070419585086043505,-1,,-1,,-1,,-1,
MnPaO3,0,0.001789425607876105,0,0.041666666666666664,0,0.12,0,0.050926623048445696,-1,,-1,,-1,,-1,
MnTeO3,0,0.011271298275330273,0,0.1111111111111111,0,0.013333333333333332,0,0.0024358356511033716,-1,,-1,,-1,,-1,
MnThO3,0,8.271479142725852e-06,0,0.041666666666666664,0,0.22,0,0.0029884315616072856,-1,,-1,,-1,,-1,
MnUO3,0,0.00521450898347271,0,0.041666666666666664,0,0.03448621553884711,0,0.002895258568439915,-1,,-1,,-1,,-1,
MnVO3,1,0.8729032198079394,0,0.041666666666666664,0,0.3076253741148989,0,0.04505203712574419,0,2.8034141431076334e-88,-1,,-1,,-1,
NiAmO3,0,3.545202973443345e-06,0,0.041666666666666664,0,0.06,0,0.02257955679098456,-1,,-1,,-1,,-1,
NiCO3,0,4.142158009222813e-08,0,0.041666666666666664,0,0.0,0,0.002346319303522329,-1,,-1,,-1,,-1,
NiCoO3,1,0.9339669364214513,0,0.041666666666666664,0,0.17,0,0.01579932159133222,0,4.2847036246743556e-105,-1,,-1,,-1,
NiCrO3,1,0.7362919277328037,0,0.041666666666666664,0,0.465,0,0.08260018605270117,0,8.161603482762532e-105,-1,,-1,,-1,
NiGeO3,0,0.40112893098394137,0,0.0,0,0.0,0,0.005501256271671263,-1,,-1,,-1,,-1,
NiHfO3,0,0.011977719693117695,0,0.041666666666666664,0,0.03543859649122807,0,0.01327048943192941,-1,,-1,,-1,,-1,
NiIrO3,0,0.08777460756582589,0,0.041666666666666664,0,0.465,0,0.07996402653649322,-1,,-1,,-1,,-1,
NiMoO3,0,0.06444260895750828,0,0.041666666666666664,0,0.057105263157894735,0,0.007110196665907585,-1,,-1,,-1,,-1,
NiNbO3,0,0.04354087175975696,0,0.041666666666666664,0,0.055438596491228065,0,0.01327048943192941,-1,,-1,,-1,,-1,
NiNpO3,0,1.6683881699227485e-09,0,0.041666666666666664,0,0.22,0,0.017124100564459933,-1,,-1,,-1,,-1,
NiPaO3,0,3.952609102682295e-05,0,0.041666666666666664,0,0.06,0,0.02256964572751041,-1,,-1,,-1,,-1,
NiPbO3,0,0.00022576180328975795,0,0.041666666666666664,0,0.042105263157894736,0,0.015922561024189548,-1,,-1,,-1,,-1,
NiRuO3,0,0.1867636293602374,0,0.041666666666666664,0,0.465,0,0.07996402653649322,-1,,-1,,-1,,-1,
NiSiO3,0,0.17410313487330342,0,0.041666666666666664,0,0.10333333333333332,0,0.007847880583018576,-1,,-1,,-1,,-1,
NiSnO3,0,0.026199655324212066,0,0.041666666666666664,0,0.03543859649122807,0,0.01327048943192941,-1,,-1,,-1,,-1,
NiSO3,0,0.02713800409980499,0,0.041666666666666664,0,0.05,0,0.008169076877409037,-1,,-1,,-1,,-1,
NiTeO3,0,0.007709599363241288,0,0.041666666666666664,0,0.12,0,0.024140669562893645,-1,,-1,,-1,,-1,
NiUO3,0,0.000153268558433233,0,0.041666666666666664,0,0.028771929824561403,0,0.009362061348793048,-1,,-1,,-1,,-1,
NiVO3,1,0.5518341012362746,0,0.041666666666666664,0,0.21710526315789472,0,0.025856902741647116,0,1.4166028752045045e-104,-1,,-1,,-1,
NiZrO3,0,0.008314762972860936,0,0.041666666666666664,0,0.03543859649122807,0,0.014622252188998631,-1,,-1,,-1,,-1,
PbCoO3,1,0.991996322753947,1,0.9782608695652174,1,0.9539207553743975,1,0.9896729480698192,0,4.604713243928344e-141,1,1.0,1,0.6918383838383838,1,0.9999660828450987
PbCrO3,1,0.9684846466498426,1,0.9782608695652174,1,0.9539207553743975,1,0.9943707041419317,0,7.991283281449222e-141,1,1.0,1,0.6918383838383838,1,0.9999660828450987
PbMnO3,1,0.9852361788455548,1,0.9782608695652174,1,0.9622540887077308,1,0.988386893918665,0,1.2629954089254604e-140,1,1.0,1,0.6918383838383838,0,0.0001063490384692896
PbNiO3,1,0.8916172165199598,1,0.9782608695652174,1,0.9079391791988948,1,0.8641981998645689,0,1.5778821143513826e-139,1,1.0,1,0.6918383838383838,1,0.9999660828450987
SrNiO3,1,0.9912057926747601,1,0.9782608695652174,1,0.9953562066159223,1,0.9978577449734615,1,0.685045507164672,1,1.0,1,0.6718383838383838,0,0.00012418711437553776
SrSeO3,0,0.10043459248282564,1,1.0,0,0.42,1,0.9505932288174115,-1,,1,1.0,-1,,1,0.9999660828450987
SrSO3,0,3.6670261074416534e-05,0,0.0,0,0.0,0,0.0013882348780144326,-1,,-1,,-1,,-1,
ZnAmO3,0,4.388228590707533e-05,0,0.041666666666666664,0,0.06,0,0.009337997742139224,-1,,-1,,-1,,-1,
ZnCO3,0,1.1354045010533424e-10,0,0.0,0,0.0,0,0.0025722179285015776,-1,,-1,,-1,,-1,
ZnCoO3,1,0.9483378297408865,0,0.041666666666666664,0,0.08980582524271846,0,0.0031894208666533724,0,1.3033654422698455e-120,-1,,-1,,-1,
ZnCrO3,1,0.7925039657898897,0,0.041666666666666664,0,0.38980582524271845,0,0.006914590189180659,0,2.429900114119618e-120,-1,,-1,,-1,
ZnHfO3,0,0.04115342216785886,0,0.041666666666666664,0,0.03543859649122807,0,0.008627975566287369,-1,,-1,,-1,,-1,
ZnIrO3,0,0.12748192438530534,0,0.041666666666666664,0,0.38980582524271845,0,0.015750631395602233,-1,,-1,,-1,,-1,
ZnMnO3,1,0.7468618911243192,0,0.041666666666666664,0,0.13853446502398983,0,0.03250745890118404,0,5.8580060637191436e-120,-1,,-1,,-1,
ZnMoO3,0,0.11907532993010114,0,0.041666666666666664,0,0.13872863978127137,0,0.03250745890118404,-1,,-1,,-1,,-1,
ZnNbO3,0,0.10755267609705865,0,0.041666666666666664,0,0.16115288220551377,0,0.015497042275250462,-1,,-1,,-1,,-1,
ZnNiO3,1,0.6343465628349101,0,0.041666666666666664,0,0.08285714285714285,0,0.009816998110040333,0,3.8658336317155184e-119,-1,,-1,,-1,
ZnNpO3,0,7.1991828263403e-08,0,0.041666666666666664,0,0.22,0,0.007046053587677402,-1,,-1,,-1,,-1,
ZnPaO3,0,0.00026703776012092516,0,0.041666666666666664,0,0.1,0,0.04377614779615873,-1,,-1,,-1,,-1,
ZnPbO3,0,0.001457012888326029,0,0.041666666666666664,0,0.042105263157894736,0,0.00337611081444252,-1,,-1,,-1,,-1,
ZnPuO3,0,5.559852547196623e-05,0,0.041666666666666664,0,0.08,0,0.009337997742139224,-1,,-1,,-1,,-1,
ZnRuO3,0,0.24870295642315965,0,0.041666666666666664,0,0.38980582524271845,0,0.014785259246943154,-1,,-1,,-1,,-1,
ZnSO3,0,0.002019239019996802,0,0.041666666666666664,0,0.02,0,0.01458355595626395,-1,,-1,,-1,,-1,
ZnTbO3,0,0.0032854161814112534,0,0.041666666666666664,0,0.028771929824561403,0,0.002895258568439915,-1,,-1,,-1,,-1,
ZnThO3,0,5.809244608632515e-07,0,0.041666666666666664,0,0.22,0,0.0029884315616072856,-1,,-1,,-1,,-1,
ZnUO3,0,0.0008642135130248048,0,0.041666666666666664,0,0.028771929824561403,0,0.002895258568439915,-1,,-1,,-1,,-1,
ZnVO3,1,0.6857728600443326,0,0.041666666666666664,0,0.22262537411489888,0,0.11223299985958778,0,3.7940396118437585e-120,-1,,-1,,-1,
ZnZrO3,0,0.03161132810654689,0,0.041666666666666664,0,0.03543859649122807,0,0.008627975566287369,-1,,-1,,-1,,-1,
AlCoO3,1,0.8403782203196775,0,0.041666666666666664,0,0.17,0,0.01579932159133222,0,1.0652605561833774e-125,-1,,-1,,-1,
AlCrO3,0,0.49505839882772523,0,0.041666666666666664,0,0.445,0,0.08260018605270117,-1,,-1,,-1,,-1,
AlCuO3,0,0.49864543799460476,0,0.041666666666666664,0,0.2,0,0.040620259815703164,-1,,-1,,-1,,-1,
AlGaO3,0,0.418451743972726,0,0.041666666666666664,0,0.445,0,0.07996402653649322,-1,,-1,,-1,,-1,
AlInO3,0,9.115011715117936e-05,0,0.041666666666666664,0,0.10400000000000001,0,0.01934846161261596,-1,,-1,,-1,,-1,
AlMnO3,0,0.282578055927787,0,0.041666666666666664,0,0.07710526315789473,0,0.007110196665907585,-1,,-1,,-1,,-1,
AlNiO3,0,0.38355162405037696,0,0.041666666666666664,0,0.19285714285714284,0,0.016474629702239493,-1,,-1,,-1,,-1,
AlRhO3,0,0.06389614962142336,0,0.041666666666666664,0,0.09043859649122807,0,0.021019183396374718,-1,,-1,,-1,,-1,
AlRuO3,0,0.07071592993936254,0,0.041666666666666664,0,0.445,0,0.07996402653649322,-1,,-1,,-1,,-1,
AlTiO3,0,0.07200983550339576,0,0.041666666666666664,0,0.09043859649122807,0,0.014592958122437117,-1,,-1,,-1,,-1,
AlVO3,0,0.24496929704268525,0,0.041666666666666664,0,0.19710526315789473,0,0.025856902741647116,-1,,-1,,-1,,-1,
BiBO3,0,3.856618827282584e-08,0,0.0,0,0.0,0,0.0013882348780144326,-1,,-1,,-1,,-1,
BiDyO3,0,0.09995630960832746,0,0.06666666666666667,0,0.06443133195307109,0,0.027285435789972157,-1,,-1,,-1,,-1,
CeBO3,0,5.630012676746869e-07,0,0.0,0,0.0,0,0.0013882348780144326,-1,,-1,,-1,,-1,
ErCuO3,1,0.7613714507195143,1,0.9782608695652174,1,0.8721304347826088,1,0.9983347762552576,0,9.079016078457993e-50,0,0.0,0,0.0,0,2.2383261131310994e-05
FeAlO3,1,0.892581913492779,0,0.1111111111111111,0,0.21333333333333332,0,0.008494315515997152,0,1.9265634071154426e-92,-1,,-1,,-1,
Fe(III)Co(III)O3,1,1.0,0,0.041666666666666664,0,0.03,0,0.040615668638945425,0,8.329653147874775e-56,-1,,-1,,-1,
Fe(III)Cr(III)O3,1,1.0,0,0.041666666666666664,0,0.03,0,0.040615668638945425,0,8.329653147874775e-56,-1,,-1,,-1,
FeCuO3,1,0.5507654424214283,0,0.1111111111111111,0,0.06,0,0.005917909506066972,0,5.895392777839902e-92,-1,,-1,,-1,
FeGaO3,1,0.8585639009175885,0,0.041666666666666664,0,0.38980582524271845,0,0.008055230704706288,0,9.61419748111304e-92,-1,,-1,,-1,
FeInO3,0,0.03337565413687732,0,0.041666666666666664,0,0.08,0,0.009317112372487082,-1,,-1,,-1,,-1,
Fe(III)Ni(III)O3,1,1.0,0,0.041666666666666664,0,0.03,0,0.040615668638945425,0,8.329653147874775e-56,-1,,-1,,-1,
FeRhO3,1,0.6136961161546239,0,0.041666666666666664,0,0.23206197311460466,0,0.09277374677025302,0,5.605108600298454e-92,-1,,-1,,-1,
Fe(III)Ru(III)O3,1,1.0,0,0.041666666666666664,0,0.03,0,0.040615668638945425,0,8.329653147874775e-56,-1,,-1,,-1,
FeScO3,0,0.22706324250395032,0,0.041666666666666664,0,0.028771929824561403,0,0.0034888032760849144,-1,,-1,,-1,,-1,
FeTmO3,0,0.0009259229469645808,0,0.041666666666666664,0,0.18,0,0.01693908023165595,-1,,-1,,-1,,-1,
Fe(III)V(III)O3,1,1.0,0,0.041666666666666664,0,0.03,0,0.040615668638945425,0,8.329653147874775e-56,-1,,-1,,-1,
GaAlO3,1,0.8759558649739599,0,0.041666666666666664,0,0.36,0,0.039892589733624986,0,4.360987233062686e-125,-1,,-1,,-1,
GaBO3,0,0.031760646755082785,0,0.041666666666666664,0,0.04,0,0.05028539631531782,-1,,-1,,-1,,-1,
GaCoO3,1,0.8944096815375258,0,0.041666666666666664,0,0.17,0,0.009532938595453724,0,3.638376842353301e-126,-1,,-1,,-1,
GaCrO3,1,0.6204034200014824,0,0.041666666666666664,0,0.465,0,0.05505686467092591,0,6.995418395535226e-126,-1,,-1,,-1,
GaCuO3,0,0.4884453804084471,0,0.041666666666666664,0,0.2,0,0.03245089429869632,-1,,-1,,-1,,-1,
GaMnO3,0,0.44730617071944134,0,0.041666666666666664,0,0.09710526315789475,0,0.004612709217136368,-1,,-1,,-1,,-1,
GaNiO3,0,0.48239606694399195,0,0.041666666666666664,0,0.19285714285714284,0,0.009943109552359473,-1,,-1,,-1,,-1,
GaRhO3,0,0.1384333376524929,0,0.041666666666666664,0,0.11043859649122806,0,0.013703533278678284,-1,,-1,,-1,,-1,
GaRuO3,0,0.11614844129794497,0,0.041666666666666664,0,0.465,0,0.05324871977791987,-1,,-1,,-1,,-1,
GaScO3,0,0.009059770863834046,0,0.041666666666666664,0,0.028771929824561403,0,0.0034888032760849144,-1,,-1,,-1,,-1,
GaTiO3,0,0.15888518547966013,0,0.041666666666666664,0,0.11043859649122806,0,0.009492245854678866,-1,,-1,,-1,,-1,
GaVO3,0,0.391766518251989,0,0.041666666666666664,0,0.21710526315789472,0,0.01688654524494679,-1,,-1,,-1,,-1,
GaYO3,0,6.383940530153331e-07,0,0.041666666666666664,0,0.16,0,0.012880734724181171,-1,,-1,,-1,,-1,
HoCuO3,1,0.7713132389176808,1,0.9782608695652174,1,0.8721304347826088,1,0.9983347762552576,0,6.511425408658864e-46,0,0.0,0,0.0,0,2.2383261131310994e-05
InAlO3,1,0.8602209341354425,0,0.1111111111111111,0,0.49429196606178705,0,0.34529350668529163,0,1.0335178271091751e-124,-1,,-1,,-1,
InCoO3,1,0.9681550621305209,1,0.5714285714285714,1,0.562542755057011,1,0.6007787945737186,0,4.836281807214434e-126,0,0.0,0,0.0,0,2.2383261131310957e-05
InCuO3,0,0.47853311109581337,0,0.1111111111111111,0,0.29429196606178704,0,0.20007372933752607,-1,,-1,,-1,,-1,
InDyO3,0,0.0001743898625387519,1,0.5714285714285714,0,0.15166666666666667,0,0.07977504438452253,-1,,0,0.0,-1,,-1,
InErO3,0,0.0008145601745572885,1,0.5714285714285714,0,0.15166666666666667,0,0.22262184816971856,-1,,0,0.0,-1,,-1,
InHoO3,0,0.00044054884201879515,1,0.5714285714285714,0,0.15166666666666667,0,0.11745720775011503,-1,,0,0.0,-1,,-1,
InLuO3,0,0.0035203078049058337,1,0.5714285714285714,0,0.1392121212121212,0,0.14741623336680945,-1,,0,0.0,-1,,-1,
InNiO3,1,0.735951530096565,1,0.5714285714285714,0,0.3986633367406994,1,0.6489622154471076,0,1.4523899786716056e-124,0,0.0,-1,,0,2.2383261131310957e-05
InRuO3,0,0.3610257326875801,1,0.5714285714285714,1,0.8425427550570109,1,0.6879334362956719,-1,,0,0.0,0,0.0,0,2.2383261131310957e-05
InScO3,0,0.24520198038656113,1,0.5714285714285714,0,0.28452834008097166,0,0.1280129606494722,-1,,0,0.0,-1,,-1,
InTiO3,1,0.661075264652059,1,0.5714285714285714,1,0.5638251544551488,1,0.8870607587719954,0,2.2996499347693747e-125,0,0.0,0,0.0,0,2.2383261131310957e-05
InTmO3,0,0.0012726872494012262,1,0.5714285714285714,0,0.18333333333333335,0,0.14924514408068765,-1,,0,0.0,-1,,-1,
InVO3,1,0.7980814512428892,1,0.5714285714285714,0,0.4667511928180803,0,0.34078506652281115,0,1.3573392448894196e-125,0,0.0,-1,,-1,
InYbO3,0,0.00259027897238001,1,0.5714285714285714,0,0.15921212121212122,0,0.14741623336680945,-1,,0,0.0,-1,,-1,
InYO3,0,0.00022462101027642244,1,0.5714285714285714,0,0.15166666666666667,0,0.11745720775011503,-1,,0,0.0,-1,,-1,
LuCuO3,1,0.7286711622833568,1,0.9782608695652174,1,0.8315748792270532,1,0.9691571333171057,0,2.3883712616931305e-61,0,0.0,0,0.0,0,2.2383261131310957e-05
NdBO3,0,3.6785536762232227e-06,0,0.0,0,0.0,0,0.0013882348780144326,-1,,-1,,-1,,-1,
PrBO3,0,1.0330872035766534e-06,0,0.0,0,0.0,0,0.0013882348780144326,-1,,-1,,-1,,-1,
PuBO3,0,0.0006909260678228003,1,1.0,0,0.4,1,0.9438206444640521,-1,,0,0.0,-1,,0,2.2383261131310957e-05
PuCoO3,1,0.9959609580716374,1,0.9782608695652174,1,0.9991955028491448,1,0.9990026196023666,0,3.8868680856245836e-26,0,0.0,0,0.0,0,2.2383261131310957e-05
PuCuO3,1,0.8858275841658347,1,0.9782608695652174,1,0.917463768115942,1,0.9983347762552576,0,2.4882133421721363e-24,0,0.0,0,0.0,0,2.2383261131310957e-05
PuDyO3,0,0.0012164163805533901,0,0.06666666666666667,0,0.0,0,0.0006747122059559594,-1,,-1,,-1,,-1,
PuErO3,0,0.0057141089409212835,0,0.06666666666666667,0,0.005,0,0.0009302955516909513,-1,,-1,,-1,,-1,
PuFeO3,1,0.9663953929320789,1,0.9782608695652174,1,0.9766955028491447,1,0.9921349084966762,0,4.280061074085554e-25,0,0.0,0,0.0,0,2.2383261131310957e-05
PuHoO3,0,0.00308263065861743,0,0.06666666666666667,0,0.0,0,0.0009302955516909513,-1,,-1,,-1,,-1,
PuInO3,0,0.2351817764558046,1,0.6666666666666666,0,0.29333333333333333,0,0.0200749469860268,-1,,0,0.0,-1,,-1,
PuLaO3,0,3.448964386548808e-07,0,0.06666666666666667,0,0.2,0,0.0047084964918793085,-1,,-1,,-1,,-1,
PuLuO3,0,0.02460616541707308,0,0.06666666666666667,0,0.15,0,0.007896667982151091,-1,,-1,,-1,,-1,
PuNiO3,1,0.9578707631694416,1,0.9782608695652174,1,0.9596208530805687,1,0.9981948029977951,0,1.1645303990275646e-24,0,0.0,0,0.0,0,2.2383261131310957e-05
PuRhO3,1,0.9229544445412556,1,0.9782608695652174,1,0.9968896776064264,1,0.998687063995739,0,2.2022412792781104e-24,0,0.0,0,0.0,0,2.2383261131310957e-05
PuRuO3,1,0.8200339516947032,1,0.9782608695652174,1,0.9991955028491448,1,0.9967517005668959,0,4.72070271123577e-24,0,0.0,0,0.0,0,2.2383261131310957e-05
PuScO3,1,0.7102362960855116,1,0.6666666666666666,0,0.38416666666666666,0,0.031272444309876024,0,9.996556260081579e-27,0,0.0,-1,,-1,
PuTiO3,1,0.9386562687551813,1,0.9782608695652174,1,0.9968896776064264,1,0.9985043411598128,0,1.8735336087065341e-25,0,0.0,0,0.0,0,2.2383261131310957e-05
PuTmO3,0,0.008942225369282446,0,0.06666666666666667,0,0.065,0,0.001934541681778818,-1,,-1,,-1,,-1,
PuYO3,0,0.001574450704751113,0,0.06666666666666667,0,0.0,0,0.0009302955516909513,-1,,-1,,-1,,-1,
ScBO3,0,0.27890368419102185,0,0.041666666666666664,0,0.04,0,0.37777852340010787,-1,,-1,,-1,,-1,
ScCoO3,1,0.9882929503567539,1,0.5714285714285714,1,0.53549666999667,1,0.8099145019421501,0,4.212147885706665e-07,0,0.0,0,0.0,0,2.2383261131310957e-05
ScCuO3,1,0.9074290434152069,1,0.5714285714285714,1,0.5415504201680672,1,0.9579661577393878,0,1.581697155065391e-05,0,0.0,0,0.0,0,2.2383261131310957e-05
ScErO3,0,2.3984126167378424e-05,1,0.5714285714285714,0,0.1716666666666667,1,0.6533464404144771,-1,,0,0.0,-1,,0,2.2383261131310957e-05
ScFeO3,1,0.8413728457119622,1,0.5714285714285714,0,0.3783162188688505,1,0.5922913653743461,0,5.971557057365761e-06,0,0.0,-1,,0,2.2383261131310957e-05
ScGaO3,1,0.9250006198039353,1,0.5714285714285714,1,0.79049666999667,1,0.9566557229908789,0,4.514073941466433e-05,0,0.0,0,0.0,0,2.2383261131310957e-05
ScHoO3,0,1.109891400448821e-05,1,0.5714285714285714,0,0.1716666666666667,0,0.46692356723581635,-1,,0,0.0,-1,,-1,
ScInO3,0,0.004647024513696995,1,0.5714285714285714,0,0.23613519813519818,1,0.5316980355216592,-1,,0,0.0,-1,,0,2.2383261131310957e-05
ScLuO3,0,0.00015777128885120938,1,0.5714285714285714,0,0.1592121212121212,1,0.5322607708469886,-1,,0,0.0,-1,,0,2.2383261131310957e-05
ScMnO3,1,0.8883079150735614,1,0.5714285714285714,0,0.3783162188688505,1,0.5922913653743461,0,2.354824671409699e-06,0,0.0,-1,,0,2.2383261131310957e-05
ScNiO3,1,0.903161337944385,1,0.5714285714285714,0,0.4824230769230769,1,0.7927430885418371,0,1.1721230782490708e-05,0,0.0,-1,,0,2.2383261131310957e-05
ScRhO3,1,0.6103910836201659,1,0.5714285714285714,0,0.45164955220218383,1,0.8151468553028788,0,3.535778900306399e-05,0,0.0,-1,,0,2.2383261131310957e-05
ScRuO3,1,0.5660377757727568,1,0.5714285714285714,1,0.79049666999667,1,0.9566557229908789,0,5.503483985047519e-05,0,0.0,0,0.0,0,2.2383261131310957e-05
ScTiO3,1,0.6476771505388286,1,0.5714285714285714,0,0.4316495522021838,1,0.7525702077462927,0,3.114267133603987e-06,0,0.0,-1,,0,2.2383261131310957e-05
ScTmO3,0,4.3242143283851096e-05,1,0.5714285714285714,0,0.20333333333333337,1,0.5358633462746937,-1,,0,0.0,-1,,0,2.2383261131310957e-05
ScVO3,1,0.8638002055392351,1,0.5714285714285714,1,0.5226019331545647,1,0.8449988208747248,0,1.4790271900220568e-06,0,0.0,0,0.0,0,2.2383261131310957e-05
TbBO3,0,1.1302891997263451e-05,0,0.0,0,0.0,0,0.0013882348780144326,-1,,-1,,-1,,-1,
TlAlO3,1,0.8777511984523568,1,0.9782608695652174,1,0.9924637681159421,1,0.9984156139695254,0,1.1756268007958389e-123,0,0.0,0,0.0,0,2.2383261131310957e-05
TlBO3,0,4.811835191077083e-05,1,1.0,0,0.34,1,0.9696688407725222,-1,,0,0.0,-1,,0,2.2383261131310957e-05
TlCuO3,1,0.519038982057327,1,0.9782608695652174,1,0.885463768115942,1,0.9983347762552576,0,3.570378407806386e-123,0,0.0,0,0.0,0,2.2383261131310957e-05
TlDyO3,0,0.0003353615280945238,0,0.06666666666666667,0,0.026666666666666665,0,0.004273328056437205,-1,,-1,,-1,,-1,
TlErO3,0,0.0015276125227505909,0,0.06666666666666667,0,0.04666666666666667,0,0.01126823976772512,-1,,-1,,-1,,-1,
TlHoO3,0,0.0008367176822476487,0,0.06666666666666667,0,0.026666666666666665,0,0.006589777502035954,-1,,-1,,-1,,-1,
TlInO3,0,0.06602196604279126,1,0.6666666666666666,0,0.3398018648018648,0,0.07464386118690954,-1,,0,0.0,-1,,-1,
TlLuO3,0,0.006373194928937719,0,0.06666666666666667,0,0.15621212121212122,0,0.0303884392481861,-1,,-1,,-1,,-1,
TlTmO3,0,0.002359029081721529,0,0.06666666666666667,0,0.07833333333333334,0,0.010663568043873702,-1,,-1,,-1,,-1,
TlYbO3,0,0.004730861687078132,0,0.06666666666666667,0,0.1462121212121212,0,0.0303884392481861,-1,,-1,,-1,,-1,
TlYO3,0,0.0004262211604015249,0,0.06666666666666667,0,0.026666666666666665,0,0.006589777502035954,-1,,-1,,-1,,-1,
TmCuO3,1,0.7579685989398979,1,0.9782608695652174,1,0.8721304347826088,1,0.9983347762552576,0,1.1515636505442114e-53,0,0.0,0,0.0,0,2.2383261131310957e-05
YbBO3,0,3.475962015757057e-05,0,0.0,0,0.02,0,0.0028695505608037184,-1,,-1,,-1,,-1,
YbCuO3,1,0.7412872509876188,1,0.9782608695652174,1,0.8315748792270532,1,0.9721904901043434,0,1.2096297977879762e-57,0,0.0,0,0.0,0,2.2383261131310916e-05
YCuO3,1,0.8795503546814587,1,0.9782608695652174,1,0.8921304347826087,1,0.9983347762552576,0,7.596879539682572e-07,0,0.0,0,0.0,0,2.2383261131310994e-05
DyHoO3,0,0.027917180410770803,0,0.06666666666666667,0,0.026666666666666665,0,0.006589777502035954,-1,,-1,,-1,,-1,
DyLaO3,0,7.451171115930682e-06,0,0.06666666666666667,0,0.16,0,0.003664254887700596,-1,,-1,,-1,,-1,
DyYO3,0,0.014337866656012927,0,0.06666666666666667,0,0.026666666666666665,0,0.006589777502035954,-1,,-1,,-1,,-1,
ErDyO3,0,0.005670780651945928,0,0.06666666666666667,0,0.04666666666666667,0,0.004273328056437205,-1,,-1,,-1,,-1,
ErHoO3,0,0.01344789879562235,0,0.06666666666666667,0,0.04666666666666667,0,0.006589777502035954,-1,,-1,,-1,,-1,
ErTmO3,0,0.03417616828726317,0,0.06666666666666667,0,0.09833333333333333,0,0.010663568043873702,-1,,-1,,-1,,-1,
ErYO3,0,0.006865878721303607,0,0.06666666666666667,0,0.04666666666666667,0,0.006589777502035954,-1,,-1,,-1,,-1,
EuDyO3,0,0.0566850429518725,0,0.06666666666666667,0,0.12,0,0.002646332970504772,-1,,-1,,-1,,-1,
EuHoO3,0,0.12111254235386654,0,0.06666666666666667,0,0.22,0,0.0036783279307962195,-1,,-1,,-1,,-1,
EuLaO3,0,4.859765471441978e-05,0,0.06666666666666667,0,0.31,0,0.009549165274479816,-1,,-1,,-1,,-1,
EuPrO3,0,0.0007668985524356393,0,0.06666666666666667,0,0.37,0,0.018029604006778777,-1,,-1,,-1,,-1,
EuYO3,0,0.06509310493663817,0,0.06666666666666667,0,0.22,0,0.0036783279307962195,-1,,-1,,-1,,-1,
GdDyO3,0,0.026839679471276388,0,0.06666666666666667,0,0.0,0,0.002545410527665675,-1,,-1,,-1,,-1,
GdHoO3,0,0.060094752912138845,0,0.06666666666666667,0,0.0,0,0.0034899890300501652,-1,,-1,,-1,,-1,
GdLaO3,0,1.9943250826309594e-05,0,0.06666666666666667,0,0.14,0,0.0026194562384695553,-1,,-1,,-1,,-1,
GdYO3,0,0.03132368829302997,0,0.06666666666666667,0,0.0,0,0.0034899890300501652,-1,,-1,,-1,,-1,
HoDyO3,0,0.009002196492293115,0,0.06666666666666667,0,0.026666666666666665,0,0.004273328056437205,-1,,-1,,-1,,-1,
HoErO3,0,0.03586240026126202,0,0.06666666666666667,0,0.04666666666666667,0,0.01126823976772512,-1,,-1,,-1,,-1,
HoTmO3,0,0.05186533950292905,0,0.06666666666666667,0,0.07833333333333334,0,0.010663568043873702,-1,,-1,,-1,,-1,
HoYO3,0,0.01077265425919756,0,0.06666666666666667,0,0.026666666666666665,0,0.006589777502035954,-1,,-1,,-1,,-1,
LuDyO3,0,0.0021682337700446113,0,0.06666666666666667,0,0.06666666666666667,0,0.012516901542942015,-1,,-1,,-1,,-1,
LuErO3,0,0.009359479979042896,0,0.06666666666666667,0,0.08666666666666666,0,0.04667799661357845,-1,,-1,,-1,,-1,
LuHoO3,0,0.005268936643041283,0,0.06666666666666667,0,0.06666666666666667,0,0.018097130172385695,-1,,-1,,-1,,-1,
LuLaO3,0,9.363215784907072e-07,0,0.06666666666666667,0,0.2,0,0.01237363419711433,-1,,-1,,-1,,-1,
LuTmO3,0,0.01408313208040427,0,0.06666666666666667,0,0.09833333333333333,0,0.03543563961655687,-1,,-1,,-1,,-1,
LuYO3,0,0.002684015472159552,0,0.06666666666666667,0,0.06666666666666667,0,0.018097130172385695,-1,,-1,,-1,,-1,
NdHoO3,0,0.22576633025863296,0,0.06666666666666667,0,0.0,0,0.002665540030966617,-1,,-1,,-1,,-1,
NdLaO3,0,0.0001294500632224408,0,0.06666666666666667,0,0.18,0,0.0033415483494045987,-1,,-1,,-1,,-1,
NdYO3,0,0.1282048059062324,0,0.06666666666666667,0,0.0,0,0.002665540030966617,-1,,-1,,-1,,-1,
PrLaO3,0,0.0005566341520785305,0,0.06666666666666667,0,0.22,0,0.004171816614534734,-1,,-1,,-1,,-1,
PrYO3,0,0.3103902472624512,0,0.06666666666666667,0,0.013333333333333332,0,0.0017006963104802969,-1,,-1,,-1,,-1,
SmDyO3,0,0.04902376300498936,0,0.06666666666666667,0,0.0,0,0.0019436664854058738,-1,,-1,,-1,,-1,
SmHoO3,0,0.10571944213763042,0,0.06666666666666667,0,0.0,0,0.002665540030966617,-1,,-1,,-1,,-1,
SmLaO3,0,4.1691116940473755e-05,0,0.06666666666666667,0,0.18,0,0.0033415483494045987,-1,,-1,,-1,,-1,
TbDyO3,0,0.017969720071822886,0,0.06666666666666667,0,0.006666666666666666,0,0.002545410527665675,-1,,-1,,-1,,-1,
TbHoO3,0,0.040959992014110026,0,0.06666666666666667,0,0.006666666666666666,0,0.0034899890300501652,-1,,-1,,-1,,-1,
TbLaO3,0,1.2337854495248985e-05,0,0.06666666666666667,0,0.14,0,0.0026194562384695553,-1,,-1,,-1,,-1,
TbYO3,0,0.021156674698162153,0,0.06666666666666667,0,0.006666666666666666,0,0.0034899890300501652,-1,,-1,,-1,,-1,
TmDyO3,0,0.004358053928653546,0,0.06666666666666667,0,0.04666666666666667,0,0.004273328056437205,-1,,-1,,-1,,-1,
TmErO3,0,0.018182785009171407,0,0.06666666666666667,0,0.06666666666666667,0,0.01126823976772512,-1,,-1,,-1,,-1,
TmHoO3,0,0.010416363373773935,0,0.06666666666666667,0,0.04666666666666667,0,0.006589777502035954,-1,,-1,,-1,,-1,
YbDyO3,0,0.0032079270648199413,0,0.06666666666666667,0,0.06666666666666667,0,0.012516901542942015,-1,,-1,,-1,,-1,
YbErO3,0,0.013578795826484125,0,0.06666666666666667,0,0.08666666666666666,0,0.04667799661357845,-1,,-1,,-1,,-1,
YbHoO3,0,0.00772121320778363,0,0.06666666666666667,0,0.06666666666666667,0,0.018097130172385695,-1,,-1,,-1,,-1,
YbLaO3,0,1.5081885815300696e-06,0,0.06666666666666667,0,0.2,0,0.012344381998410371,-1,,-1,,-1,,-1,
YbTmO3,0,0.020237907195566413,0,0.06666666666666667,0,0.09833333333333333,0,0.03543563961655687,-1,,-1,,-1,,-1,
YDyO3,0,0.020349422646664273,0,0.06666666666666667,0,0.006666666666666666,0,0.002545410527665675,-1,,-1,,-1,,-1,
YErO3,0,0.07819182256518412,0,0.06666666666666667,0,0.026666666666666665,0,0.004849831252749746,-1,,-1,,-1,,-1,
YHoO3,0,0.04678260925880586,0,0.06666666666666667,0,0.006666666666666666,0,0.0034899890300501652,-1,,-1,,-1,,-1,
YLaO3,0,1.234850836929125e-05,0,0.06666666666666667,0,0.14,0,0.0026194562384695553,-1,,-1,,-1,,-1,
YTmO3,0,0.1107866476511559,0,0.06666666666666667,0,0.04833333333333333,0,0.004587983358438061,-1,,-1,,-1,,-1,
EuTeO3,0,0.06874803641912483,1,0.9782608695652174,1,0.8951304347826087,1,0.9969978837625008,-1,,0,0.0,0,0.0,0,2.2383261131310957e-05
HgCeO3,0,0.026972721169162026,1,0.5714285714285714,0,0.2503030303030303,1,0.5779926737129449,-1,,0,0.0,-1,,0,2.2383261131310994e-05
BiYbO3,0,0.45164416328597273,1,0.9782608695652174,1,0.9420039152206641,1,0.9901879342841627,-1,,0,0.0,0,0.0,0,2.2383261131310994e-05
KAsO3,0,0.0013229442234360912,0,0.0,0,0.0,0,0.0028610472836079494,-1,,-1,,-1,,-1,
RbAsO3,0,0.0008085752636750938,0,0.0,0,0.02,0,0.0013841150584578364,-1,,-1,,-1,,-1,
CoCeO3,0,0.00034942405097255363,0,0.041666666666666664,0,0.1,0,0.022619559881297175,-1,,-1,,-1,,-1,
CoPrO3,0,6.160396275453664e-07,0,0.041666666666666664,0,0.22,0,0.025836129840191454,-1,,-1,,-1,,-1,
CoTbO3,0,0.005942088345609892,0,0.041666666666666664,0,0.028771929824561403,0,0.009362061348793048,-1,,-1,,-1,,-1,
CoThO3,0,1.2853448558716884e-06,0,0.041666666666666664,0,0.22,0,0.007305517291323389,-1,,-1,,-1,,-1,
CuCeO3,0,4.79540942118225e-05,0,0.041666666666666664,0,0.1,0,0.022619559881297175,-1,,-1,,-1,,-1,
CuPbO3,0,0.0006022782255624191,0,0.041666666666666664,0,0.042105263157894736,0,0.015922561024189548,-1,,-1,,-1,,-1,
CuPrO3,0,4.823399448787876e-08,0,0.041666666666666664,0,0.22,0,0.025836129840191454,-1,,-1,,-1,,-1,
CuTbO3,0,0.0014483421247929546,0,0.041666666666666664,0,0.028771929824561403,0,0.009362061348793048,-1,,-1,,-1,,-1,
FeNpO3,0,1.966522626670773e-07,0,0.041666666666666664,0,0.22,0,0.007046053587677402,-1,,-1,,-1,,-1,
FePrO3,0,7.129538297391943e-07,0,0.041666666666666664,0,0.22,0,0.010686539860911328,-1,,-1,,-1,,-1,
FePuO3,0,0.00013503292486320058,0,0.041666666666666664,0,0.08,0,0.009337997742139224,-1,,-1,,-1,,-1,
FeCeO3,0,0.0004162764651577423,0,0.041666666666666664,0,0.1,0,0.009337997742139224,-1,,-1,,-1,,-1,
FeTbO3,0,0.007281580311069866,0,0.041666666666666664,0,0.028771929824561403,0,0.002895258568439915,-1,,-1,,-1,,-1,
MgPuO3,0,5.58071480190617e-05,0,0.041666666666666664,0,0.08,0,0.011410045995113327,-1,,-1,,-1,,-1,
MnCeO3,0,0.001762441033911068,0,0.041666666666666664,0,0.12,0,0.009337997742139224,-1,,-1,,-1,,-1,
MnPbO3,0,0.009457403905171748,0,0.041666666666666664,0,0.06210526315789473,0,0.00337611081444252,-1,,-1,,-1,,-1,
MnPrO3,0,4.671510627545837e-06,0,0.041666666666666664,0,0.22,0,0.010680351734207835,-1,,-1,,-1,,-1,
MnPuO3,0,0.000550673108160796,0,0.041666666666666664,0,0.1,0,0.009337997742139224,-1,,-1,,-1,,-1,
MnTbO3,0,0.019584707737700872,0,0.041666666666666664,0,0.03448621553884711,0,0.002895258568439915,-1,,-1,,-1,,-1,
NiCeO3,0,1.1635965900275625e-05,0,0.041666666666666664,0,0.1,0,0.02257955679098456,-1,,-1,,-1,,-1,
NiPrO3,0,7.109155699097846e-09,0,0.041666666666666664,0,0.22,0,0.025836129840191454,-1,,-1,,-1,,-1,
NiPuO3,0,4.132615593075843e-06,0,0.041666666666666664,0,0.08,0,0.02257955679098456,-1,,-1,,-1,,-1,
NiTbO3,0,0.0005838335558935127,0,0.041666666666666664,0,0.028771929824561403,0,0.009362061348793048,-1,,-1,,-1,,-1,
NiThO3,0,2.275498974254252e-08,0,0.041666666666666664,0,0.22,0,0.007292395283393995,-1,,-1,,-1,,-1,
ZnCeO3,0,0.0001700056046098229,0,0.041666666666666664,0,0.1,0,0.009337997742139224,-1,,-1,,-1,,-1,
ZnPrO3,0,2.648919372930264e-07,0,0.041666666666666664,0,0.22,0,0.010686539860911328,-1,,-1,,-1,,-1,
AlDyO3,0,4.062361448232636e-08,0,0.041666666666666664,0,0.22399999999999998,0,0.017550200826762934,-1,,-1,,-1,,-1,
AlErO3,0,2.8939237794036795e-07,0,0.041666666666666664,0,0.204,0,0.05572288483977602,-1,,-1,,-1,,-1,
AlHoO3,0,1.2660013426439704e-07,0,0.041666666666666664,0,0.204,0,0.0266927029732763,-1,,-1,,-1,,-1,
AlLaO3,0,1.3908702830305661e-12,0,0.041666666666666664,0,0.244,0,0.012050781143043676,-1,,-1,,-1,,-1,
AlLuO3,0,2.213858418299756e-06,0,0.041666666666666664,0,0.124,0,0.019391393251544636,-1,,-1,,-1,,-1,
AlScO3,0,0.0023086407739538926,0,0.041666666666666664,0,0.0327719298245614,0,0.010231821127786655,-1,,-1,,-1,,-1,
AlTmO3,0,5.493801376194273e-07,0,0.041666666666666664,0,0.22399999999999998,0,0.034887696810464164,-1,,-1,,-1,,-1,
AlYbO3,0,1.4169054269224673e-06,0,0.041666666666666664,0,0.14400000000000002,0,0.019391393251544636,-1,,-1,,-1,,-1,
AlYO3,0,6.578390866244859e-08,0,0.041666666666666664,0,0.204,0,0.0266927029732763,-1,,-1,,-1,,-1,
FeDyO3,0,0.00012091400734022228,0,0.041666666666666664,0,0.18,0,0.008443145804241997,-1,,-1,,-1,,-1,
FeErO3,0,0.0005836755151904619,0,0.041666666666666664,0,0.16,0,0.027359087422932266,-1,,-1,,-1,,-1,
FeHoO3,0,0.0003104959199885629,0,0.041666666666666664,0,0.16,0,0.01290378173525084,-1,,-1,,-1,,-1,
FeLaO3,0,3.0405757262216194e-08,0,0.041666666666666664,0,0.2,0,0.00577026499707172,-1,,-1,,-1,,-1,
FeLuO3,0,0.002638056443849096,0,0.041666666666666664,0,0.08,0,0.009337997742139224,-1,,-1,,-1,,-1,
FeYbO3,0,0.0019199239648890149,0,0.041666666666666664,0,0.1,0,0.009337997742139224,-1,,-1,,-1,,-1,
FeYO3,0,0.00015853708101135967,0,0.041666666666666664,0,0.16,0,0.01290378173525084,-1,,-1,,-1,,-1,
GaDyO3,0,4.2046654114278625e-07,0,0.041666666666666664,0,0.18,0,0.008427997761607098,-1,,-1,,-1,,-1,
GaErO3,0,2.6601541112950432e-06,0,0.041666666666666664,0,0.16,0,0.027310936611079754,-1,,-1,,-1,,-1,
GaHoO3,0,1.2352260849065122e-06,0,0.041666666666666664,0,0.16,0,0.012880734724181171,-1,,-1,,-1,,-1,
GaLaO3,0,2.6458958037481374e-11,0,0.041666666666666664,0,0.2,0,0.00577026499707172,-1,,-1,,-1,,-1,
GaLuO3,0,1.7340779457921194e-05,0,0.041666666666666664,0,0.08,0,0.00932125931747421,-1,,-1,,-1,,-1,
GaTmO3,0,4.781146435578749e-06,0,0.041666666666666664,0,0.18,0,0.016908949370677315,-1,,-1,,-1,,-1,
GaYbO3,0,1.1539922703173308e-05,0,0.041666666666666664,0,0.1,0,0.00932125931747421,-1,,-1,,-1,,-1,
InLaO3,0,5.18732106307029e-08,1,0.5714285714285714,0,0.215,0,0.07879192383203638,-1,,0,0.0,-1,,-1,
PuYbO3,0,0.01815123634328755,0,0.06666666666666667,0,0.17,0,0.007896667982151091,-1,,-1,,-1,,-1,
ScDyO3,0,3.76525788361378e-06,1,0.5714285714285714,0,0.1716666666666667,0,0.3632759855267542,-1,,0,0.0,-1,,-1,
ScLaO3,0,2.2879467841038686e-10,1,0.5714285714285714,0,0.235,0,0.36058396780494706,-1,,0,0.0,-1,,-1,
ScYbO3,0,0.00010476329206508751,1,0.5714285714285714,0,0.17921212121212127,1,0.5322607708469886,-1,,0,0.0,-1,,0,2.2383261131310957e-05
ScYO3,0,5.737987659068709e-06,1,0.5714285714285714,0,0.1716666666666667,0,0.46692356723581635,-1,,0,0.0,-1,,-1,
ErLaO3,0,3.010225438983325e-06,0,0.06666666666666667,0,0.18,0,0.003664254887700596,-1,,-1,,-1,,-1,
HoLaO3,0,5.325198874079915e-06,0,0.06666666666666667,0,0.16,0,0.003664254887700596,-1,,-1,,-1,,-1,
TmLaO3,0,2.169358635712563e-06,0,0.06666666666666667,0,0.18,0,0.003664254887700596,-1,,-1,,-1,,-1,
