Compound,Aatom,Batom,rA,rB,MA,MB,dAO,dBO,rA/rO,rB/rO,t
AgIO3,Ag,I,1.46,0.95,65,96,1.805,2.003,1.081,0.7040000000000001,0.8638582497050306
AgPaO3,Ag,Pa,1.46,0.78,65,18,1.805,2.11,1.081,0.578,0.9327848477761889
AgReO3,Ag,Re,1.46,0.58,65,54,1.805,1.86,1.081,0.43,1.029415800943284
AgUO3,Ag,U,1.46,0.76,65,20,1.805,2.075,1.081,0.563,0.9416238426072988
AgWO3,Ag,W,1.46,0.62,65,51,1.805,1.89,1.081,0.459,1.0085204586906458
NaReO3,Na,Re,1.39,0.58,2,54,1.5766,1.86,1.03,0.43,1.0037775834626348
TlWO3,Tl,W,1.115,0.62,76,51,2.003,1.89,0.826,0.459,0.8847255554300338
CaAmO3,Ca,Am,1.34,0.85,7,26,1.967,2.11,0.993,0.63,0.8645548789001452
CaCeO3,Ca,Ce,1.34,0.87,7,15,1.967,2.028,0.993,0.644,0.8567682461247204
CaCoO3,Ca,Co,1.34,0.61,7,58,1.967,1.6369999999999998,0.993,0.452,0.97038564521026
CaNpO3,Ca,Np,1.34,1.01,7,22,1.967,2.11,0.993,0.748,0.8059562083201065
CaPaO3,Ca,Pa,1.34,0.78,7,18,1.967,2.11,0.993,0.578,0.8929593066133111
CaPrO3,Ca,Pr,1.34,0.99,7,17,1.967,2.0980000000000003,0.993,0.733,0.8128429189855338
CaPuO3,Ca,Pu,1.34,0.86,7,24,1.967,2.09,0.993,0.637,0.8606439505809198
CaTbO3,Ca,Tb,1.34,0.76,7,29,1.967,2.013,0.993,0.563,0.9014209177923129
CaTeO3,Ca,Te,1.34,0.56,7,90,1.967,1.977,0.993,0.415,0.9957802612472303
CaThO3,Ca,Th,1.34,0.94,7,16,1.967,2.167,0.993,0.696,0.8305858318374308
CdAmO3,Cd,Am,1.31,0.85,70,26,1.904,2.11,0.97,0.63,0.8549151994482921
CdCeO3,Cd,Ce,1.31,0.87,70,15,1.904,2.028,0.97,0.644,0.8472153866605816
CdCoO3,Cd,Co,1.31,0.61,70,58,1.904,1.6369999999999998,0.97,0.452,0.9595659658668197
CdCrO3,Cd,Cr,1.31,0.615,70,49,1.904,1.7080000000000002,0.97,0.456,0.9571250835815589
CdHfO3,Cd,Hf,1.31,0.71,70,45,1.904,1.923,0.97,0.526,0.9129989496852112
CdIrO3,Cd,Ir,1.31,0.625,70,60,1.904,1.87,0.97,0.463,0.9522803842006323
CdMnO3,Cd,Mn,1.31,0.645,70,52,1.904,1.732,0.97,0.478,0.9427366459301362
CdMoO3,Cd,Mo,1.31,0.65,70,50,1.904,1.886,0.97,0.481,0.9403805264070417
CdNbO3,Cd,Nb,1.31,0.68,70,47,1.904,1.88,0.97,0.504,0.9264874721978625
CdPaO3,Cd,Pa,1.31,0.78,70,18,1.904,2.11,0.97,0.578,0.8830029213225916
CdPuO3,Cd,Pu,1.31,0.86,70,24,1.904,2.09,0.97,0.637,0.8510478774937714
CdRuO3,Cd,Ru,1.31,0.62,70,56,1.904,1.834,0.97,0.459,0.9546965877077711
CdTbO3,Cd,Tb,1.31,0.76,70,29,1.904,2.013,0.97,0.563,0.8913701865885664
CdUO3,Cd,U,1.31,0.76,70,20,1.904,2.075,0.97,0.563,0.8913701865885664
CdVO3,Cd,V,1.31,0.64,70,46,1.904,1.749,0.97,0.474,0.9451046016041161
CdZrO3,Cd,Zr,1.31,0.72,70,44,1.904,1.937,0.97,0.5329999999999999,0.9085896323877161
Eu(II)Co(IV)O3,Eu(II),Co(IV),0.0,0.0,0,0,0.0,0.0,0.0,0.0,0.7071067811865475
EuCrO3,Eu,Cr,1.24,0.615,25,49,2.147,1.7080000000000002,0.919,0.456,0.9319433840597592
EuGeO3,Eu,Ge,1.24,0.53,25,79,2.147,1.7480000000000002,0.919,0.393,0.9740653888269173
EuHfO3,Eu,Hf,1.24,0.71,25,45,2.147,1.923,0.919,0.526,0.8889781966937004
EuIrO3,Eu,Ir,1.24,0.625,25,60,2.147,1.87,0.919,0.463,0.9272261473962732
EuMnO3,Eu,Mn,1.24,0.645,25,52,2.147,1.732,0.919,0.478,0.9179335022729163
EuMoO3,Eu,Mo,1.24,0.65,25,50,2.147,1.886,0.919,0.481,0.9156393716109286
EuNbO3,Eu,Nb,1.24,0.68,25,47,2.147,1.88,0.919,0.504,0.9021118398632718
EuPaO3,Eu,Pa,1.24,0.78,25,18,2.147,2.11,0.919,0.578,0.859771355644246
EuPbO3,Eu,Pb,1.24,0.775,25,81,2.147,2.042,0.919,0.574,0.8617937637116325
EuPuO3,Eu,Pu,1.24,0.86,25,24,2.147,2.09,0.919,0.637,0.8286570402904254
Eu(II)Ru(IV)O3,Eu(II),Ru(IV),0.0,0.0,0,0,0.0,0.0,0.0,0.0,0.7071067811865475
EuSnO3,Eu,Sn,1.24,0.69,25,80,2.147,1.905,0.919,0.511,0.8976910512964676
EuUO3,Eu,U,1.24,0.76,25,20,2.147,2.075,0.919,0.563,0.8679184804464911
Eu(II)V(IV)O3,Eu(II),V(IV),0.0,0.0,0,0,0.0,0.0,0.0,0.0,0.7071067811865475
EuZrO3,Eu,Zr,1.24,0.72,25,44,2.147,1.937,0.919,0.5329999999999999,0.8846848873299502
HgAmO3,Hg,Am,1.264,0.85,71,26,1.93,2.11,0.936,0.63,0.8401343576221175
HgCoO3,Hg,Co,1.264,0.61,71,58,1.93,1.6369999999999998,0.936,0.452,0.9429757908735447
HgCrO3,Hg,Cr,1.264,0.615,71,49,1.93,1.7080000000000002,0.936,0.456,0.9405771096100904
HgGeO3,Hg,Ge,1.264,0.53,71,79,1.93,1.7480000000000002,0.936,0.393,0.9830893417612397
HgHfO3,Hg,Hf,1.264,0.71,71,45,1.93,1.923,0.936,0.526,0.8972138834336469
HgIrO3,Hg,Ir,1.264,0.625,71,60,1.93,1.87,0.936,0.463,0.9358161714434821
HgMnO3,Hg,Mn,1.264,0.645,71,52,1.93,1.732,0.936,0.478,0.9264374372411058
HgMoO3,Hg,Mo,1.264,0.65,71,50,1.93,1.886,0.936,0.481,0.9241220532553103
HgNbO3,Hg,Nb,1.264,0.68,71,47,1.93,1.88,0.936,0.504,0.9104691995208457
HgPaO3,Hg,Pa,1.264,0.78,71,18,1.93,2.11,0.936,0.578,0.8677364638768216
HgPbO3,Hg,Pb,1.264,0.775,71,81,1.93,2.042,0.936,0.574,0.8697776079709917
HgPuO3,Hg,Pu,1.264,0.86,71,24,1.93,2.09,0.936,0.637,0.8363338987601441
HgRuO3,Hg,Ru,1.264,0.62,71,56,1.93,1.834,0.936,0.459,0.9381906006063561
HgSnO3,Hg,Sn,1.264,0.69,71,80,1.93,1.905,0.936,0.511,0.9060074558103551
HgTbO3,Hg,Tb,1.264,0.76,71,29,1.93,2.013,0.936,0.563,0.8759590654094883
HgUO3,Hg,U,1.264,0.76,71,20,1.93,2.075,0.936,0.563,0.8759590654094883
HgVO3,Hg,V,1.264,0.64,71,46,1.93,1.749,0.936,0.474,0.9287644527396263
HgZrO3,Hg,Zr,1.264,0.72,71,44,1.93,1.937,0.936,0.5329999999999999,0.8928807999211842
MnHfO3,Mn,Hf,1.133,0.71,52,45,1.765,1.923,0.8390000000000001,0.526,0.8522607599781055
MnIrO3,Mn,Ir,1.133,0.625,52,60,1.765,1.87,0.8390000000000001,0.463,0.8889289568524673
MnMoO3,Mn,Mo,1.133,0.65,52,50,1.765,1.886,0.8390000000000001,0.481,0.8778207492797273
MnNbO3,Mn,Nb,1.133,0.68,52,47,1.765,1.88,0.8390000000000001,0.504,0.8648519447232549
MnRuO3,Mn,Ru,1.133,0.62,52,56,1.765,1.834,0.8390000000000001,0.459,0.8911844199479789
MnZrO3,Mn,Zr,1.133,0.72,52,44,1.765,1.937,0.8390000000000001,0.5329999999999999,0.8481447770273655
PbAmO3,Pb,Am,1.49,0.85,81,26,1.963,2.11,1.104,0.63,0.9127532761594095
PbIrO3,Pb,Ir,1.49,0.625,81,60,1.963,1.87,1.104,0.463,1.0167055645546983
PbMoO3,Pb,Mo,1.49,0.65,81,50,1.963,1.886,1.104,0.481,1.0040006387399036
PbNbO3,Pb,Nb,1.49,0.68,81,47,1.963,1.88,1.104,0.504,0.9891676696296667
PbNpO3,Pb,Np,1.49,1.01,81,22,1.963,2.11,1.104,0.748,0.8508877661080876
PbPaO3,Pb,Pa,1.49,0.78,81,18,1.963,2.11,1.104,0.578,0.9427412330669083
PbPrO3,Pb,Pr,1.49,0.99,81,17,1.963,2.0980000000000003,1.104,0.733,0.8581584066136706
PbPuO3,Pb,Pu,1.49,0.86,81,24,1.963,2.09,1.104,0.637,0.9086243160166609
PbRuO3,Pb,Ru,1.49,0.62,81,56,1.963,1.834,1.104,0.459,1.0192852328872206
PbTbO3,Pb,Tb,1.49,0.76,81,29,1.963,2.013,1.104,0.563,0.9516745738110453
PbThO3,Pb,Th,1.49,0.94,81,16,1.963,2.167,1.104,0.696,0.8768904758315118
PbUO3,Pb,U,1.49,0.76,81,20,1.963,2.075,1.104,0.563,0.9516745738110453
PbVO3,Pb,V,1.49,0.64,81,46,1.963,1.749,1.104,0.474,1.0090443145521195
SrCrO3,Sr,Cr,1.44,0.615,8,49,2.1180000000000003,1.7080000000000002,1.067,0.456,1.003891096979187
SrNpO3,Sr,Np,1.44,1.01,8,22,2.1180000000000003,2.11,1.067,0.748,0.8359105801787605
SrPaO3,Sr,Pa,1.44,0.78,8,18,2.1180000000000003,2.11,1.067,0.578,0.9261472575823759
SrUO3,Sr,U,1.44,0.76,8,20,2.1180000000000003,2.075,1.067,0.563,0.9349233551381344
BiCoO3,Bi,Co,1.35,0.61,86,58,2.094,1.6369999999999998,1.0,0.452,0.9739922049914068
BiCrO3,Bi,Cr,1.35,0.615,86,49,2.094,1.7080000000000002,1.0,0.456,0.9715146261654445
BiCuO3,Bi,Cu,1.35,0.54,86,64,2.094,1.735,1.0,0.4,1.0100542949868223
BiErO3,Bi,Er,1.35,0.89,86,35,2.094,1.979,1.0,0.659,0.8522764854613585
BiGaO3,Bi,Ga,1.35,0.62,86,74,2.094,1.73,1.0,0.459,0.969049619969871
BiHoO3,Bi,Ho,1.35,0.901,86,33,2.094,1.992,1.0,0.667,0.8481127852392244
BiLaO3,Bi,La,1.35,1.032,86,13,2.094,2.148,1.0,0.764,0.8014821418246747
BiLuO3,Bi,Lu,1.35,0.861,86,41,2.094,1.947,1.0,0.638,0.8634520476583419
BiNiO3,Bi,Ni,1.35,0.6,86,61,2.094,1.75,1.0,0.444,0.9789854672631013
BiRhO3,Bi,Rh,1.35,0.665,86,59,2.094,1.793,1.0,0.493,0.9474148944643397
BiRuO3,Bi,Ru,1.35,0.62,86,56,2.094,1.834,1.0,0.459,0.969049619969871
BiTiO3,Bi,Ti,1.35,0.67,86,43,2.094,1.791,1.0,0.496,0.9450705194704441
BiTmO3,Bi,Tm,1.35,0.88,86,37,2.094,1.968,1.0,0.652,0.8560973028983834
BiVO3,Bi,V,1.35,0.64,86,46,2.094,1.749,1.0,0.474,0.9593134267036725
BiYO3,Bi,Y,1.35,0.9,86,12,2.094,2.014,1.0,0.667,0.8484896215962886
CeCoO3,Ce,Co,1.34,0.61,15,58,2.116,1.6369999999999998,0.993,0.452,0.97038564521026
CeCuO3,Ce,Cu,1.34,0.54,15,64,2.116,1.735,0.993,0.4,1.006314202223856
CeInO3,Ce,In,1.34,0.8,15,75,2.116,1.902,0.993,0.593,0.8846550758904995
CeNiO3,Ce,Ni,1.34,0.6,15,61,2.116,1.75,0.993,0.444,0.975360418115414
CeRhO3,Ce,Rh,1.34,0.665,15,59,2.116,1.793,0.993,0.493,0.9439067468252479
CeRuO3,Ce,Ru,1.34,0.62,15,56,2.116,1.834,0.993,0.459,0.9654613619043461
CeScO3,Ce,Sc,1.34,0.745,15,11,2.116,1.849,0.993,0.552,0.9078731177402493
DyCuO3,Dy,Cu,1.2,0.54,31,64,2.005,1.735,0.889,0.4,0.9539529035423269
DyGaO3,Dy,Ga,1.2,0.62,31,74,2.005,1.73,0.889,0.459,0.9152257489869962
DyRuO3,Dy,Ru,1.2,0.62,31,56,2.005,1.834,0.889,0.459,0.9152257489869962
ErCoO3,Er,Co,1.179,0.61,35,58,1.979,1.6369999999999998,0.873,0.452,0.9123200327337974
ErGaO3,Er,Ga,1.179,0.62,35,74,1.979,1.73,0.873,0.459,0.9076904070493937
ErInO3,Er,In,1.179,0.8,35,75,1.979,1.902,0.873,0.593,0.8317193806176544
ErRuO3,Er,Ru,1.179,0.62,35,56,1.979,1.834,0.873,0.459,0.9076904070493937
ErScO3,Er,Sc,1.179,0.745,35,11,1.979,1.849,0.873,0.552,0.853548109025718
EuAmO3,Eu,Am,1.24,0.85,25,26,2.147,2.11,0.919,0.63,0.8324226140606352
Eu(III)Co(III)O3,Eu(III),Co(III),0.0,0.0,0,0,0.0,0.0,0.0,0.0,0.7071067811865475
EuCuO3,Eu,Cu,1.24,0.54,25,64,2.147,1.735,0.919,0.4,0.9689132745941923
Eu(III)Ru(III)O3,Eu(III),Ru(III),0.0,0.0,0,0,0.0,0.0,0.0,0.0,0.7071067811865475
EuTiO3,Eu,Ti,1.24,0.67,25,43,2.147,1.791,0.919,0.496,0.9065763853362843
Eu(III)V(III)O3,Eu(III),V(III),0.0,0.0,0,0,0.0,0.0,0.0,0.0,0.7071067811865475
GdCuO3,Gd,Cu,1.224,0.54,27,64,2.031,1.735,0.907,0.4,0.9629291261734462
GdRuO3,Gd,Ru,1.224,0.62,27,56,2.031,1.834,0.907,0.459,0.9238375683442561
HoGaO3,Ho,Ga,1.194,0.62,33,74,1.992,1.73,0.884,0.459,0.9130727941476813
HoInO3,Ho,In,1.194,0.8,33,75,1.992,1.902,0.884,0.593,0.8366512776927642
HoRuO3,Ho,Ru,1.194,0.62,33,56,1.992,1.834,0.884,0.459,0.9130727941476813
HoVO3,Ho,V,1.194,0.64,33,46,1.992,1.749,0.884,0.474,0.9038990088154027
InGaO3,In,Ga,1.097,0.62,75,74,1.902,1.73,0.813,0.459,0.878266690912089
LuCoO3,Lu,Co,1.15,0.61,41,58,1.947,1.6369999999999998,0.852,0.452,0.9018610093684718
LuGaO3,Lu,Ga,1.15,0.62,41,74,1.947,1.73,0.852,0.459,0.8972844586593713
LuInO3,Lu,In,1.15,0.8,41,75,1.947,1.902,0.852,0.593,0.8221843796057755
LuNiO3,Lu,Ni,1.15,0.6,41,61,1.947,1.75,0.852,0.444,0.9064844843093536
LuRhO3,Lu,Rh,1.15,0.665,41,59,1.947,1.793,0.852,0.493,0.8772519416825024
LuRuO3,Lu,Ru,1.15,0.62,41,56,1.947,1.834,0.852,0.459,0.8972844586593713
LuScO3,Lu,Sc,1.15,0.745,41,11,1.947,1.849,0.852,0.552,0.843762859008815
LuVO3,Lu,V,1.15,0.64,41,46,1.947,1.749,0.852,0.474,0.8882693012058908
NdCuO3,Nd,Cu,1.27,0.54,19,64,2.086,1.735,0.941,0.4,0.9801335528830915
NdRuO3,Nd,Ru,1.27,0.62,19,56,2.086,1.834,0.941,0.459,0.9403435554456712
PrCuO3,Pr,Cu,1.314,0.54,17,64,2.0980000000000003,1.735,0.973,0.4,0.9965899610401434
PrInO3,Pr,In,1.314,0.8,17,75,2.0980000000000003,1.902,0.973,0.593,0.8761064542936424
PuGaO3,Pu,Ga,1.09,0.62,24,74,2.11,1.73,0.807,0.459,0.8757549102662215
SmCuO3,Sm,Cu,1.24,0.54,23,64,2.063,1.735,0.919,0.4,0.9689132745941923
SmGaO3,Sm,Ga,1.24,0.62,23,74,2.063,1.73,0.919,0.459,0.9295787812490961
SmRuO3,Sm,Ru,1.24,0.62,23,56,2.063,1.834,0.919,0.459,0.9295787812490961
TbCuO3,Tb,Cu,1.214,0.54,29,64,2.013,1.735,0.899,0.4,0.9591890334104799
TbGaO3,Tb,Ga,1.214,0.62,29,74,2.013,1.73,0.899,0.459,0.9202493102787312
TbInO3,Tb,In,1.214,0.8,29,75,2.013,1.902,0.899,0.593,0.8432271404595773
TbNiO3,Tb,Ni,1.214,0.6,29,61,2.013,1.75,0.899,0.444,0.9296847988545528
TbRuO3,Tb,Ru,1.214,0.62,29,56,2.013,1.834,0.899,0.459,0.9202493102787312
TbScO3,Tb,Sc,1.214,0.745,29,11,2.013,1.849,0.899,0.552,0.865357893528877
TlCoO3,Tl,Co,1.115,0.61,76,58,2.003,1.6369999999999998,0.826,0.452,0.8892380501344581
TlGaO3,Tl,Ga,1.115,0.62,76,74,2.003,1.73,0.826,0.459,0.8847255554300338
TlMnO3,Tl,Mn,1.115,0.645,76,52,2.003,1.732,0.826,0.478,0.873642174313595
TlRhO3,Tl,Rh,1.115,0.665,76,59,2.003,1.793,0.826,0.493,0.864973424945681
TlRuO3,Tl,Ru,1.115,0.62,76,56,2.003,1.834,0.826,0.459,0.8847255554300338
TlScO3,Tl,Sc,1.115,0.745,76,11,2.003,1.849,0.826,0.552,0.8319530745056559
TlVO3,Tl,V,1.115,0.64,76,46,2.003,1.749,0.826,0.474,0.8758365792437789
TmCoO3,Tm,Co,1.17,0.61,37,58,1.968,1.6369999999999998,0.867,0.452,0.9090741289307653
TmGaO3,Tm,Ga,1.17,0.62,37,74,1.968,1.73,0.867,0.459,0.9044609747904213
TmInO3,Tm,In,1.17,0.8,37,75,1.968,1.902,0.867,0.593,0.8287602423725885
TmMnO3,Tm,Mn,1.17,0.645,37,52,1.968,1.732,0.867,0.478,0.8931303586156965
TmRhO3,Tm,Rh,1.17,0.665,37,59,1.968,1.793,0.867,0.493,0.8842682369606862
TmRuO3,Tm,Ru,1.17,0.62,37,56,1.968,1.834,0.867,0.459,0.9044609747904213
TmScO3,Tm,Sc,1.17,0.745,37,11,1.968,1.849,0.867,0.552,0.8505113072963343
YbCoO3,Yb,Co,1.162,0.61,39,58,1.954,1.6369999999999998,0.861,0.452,0.9061888811058479
YbInO3,Yb,In,1.162,0.8,39,75,1.954,1.902,0.861,0.593,0.8261298972658633
YbRhO3,Yb,Rh,1.162,0.665,39,59,1.954,1.793,0.861,0.493,0.8814617188494127
YbRuO3,Yb,Ru,1.162,0.62,39,56,1.954,1.834,0.861,0.459,0.9015903683380013
YbScO3,Yb,Sc,1.162,0.745,39,11,1.954,1.849,0.861,0.552,0.8478119279813265
YRhO3,Y,Rh,1.196,0.665,12,59,2.014,1.793,0.8859999999999999,0.493,0.8933894208223251
YRuO3,Y,Ru,1.196,0.62,12,56,2.014,1.834,0.8859999999999999,0.459,0.9137904457607864
YYbO3,Y,Yb,1.196,0.868,12,39,2.014,1.954,0.8859999999999999,0.643,0.8116455310523985
CeLaO3,Ce,La,1.34,1.032,15,13,2.116,2.148,0.993,0.764,0.7985143631882556
CeYO3,Ce,Y,1.34,0.9,15,12,2.116,2.014,0.993,0.667,0.8453477806982944
DyErO3,Dy,Er,1.2,0.89,31,35,2.005,1.979,0.889,0.659,0.8049385384152243
DyLuO3,Dy,Lu,1.2,0.861,31,41,2.005,1.947,0.889,0.638,0.8154933769614724
DyTmO3,Dy,Tm,1.2,0.88,31,37,2.005,1.968,0.889,0.652,0.8085471363946058
DyYbO3,Dy,Yb,1.2,0.868,31,39,2.005,1.954,0.889,0.643,0.8129203938556404
ErLuO3,Er,Lu,1.179,0.861,35,41,1.979,1.947,0.873,0.638,0.8087791630639106
ErYbO3,Er,Yb,1.179,0.868,35,39,1.979,1.954,0.873,0.643,0.8062273641386195
EuCeO3,Eu,Ce,1.24,0.87,25,15,2.147,2.028,0.919,0.644,0.8249253812442578
EuErO3,Eu,Er,1.24,0.89,25,35,2.147,1.979,0.919,0.659,0.8175619909608601
EuLuO3,Eu,Lu,1.24,0.861,25,41,2.147,1.947,0.919,0.638,0.8282823558139709
EuTbO3,Eu,Tb,1.24,0.76,25,29,2.147,2.013,0.919,0.563,0.8679184804464911
EuTmO3,Eu,Tm,1.24,0.88,25,37,2.147,1.968,0.919,0.652,0.8212271807956132
EuYbO3,Eu,Yb,1.24,0.868,25,39,2.147,1.954,0.919,0.643,0.8256690218880612
GdErO3,Gd,Er,1.224,0.89,27,35,2.031,1.979,0.907,0.659,0.8125126099426058
GdLuO3,Gd,Lu,1.224,0.861,27,41,2.031,1.947,0.907,0.638,0.8231667642729715
GdTmO3,Gd,Tm,1.224,0.88,27,37,2.031,1.968,0.907,0.652,0.8161551630352103
GdYbO3,Gd,Yb,1.224,0.868,27,39,2.031,1.954,0.907,0.643,0.820569570675093
HoLuO3,Ho,Lu,1.194,0.861,33,41,1.992,1.947,0.884,0.638,0.8135750301335977
HoYbO3,Ho,Yb,1.194,0.868,33,39,1.992,1.954,0.884,0.643,0.8110080996507774
LuYbO3,Lu,Yb,1.15,0.868,41,39,1.947,1.954,0.852,0.643,0.7969846088151145
NdErO3,Nd,Er,1.27,0.89,19,35,2.086,1.979,0.941,0.659,0.827029580370087
NdTmO3,Nd,Tm,1.27,0.88,19,37,2.086,1.968,0.941,0.652,0.8307372140963688
SmErO3,Sm,Er,1.24,0.89,23,35,2.063,1.979,0.919,0.659,0.8175619909608601
SmLuO3,Sm,Lu,1.24,0.861,23,41,2.063,1.947,0.919,0.638,0.8282823558139709
SmTmO3,Sm,Tm,1.24,0.88,23,37,2.063,1.968,0.919,0.652,0.8212271807956132
SmYbO3,Sm,Yb,1.24,0.868,23,39,2.063,1.954,0.919,0.643,0.8256690218880612
TbErO3,Tb,Er,1.214,0.89,29,35,2.013,1.979,0.899,0.659,0.809356746806197
TbLuO3,Tb,Lu,1.214,0.861,29,41,2.013,1.947,0.899,0.638,0.819969519559847
TbTmO3,Tb,Tm,1.214,0.88,29,37,2.013,1.968,0.899,0.652,0.8129851519349585
TbYbO3,Tb,Yb,1.214,0.868,29,39,2.013,1.954,0.899,0.643,0.8173824136669878
TmLuO3,Tm,Lu,1.17,0.861,37,41,1.968,1.947,0.867,0.638,0.8059016428220985
TmYbO3,Tm,Yb,1.17,0.868,37,39,1.968,1.954,0.867,0.643,0.8033589228313248
YbLuO3,Yb,Lu,1.162,0.861,39,41,1.954,1.947,0.861,0.638,0.8033438470515988
YLuO3,Y,Lu,1.196,0.861,12,41,2.014,1.947,0.8859999999999999,0.638,0.8142144790762227
CsBiO3,Cs,Bi,1.88,0.76,5,86,2.2862,2.06,1.393,0.563,1.0823340794597496
CsPaO3,Cs,Pa,1.88,0.78,5,18,2.2862,2.11,1.393,0.578,1.0721742418462614
CsReO3,Cs,Re,1.88,0.58,5,54,2.2862,1.86,1.393,0.43,1.1832451058271813
CsSbO3,Cs,Sb,1.88,0.6,5,85,2.2862,1.942,1.393,0.444,1.1711130720905327
CsTaO3,Cs,Ta,1.88,0.64,5,48,2.2862,1.92,1.393,0.474,1.147580359272794
CsUO3,Cs,U,1.88,0.76,5,20,2.2862,2.075,1.393,0.563,1.0823340794597496
CsWO3,Cs,W,1.88,0.62,5,51,2.2862,1.89,1.393,0.459,1.159227297442695
KReO3,K,Re,1.64,0.58,3,54,1.9548,1.86,1.215,0.43,1.0953426458935258
KWO3,K,W,1.64,0.62,3,51,1.9548,1.89,1.215,0.459,1.0731091038700955
RbBiO3,Rb,Bi,1.72,0.76,4,86,2.0812,2.06,1.274,0.563,1.028730179706435
RbReO3,Rb,Re,1.72,0.58,4,54,2.0812,1.86,1.274,0.43,1.124643465871411
RbSbO3,Rb,Sb,1.72,0.6,4,85,2.0812,1.942,1.274,0.444,1.1131122857275346
RbWO3,Rb,W,1.72,0.62,4,51,2.0812,1.89,1.274,0.459,1.1018151683942954
TlBiO3,Tl,Bi,1.115,0.76,76,86,2.003,2.06,0.826,0.563,0.8260404337642141
TlNbO3,Tl,Nb,1.115,0.68,76,47,2.003,1.88,0.826,0.504,0.8585839249800744
TlPaO3,Tl,Pa,1.115,0.78,76,18,2.003,2.11,0.826,0.578,0.8182864169329149
TlReO3,Tl,Re,1.115,0.58,76,54,2.003,1.86,0.826,0.43,0.9030560147886544
TlTaO3,Tl,Ta,1.115,0.64,76,48,2.003,1.92,0.826,0.474,0.8758365792437789
TlUO3,Tl,U,1.115,0.76,76,20,2.003,2.075,0.826,0.563,0.8260404337642141
BaVO3,Ba,V,1.61,0.64,9,46,2.285,1.749,1.193,0.474,1.0516707898507887
AgAsO3,Ag,As,1.46,0.46,65,84,1.805,1.767,1.081,0.341,1.0976412580257568
CsAsO3,Cs,As,1.88,0.46,5,84,2.2862,1.767,1.393,0.341,1.2616657382982246
CsNO3,Cs,N,1.88,0.13,5,82,2.2862,1.432,1.393,0.096,1.5428666379921077
CsPO3,Cs,P,1.88,0.38,5,83,2.2862,1.604,1.393,0.281,1.3199879986649106
LiBrO3,Li,Br,1.103,0.47,1,95,1.1745,1.84,0.8170000000000001,0.348,0.9529572748299574
LiPaO3,Li,Pa,1.103,0.78,1,18,1.1745,2.11,0.8170000000000001,0.578,0.8143038628166273
LiUO3,Li,U,1.103,0.76,1,20,1.1745,2.075,0.8170000000000001,0.563,0.8220201412827157
LiWO3,Li,W,1.103,0.62,1,51,1.1745,1.89,0.8170000000000001,0.459,0.8804196457514041
TlAsO3,Tl,As,1.115,0.46,76,84,2.003,1.767,0.826,0.341,0.9629068635162294
TlPO3,Tl,P,1.115,0.38,76,83,2.003,1.604,0.826,0.281,1.0074185777509455
BaSeO3,Ba,Se,1.61,0.5,9,89,2.285,1.811,1.193,0.37,1.1312303274510798
BaSO3,Ba,S,1.61,0.37,9,88,2.285,1.644,1.193,0.274,1.216699835610158
CaNiO3,Ca,Ni,1.34,0.6,7,61,1.967,1.75,0.993,0.444,0.975360418115414
CaSeO3,Ca,Se,1.34,0.5,7,89,1.967,1.811,0.993,0.37,1.0280651405218695
CaSO3,Ca,S,1.34,0.37,7,88,1.967,1.644,0.993,0.274,1.1057400576308234
CdNiO3,Cd,Ni,1.31,0.6,70,61,1.904,1.75,0.97,0.444,0.9644852706723518
CdNpO3,Cd,Np,1.31,1.01,70,22,1.904,2.11,0.97,0.748,0.7969698967625101
CdPrO3,Cd,Pr,1.31,0.99,70,17,1.904,2.0980000000000003,0.97,0.733,0.8037798214599063
CdSiO3,Cd,Si,1.31,0.4,70,78,1.904,1.624,0.97,0.29600000000000004,1.0746735645122154
CdThO3,Cd,Th,1.31,0.94,70,16,1.904,2.167,0.97,0.696,0.8213249030386145
CoAmO3,Co,Am,1.077,0.85,58,26,1.685,2.11,0.7979999999999999,0.63,0.7800470223722344
CoCrO3,Co,Cr,1.077,0.615,58,49,1.685,1.7080000000000002,0.7979999999999999,0.456,0.8733059980304256
CoHfO3,Co,Hf,1.077,0.71,58,45,1.685,1.923,0.7979999999999999,0.526,0.8330441575848968
CoIrO3,Co,Ir,1.077,0.625,58,60,1.685,1.87,0.7979999999999999,0.463,0.86888556740898
CoMoO3,Co,Mo,1.077,0.65,58,50,1.685,1.886,0.7979999999999999,0.481,0.858027825442837
CoNbO3,Co,Nb,1.077,0.68,58,47,1.685,1.88,0.7979999999999999,0.504,0.8453514388555825
CoNiO3,Co,Ni,1.077,0.6,58,61,1.685,1.75,0.7979999999999999,0.444,0.8800216255312356
CoNpO3,Co,Np,1.077,1.01,58,22,1.685,2.11,0.7979999999999999,0.748,0.7271762103318458
CoPaO3,Co,Pa,1.077,0.78,58,18,1.685,2.11,0.7979999999999999,0.578,0.8056749955646703
CoPbO3,Co,Pb,1.077,0.775,58,81,1.685,2.042,0.7979999999999999,0.574,0.8075701547834845
CoPuO3,Co,Pu,1.077,0.86,58,24,1.685,2.09,0.7979999999999999,0.637,0.7765183765169199
CoRuO3,Co,Ru,1.077,0.62,58,56,1.685,1.834,0.7979999999999999,0.459,0.871090174781039
CoSnO3,Co,Sn,1.077,0.69,58,80,1.685,1.905,0.7979999999999999,0.511,0.8412088039729823
CoSO3,Co,S,1.077,0.37,58,88,1.685,1.644,0.7979999999999999,0.274,0.9976570146361382
CoUO3,Co,U,1.077,0.76,58,20,1.685,2.075,0.7979999999999999,0.563,0.813309507572802
CoVO3,Co,V,1.077,0.64,58,46,1.685,1.749,0.7979999999999999,0.474,0.8623381953992004
CoZrO3,Co,Zr,1.077,0.72,58,44,1.685,1.937,0.7979999999999999,0.5329999999999999,0.8290209809811528
CuAmO3,Cu,Am,0.9997,0.85,64,26,1.655,2.11,0.741,0.63,0.7552087816512936
CuCoO3,Cu,Co,0.9997,0.61,64,58,1.655,1.6369999999999998,0.741,0.452,0.8476544158578363
CuCrO3,Cu,Cr,0.9997,0.615,64,49,1.655,1.7080000000000002,0.741,0.456,0.8454982069870669
CuHfO3,Cu,Hf,0.9997,0.71,64,45,1.655,1.923,0.741,0.526,0.8065183832099857
CuIrO3,Cu,Ir,0.9997,0.625,64,60,1.655,1.87,0.741,0.463,0.8412185316235952
CuMnO3,Cu,Mn,0.9997,0.645,64,52,1.655,1.732,0.741,0.478,0.8327878534039174
CuMoO3,Cu,Mo,0.9997,0.65,64,50,1.655,1.886,0.741,0.481,0.8307065216465579
CuNiO3,Cu,Ni,0.9997,0.6,64,61,1.655,1.75,0.741,0.444,0.8519999956196123
CuNpO3,Cu,Np,0.9997,1.01,64,22,1.655,2.11,0.741,0.748,0.7040214808851061
CuPaO3,Cu,Pa,0.9997,0.78,64,18,1.655,2.11,0.741,0.578,0.7800207094655832
CuPuO3,Cu,Pu,0.9997,0.86,64,24,1.655,2.09,0.741,0.637,0.751792494862368
CuRuO3,Cu,Ru,0.9997,0.62,64,56,1.655,1.834,0.741,0.459,0.843352939934531
CuSnO3,Cu,Sn,0.9997,0.69,64,80,1.655,1.905,0.741,0.511,0.81442305110117
CuSO3,Cu,S,0.9997,0.37,64,88,1.655,1.644,0.741,0.274,0.9658896411627955
CuThO3,Cu,Th,0.9997,0.94,64,16,1.655,2.167,0.741,0.696,0.7255360294961919
CuTiO3,Cu,Ti,0.9997,0.67,64,43,1.655,1.791,0.741,0.496,0.8224841995868427
CuUO3,Cu,U,0.9997,0.76,64,20,1.655,2.075,0.741,0.563,0.787412123504482
CuZrO3,Cu,Zr,0.9997,0.72,64,44,1.655,1.937,0.741,0.5329999999999999,0.8026233125102201
EuNiO3,Eu,Ni,1.24,0.6,25,61,2.147,1.75,0.919,0.444,0.93910992663854
EuCO3,Eu,C,1.24,0.16,25,77,2.147,1.39,0.919,0.119,1.2126468162309123
EuNpO3,Eu,Np,1.24,1.01,25,22,2.147,2.11,0.919,0.748,0.776001836461452
EuSeO3,Eu,Se,1.24,0.5,25,89,2.147,1.811,0.919,0.37,0.989855812029569
EuSiO3,Eu,Si,1.24,0.4,25,78,2.147,1.624,0.919,0.29600000000000004,1.046399196564087
EuSO3,Eu,S,1.24,0.37,25,88,2.147,1.644,0.919,0.274,1.064643843564403
EuThO3,Eu,Th,1.24,0.94,25,16,2.147,2.167,0.919,0.696,0.7997160691747098
FeAmO3,Fe,Am,1.073,0.85,55,26,1.751,2.11,0.795,0.63,0.778761731778654
FeCO3,Fe,C,1.073,0.16,55,77,1.751,1.39,0.795,0.119,1.1344753478490524
Fe(II)Co(IV)O3,Fe(II),Co(IV),0.0,0.0,0,0,0.0,0.0,0.0,0.0,0.7071067811865475
Fe(II)Cr(IV)O3,Fe(II),Cr(IV),0.0,0.0,0,0,0.0,0.0,0.0,0.0,0.7071067811865475
FeGeO3,Fe,Ge,1.073,0.53,55,79,1.751,1.7480000000000002,0.795,0.393,0.911273716325591
FeHfO3,Fe,Hf,1.073,0.71,55,45,1.751,1.923,0.795,0.526,0.831671543128239
FeIrO3,Fe,Ir,1.073,0.625,55,60,1.751,1.87,0.795,0.463,0.8674538967344453
FeMnO3,Fe,Mn,1.073,0.645,55,52,1.751,1.732,0.795,0.478,0.8587602881192632
FeMoO3,Fe,Mo,1.073,0.65,55,50,1.751,1.886,0.795,0.481,0.8566140451687733
Fe(II)Ni(IV)O3,Fe(II),Ni(IV),0.0,0.0,0,0,0.0,0.0,0.0,0.0,0.7071067811865475
FeNbO3,Fe,Nb,1.073,0.68,55,47,1.751,1.88,0.795,0.504,0.8439585455793202
FePaO3,Fe,Pa,1.073,0.78,55,18,1.751,2.11,0.795,0.578,0.8043474775259077
FePbO3,Fe,Pb,1.073,0.775,55,81,1.751,2.042,0.795,0.574,0.8062395140735912
Fe(II)Ru(IV)O3,Fe(II),Ru(IV),0.0,0.0,0,0,0.0,0.0,0.0,0.0,0.7071067811865475
FeSeO3,Fe,Se,1.073,0.5,55,89,1.751,1.811,0.795,0.37,0.9260462334474276
FeSnO3,Fe,Sn,1.073,0.69,55,80,1.751,1.905,0.795,0.511,0.8398227365540011
FeTeO3,Fe,Te,1.073,0.56,55,90,1.751,1.977,0.795,0.415,0.8969651084572272
FeThO3,Fe,Th,1.073,0.94,55,16,1.751,2.167,0.795,0.696,0.7481635655279661
FeTiO3,Fe,Ti,1.073,0.67,55,43,1.751,1.791,0.795,0.496,0.8481352907871509
FeUO3,Fe,U,1.073,0.76,55,20,1.751,2.075,0.795,0.563,0.8119694100789691
Fe(II)V(IV)O3,Fe(II),V(IV),0.0,0.0,0,0,0.0,0.0,0.0,0.0,0.7071067811865475
FeZrO3,Fe,Zr,1.073,0.72,55,44,1.751,1.937,0.795,0.5329999999999999,0.8276549955492805
HgCO3,Hg,C,1.264,0.16,71,77,1.93,1.39,0.936,0.119,1.2238810392318982
HgNiO3,Hg,Ni,1.264,0.6,71,61,1.93,1.75,0.936,0.444,0.9478100445929897
HgNpO3,Hg,Np,1.264,1.01,71,22,1.93,2.11,0.936,0.748,0.783190885707529
HgPrO3,Hg,Pr,1.264,0.99,71,17,1.93,2.0980000000000003,0.936,0.733,0.7898830719206109
HgSiO3,Hg,Si,1.264,0.4,71,78,1.93,1.624,0.936,0.29600000000000004,1.0560932655748738
HgSO3,Hg,S,1.264,0.37,71,88,1.93,1.644,0.936,0.274,1.074506934940344
HgThO3,Hg,Th,1.264,0.94,71,16,1.93,2.167,0.936,0.696,0.8071248122137629
MgAmO3,Mg,Am,1.06,0.85,68,26,1.693,2.11,0.785,0.63,0.7745845373495178
MgCeO3,Mg,Ce,1.06,0.87,68,15,1.693,2.028,0.785,0.644,0.7676082244594259
MgCoO3,Mg,Co,1.06,0.61,68,58,1.693,1.6369999999999998,0.785,0.452,0.8694019713381511
MgCrO3,Mg,Cr,1.06,0.615,68,49,1.693,1.7080000000000002,0.785,0.456,0.8671904424322743
MgHfO3,Mg,Hf,1.06,0.71,68,45,1.693,1.923,0.785,0.526,0.8272105461441014
MgIrO3,Mg,Ir,1.06,0.625,68,60,1.693,1.87,0.785,0.463,0.8628009670422072
MgMnO3,Mg,Mn,1.06,0.645,68,52,1.693,1.732,0.785,0.478,0.8541539900114938
MgMoO3,Mg,Mo,1.06,0.65,68,50,1.693,1.886,0.785,0.481,0.8520192592780667
MgNbO3,Mg,Nb,1.06,0.68,68,47,1.693,1.88,0.785,0.504,0.8394316424314676
MgNiO3,Mg,Ni,1.06,0.6,68,61,1.693,1.75,0.785,0.444,0.8738590419801672
MgNpO3,Mg,Np,1.06,1.01,68,22,1.693,2.11,0.785,0.748,0.7220839671158745
MgPaO3,Mg,Pa,1.06,0.78,68,18,1.693,2.11,0.785,0.578,0.8000330438999292
MgPbO3,Mg,Pb,1.06,0.775,68,81,1.693,2.042,0.785,0.574,0.8019149317664384
MgPrO3,Mg,Pr,1.06,0.99,68,17,1.693,2.0980000000000003,0.785,0.733,0.7282540087463448
MgRuO3,Mg,Ru,1.06,0.62,68,56,1.693,1.834,0.785,0.459,0.8649901360696466
MgSnO3,Mg,Sn,1.06,0.69,68,80,1.693,1.905,0.785,0.511,0.835318017442312
MgSO3,Mg,S,1.06,0.37,68,88,1.693,1.644,0.785,0.274,0.9906706582448468
MgTbO3,Mg,Tb,1.06,0.76,68,29,1.693,2.013,0.785,0.563,0.8076140932240123
MgTeO3,Mg,Te,1.06,0.56,68,90,1.693,1.977,0.785,0.415,0.8921538837895492
MgThO3,Mg,Th,1.06,0.94,68,16,1.693,2.167,0.785,0.696,0.7441504963818125
MgUO3,Mg,U,1.06,0.76,68,20,1.693,2.075,0.785,0.563,0.8076140932240123
MgZrO3,Mg,Zr,1.06,0.72,68,44,1.693,1.937,0.785,0.5329999999999999,0.8232155428956954
MnAmO3,Mn,Am,1.133,0.85,52,26,1.765,2.11,0.8390000000000001,0.63,0.79804109068236
MnCoO3,Mn,Co,1.133,0.61,52,58,1.765,1.6369999999999998,0.8390000000000001,0.452,0.8957298577405224
MnCrO3,Mn,Cr,1.133,0.615,52,49,1.765,1.7080000000000002,0.8390000000000001,0.456,0.8934513576478653
MnNiO3,Mn,Ni,1.133,0.6,52,61,1.765,1.75,0.8390000000000001,0.444,0.900321900758285
MnNpO3,Mn,Np,1.133,1.01,52,22,1.765,2.11,0.8390000000000001,0.748,0.7439506585726922
MnPaO3,Mn,Pa,1.133,0.78,52,18,1.765,2.11,0.8390000000000001,0.578,0.8242602481073467
MnTeO3,Mn,Te,1.133,0.56,52,90,1.765,1.977,0.8390000000000001,0.415,0.9191707607695875
MnThO3,Mn,Th,1.133,0.94,52,16,1.765,2.167,0.8390000000000001,0.696,0.7666854231255986
MnUO3,Mn,U,1.133,0.76,52,20,1.765,2.075,0.8390000000000001,0.563,0.832070872486462
MnVO3,Mn,V,1.133,0.64,52,46,1.765,1.749,0.8390000000000001,0.474,0.8822305505385794
NiAmO3,Ni,Am,0.931,0.85,61,26,1.67,2.11,0.69,0.63,0.7331339157065503
NiCO3,Ni,C,0.931,0.16,61,77,1.67,1.39,0.69,0.119,1.0680061950932191
NiCoO3,Ni,Co,0.931,0.61,61,58,1.67,1.6369999999999998,0.69,0.452,0.8228773501613581
NiCrO3,Ni,Cr,0.931,0.615,61,49,1.67,1.7080000000000002,0.69,0.456,0.8207841675992433
NiGeO3,Ni,Ge,0.931,0.53,61,79,1.67,1.7480000000000002,0.69,0.393,0.8578819947975169
NiHfO3,Ni,Hf,0.931,0.71,61,45,1.67,1.923,0.69,0.526,0.7829437299168887
NiIrO3,Ni,Ir,0.931,0.625,61,60,1.67,1.87,0.69,0.463,0.8166295877884598
NiMoO3,Ni,Mo,0.931,0.65,61,50,1.67,1.886,0.69,0.481,0.8064248454395155
NiNbO3,Ni,Nb,0.931,0.68,61,47,1.67,1.88,0.69,0.504,0.7945108342720079
NiNpO3,Ni,Np,0.931,1.01,61,22,1.67,2.11,0.69,0.748,0.6834428274182106
NiPaO3,Ni,Pa,0.931,0.78,61,18,1.67,2.11,0.69,0.578,0.7572205871498355
NiPbO3,Ni,Pb,0.931,0.775,61,81,1.67,2.042,0.69,0.574,0.7590017688723825
NiRuO3,Ni,Ru,0.931,0.62,61,56,1.67,1.834,0.69,0.459,0.8187016070243743
NiSiO3,Ni,Si,0.931,0.4,61,78,1.67,1.624,0.69,0.29600000000000004,0.9215880580502065
NiSnO3,Ni,Sn,0.931,0.69,61,80,1.67,1.905,0.69,0.511,0.7906173431801672
NiSO3,Ni,S,0.931,0.37,61,88,1.67,1.644,0.69,0.274,0.9376565420991648
NiTeO3,Ni,Te,0.931,0.56,61,90,1.67,1.977,0.69,0.415,0.8444117313179748
NiUO3,Ni,U,0.931,0.76,61,20,1.67,2.075,0.69,0.563,0.7643959490479024
NiVO3,Ni,V,0.931,0.64,61,46,1.67,1.749,0.69,0.474,0.8104759837858198
NiZrO3,Ni,Zr,0.931,0.72,61,44,1.67,1.937,0.69,0.5329999999999999,0.7791625127178128
PbCoO3,Pb,Co,1.49,0.61,81,58,1.963,1.6369999999999998,1.104,0.452,1.024484041927461
PbCrO3,Pb,Cr,1.49,0.615,81,49,1.963,1.7080000000000002,1.104,0.456,1.0218780252090438
PbMnO3,Pb,Mn,1.49,0.645,81,52,1.963,1.732,1.104,0.478,1.0065161581915585
PbNiO3,Pb,Ni,1.49,0.6,81,61,1.963,1.75,1.104,0.444,1.0297361553307245
SrNiO3,Sr,Ni,1.44,0.6,8,61,2.1180000000000003,1.75,1.067,0.444,1.0116109095922878
SrSeO3,Sr,Se,1.44,0.5,8,89,2.1180000000000003,1.811,1.067,0.37,1.0662744690141694
SrSO3,Sr,S,1.44,0.37,8,88,2.1180000000000003,1.644,1.067,0.274,1.1468362716972436
ZnAmO3,Zn,Am,1.06,0.85,69,26,1.704,2.11,0.785,0.63,0.7745845373495178
ZnCO3,Zn,C,1.06,0.16,69,77,1.704,1.39,0.785,0.119,1.1283901437235184
ZnCoO3,Zn,Co,1.06,0.61,69,58,1.704,1.6369999999999998,0.785,0.452,0.8694019713381511
ZnCrO3,Zn,Cr,1.06,0.615,69,49,1.704,1.7080000000000002,0.785,0.456,0.8671904424322743
ZnHfO3,Zn,Hf,1.06,0.71,69,45,1.704,1.923,0.785,0.526,0.8272105461441014
ZnIrO3,Zn,Ir,1.06,0.625,69,60,1.704,1.87,0.785,0.463,0.8628009670422072
ZnMnO3,Zn,Mn,1.06,0.645,69,52,1.704,1.732,0.785,0.478,0.8541539900114938
ZnMoO3,Zn,Mo,1.06,0.65,69,50,1.704,1.886,0.785,0.481,0.8520192592780667
ZnNbO3,Zn,Nb,1.06,0.68,69,47,1.704,1.88,0.785,0.504,0.8394316424314676
ZnNiO3,Zn,Ni,1.06,0.6,69,61,1.704,1.75,0.785,0.444,0.8738590419801672
ZnNpO3,Zn,Np,1.06,1.01,69,22,1.704,2.11,0.785,0.748,0.7220839671158745
ZnPaO3,Zn,Pa,1.06,0.78,69,18,1.704,2.11,0.785,0.578,0.8000330438999292
ZnPbO3,Zn,Pb,1.06,0.775,69,81,1.704,2.042,0.785,0.574,0.8019149317664384
ZnPuO3,Zn,Pu,1.06,0.86,69,24,1.704,2.09,0.785,0.637,0.7710806017675359
ZnRuO3,Zn,Ru,1.06,0.62,69,56,1.704,1.834,0.785,0.459,0.8649901360696466
ZnSO3,Zn,S,1.06,0.37,69,88,1.704,1.644,0.785,0.274,0.9906706582448468
ZnTbO3,Zn,Tb,1.06,0.76,69,29,1.704,2.013,0.785,0.563,0.8076140932240123
ZnThO3,Zn,Th,1.06,0.94,69,16,1.704,2.167,0.785,0.696,0.7441504963818125
ZnUO3,Zn,U,1.06,0.76,69,20,1.704,2.075,0.785,0.563,0.8076140932240123
ZnVO3,Zn,V,1.06,0.64,69,46,1.704,1.749,0.785,0.474,0.856299444731889
ZnZrO3,Zn,Zr,1.06,0.72,69,44,1.704,1.937,0.785,0.5329999999999999,0.8232155428956954
AlCoO3,Al,Co,0.7879999999999999,0.61,73,58,1.644,1.6369999999999998,0.584,0.452,0.7713035452909596
AlCrO3,Al,Cr,0.7879999999999999,0.615,73,49,1.644,1.7080000000000002,0.584,0.456,0.7693415528618525
AlCuO3,Al,Cu,0.7879999999999999,0.54,73,64,1.644,1.735,0.584,0.4,0.799861081708113
AlGaO3,Al,Ga,0.7879999999999999,0.62,73,74,1.644,1.73,0.584,0.459,0.767389516687367
AlInO3,Al,In,0.7879999999999999,0.8,73,75,1.644,1.902,0.584,0.593,0.7031612635264595
AlMnO3,Al,Mn,0.7879999999999999,0.645,73,52,1.644,1.732,0.584,0.478,0.7577760603720108
AlNiO3,Al,Ni,0.7879999999999999,0.6,73,61,1.644,1.75,0.584,0.444,0.7752577051630702
AlRhO3,Al,Rh,0.7879999999999999,0.665,73,59,1.644,1.793,0.584,0.493,0.7502569971473771
AlRuO3,Al,Ru,0.7879999999999999,0.62,73,56,1.644,1.834,0.584,0.459,0.767389516687367
AlTiO3,Al,Ti,0.7879999999999999,0.67,73,43,1.644,1.791,0.584,0.496,0.7484004887122824
AlVO3,Al,V,0.7879999999999999,0.64,73,46,1.644,1.749,0.584,0.474,0.7596794340549058
BiBO3,Bi,B,1.35,0.27,86,72,2.094,1.371,1.0,0.2,1.1783330068448525
BiDyO3,Bi,Dy,1.35,0.912,86,31,2.094,2.005,1.0,0.6759999999999999,0.8439895698047722
CeBO3,Ce,B,1.34,0.27,15,72,2.116,1.371,0.993,0.2,1.17396980105172
ErCuO3,Er,Cu,1.179,0.54,35,64,1.979,1.735,0.873,0.4,0.9460987087400976
FeAlO3,Fe,Al,1.073,0.535,55,73,1.751,1.644,0.795,0.396,0.9088573304062918
Fe(III)Co(III)O3,Fe(III),Co(III),0.0,0.0,0,0,0.0,0.0,0.0,0.0,0.7071067811865475
Fe(III)Cr(III)O3,Fe(III),Cr(III),0.0,0.0,0,0,0.0,0.0,0.0,0.0,0.7071067811865475
FeCuO3,Fe,Cu,1.073,0.54,55,64,1.751,1.735,0.795,0.4,0.9064537254526542
FeGaO3,Fe,Ga,1.073,0.62,55,74,1.751,1.73,0.795,0.459,0.869654871554829
FeInO3,Fe,In,1.073,0.8,55,75,1.751,1.902,0.795,0.593,0.7968673079535453
Fe(III)Ni(III)O3,Fe(III),Ni(III),0.0,0.0,0,0,0.0,0.0,0.0,0.0,0.7071067811865475
FeRhO3,Fe,Rh,1.073,0.665,55,59,1.751,1.793,0.795,0.493,0.8502392048614952
Fe(III)Ru(III)O3,Fe(III),Ru(III),0.0,0.0,0,0,0.0,0.0,0.0,0.0,0.7071067811865475
FeScO3,Fe,Sc,1.073,0.745,55,11,1.751,1.849,0.795,0.552,0.8177813331018653
FeTmO3,Fe,Tm,1.073,0.88,55,37,1.751,1.968,0.795,0.652,0.7682879954214077
Fe(III)V(III)O3,Fe(III),V(III),0.0,0.0,0,0,0.0,0.0,0.0,0.0,0.7071067811865475
GaAlO3,Ga,Al,0.875,0.535,74,73,1.73,1.644,0.648,0.396,0.8346071282770922
GaBO3,Ga,B,0.875,0.27,74,72,1.73,1.371,0.648,0.2,0.9710807316710609
GaCoO3,Ga,Co,0.875,0.61,74,58,1.73,1.6369999999999998,0.648,0.452,0.8026806153869364
GaCrO3,Ga,Cr,0.875,0.615,74,49,1.73,1.7080000000000002,0.648,0.456,0.8006388079818035
GaCuO3,Ga,Cu,0.875,0.54,74,64,1.73,1.735,0.648,0.4,0.8323998887459204
GaMnO3,Ga,Mn,0.875,0.645,74,52,1.73,1.732,0.648,0.478,0.7886028246316984
GaNiO3,Ga,Ni,0.875,0.6,74,61,1.73,1.75,0.648,0.444,0.8067956327479505
GaRhO3,Ga,Rh,0.875,0.665,74,59,1.73,1.793,0.648,0.493,0.7807778816074764
GaRuO3,Ga,Ru,0.875,0.62,74,56,1.73,1.834,0.648,0.459,0.7986073618574344
GaScO3,Ga,Sc,0.875,0.745,74,11,1.73,1.849,0.648,0.552,0.7509716950554234
GaTiO3,Ga,Ti,0.875,0.67,74,43,1.73,1.791,0.648,0.496,0.7788458493456634
GaVO3,Ga,V,0.875,0.64,74,46,1.73,1.749,0.648,0.474,0.7905836286464409
GaYO3,Ga,Y,0.875,0.9,74,12,1.73,2.014,0.648,0.667,0.6992521789415619
HoCuO3,Ho,Cu,1.194,0.54,33,64,1.992,1.735,0.884,0.4,0.9517088478845471
InAlO3,In,Al,1.097,0.535,75,73,1.902,1.644,0.813,0.396,0.9178573549068009
InCoO3,In,Co,1.097,0.61,75,58,1.902,1.6369999999999998,0.813,0.452,0.8827462425283941
InCuO3,In,Cu,1.097,0.54,75,64,1.902,1.735,0.813,0.4,0.9154299480837735
InDyO3,In,Dy,1.097,0.912,75,31,1.902,2.005,0.813,0.6759999999999999,0.7649225708997246
InErO3,In,Er,1.097,0.89,75,35,1.902,1.979,0.813,0.659,0.7724331481102124
InHoO3,In,Ho,1.097,0.901,75,33,1.902,1.992,0.813,0.667,0.7686595134678942
InLuO3,In,Lu,1.097,0.861,75,41,1.902,1.947,0.813,0.638,0.7825617564162888
InNiO3,In,Ni,1.097,0.6,75,61,1.902,1.75,0.813,0.444,0.8872717238266105
InRuO3,In,Ru,1.097,0.62,75,56,1.902,1.834,0.813,0.459,0.878266690912089
InScO3,In,Sc,1.097,0.745,75,11,1.902,1.849,0.813,0.552,0.8258794710468886
InTiO3,In,Ti,1.097,0.67,75,43,1.902,1.791,0.813,0.496,0.8565340109618766
InTmO3,In,Tm,1.097,0.88,75,37,1.902,1.968,0.813,0.652,0.7758960220620121
InVO3,In,V,1.097,0.64,75,46,1.902,1.749,0.813,0.474,0.8694426079489787
InYbO3,In,Yb,1.097,0.868,75,39,1.902,1.954,0.813,0.643,0.7800926766721569
InYO3,In,Y,1.097,0.9,75,12,1.902,2.014,0.813,0.667,0.7690010468770342
LuCuO3,Lu,Cu,1.15,0.54,41,64,1.947,1.735,0.852,0.4,0.9352524397274952
NdBO3,Nd,B,1.27,0.27,19,72,2.086,1.371,0.941,0.2,1.1434273604997929
PrBO3,Pr,B,1.314,0.27,17,72,2.0980000000000003,1.371,0.973,0.2,1.1626254659895756
PuBO3,Pu,B,1.09,0.27,24,72,2.11,1.371,0.807,0.2,1.064889656223409
PuCoO3,Pu,Co,1.09,0.61,24,58,2.11,1.6369999999999998,0.807,0.452,0.8802216506815914
PuCuO3,Pu,Cu,1.09,0.54,24,64,2.11,1.735,0.807,0.4,0.9128118831496972
PuDyO3,Pu,Dy,1.09,0.912,24,31,2.11,2.005,0.807,0.6759999999999999,0.762734946424091
PuErO3,Pu,Er,1.09,0.89,24,35,2.11,1.979,0.807,0.659,0.7702240439147262
PuFeO3,Pu,Fe,1.09,0.645,24,55,2.11,1.751,0.807,0.478,0.8647839087217309
PuHoO3,Pu,Ho,1.09,0.901,24,33,2.11,1.992,0.807,0.667,0.7664612016007033
PuInO3,Pu,In,1.09,0.8,24,75,2.11,1.902,0.807,0.593,0.8024567913053365
PuLaO3,Pu,La,1.09,1.032,24,13,2.11,2.148,0.807,0.764,0.7243198972777782
PuLuO3,Pu,Lu,1.09,0.861,24,41,2.11,1.947,0.807,0.638,0.7803236851171016
PuNiO3,Pu,Ni,1.09,0.6,24,61,2.11,1.75,0.807,0.444,0.8847341894232293
PuRhO3,Pu,Rh,1.09,0.665,24,59,2.11,1.793,0.807,0.493,0.8562030558479514
PuRuO3,Pu,Ru,1.09,0.62,24,56,2.11,1.834,0.807,0.459,0.8757549102662215
PuScO3,Pu,Sc,1.09,0.745,24,11,2.11,1.849,0.807,0.552,0.823517514146257
PuTiO3,Pu,Ti,1.09,0.67,24,43,2.11,1.791,0.807,0.496,0.8540843842442484
PuTmO3,Pu,Tm,1.09,0.88,24,37,2.11,1.968,0.807,0.652,0.773677014291836
PuYO3,Pu,Y,1.09,0.9,24,12,2.11,2.014,0.807,0.667,0.7668017582484383
ScBO3,Sc,B,0.87,0.27,11,72,1.849,1.371,0.644,0.2,0.9688991287744948
ScCoO3,Sc,Co,0.87,0.61,11,58,1.849,1.6369999999999998,0.644,0.452,0.800877335496363
ScCuO3,Sc,Cu,0.87,0.54,11,64,1.849,1.735,0.644,0.4,0.8305298423644373
ScErO3,Sc,Er,0.87,0.89,11,35,1.849,1.979,0.644,0.659,0.7007950549137296
ScFeO3,Sc,Fe,0.87,0.645,11,55,1.849,1.751,0.644,0.478,0.7868311715133256
ScGaO3,Sc,Ga,0.87,0.62,11,74,1.849,1.73,0.644,0.459,0.796813232824672
ScHoO3,Sc,Ho,0.87,0.901,11,33,1.849,1.992,0.644,0.667,0.6973714000604161
ScInO3,Sc,In,0.87,0.8,11,75,1.849,1.902,0.644,0.593,0.7301223008703931
ScLuO3,Sc,Lu,0.87,0.861,11,41,1.849,1.947,0.644,0.638,0.7099843014283596
ScMnO3,Sc,Mn,0.87,0.645,11,52,1.849,1.732,0.644,0.478,0.7868311715133256
ScNiO3,Sc,Ni,0.87,0.6,11,61,1.849,1.75,0.644,0.444,0.8049831081741069
ScRhO3,Sc,Rh,0.87,0.665,11,59,1.849,1.793,0.644,0.493,0.7790238077879306
ScRuO3,Sc,Ru,0.87,0.62,11,56,1.849,1.834,0.644,0.459,0.796813232824672
ScTiO3,Sc,Ti,0.87,0.67,11,43,1.849,1.791,0.644,0.496,0.7770961159759289
ScTmO3,Sc,Tm,0.87,0.88,11,37,1.849,1.968,0.644,0.652,0.7039367700862956
ScVO3,Sc,V,0.87,0.64,11,46,1.849,1.749,0.644,0.474,0.7888075255089964
TbBO3,Tb,B,1.214,0.27,29,72,2.013,1.371,0.899,0.2,1.118993408058251
TlAlO3,Tl,Al,1.115,0.535,76,73,2.003,1.644,0.826,0.396,0.9246073732821826
TlBO3,Tl,B,1.115,0.27,76,72,2.003,1.371,0.826,0.2,1.0757976707062398
TlCuO3,Tl,Cu,1.115,0.54,76,64,2.003,1.735,0.826,0.4,0.9221621150571129
TlDyO3,Tl,Dy,1.115,0.912,76,31,2.003,2.005,0.826,0.6759999999999999,0.7705478909799256
TlErO3,Tl,Er,1.115,0.89,76,35,2.003,1.979,0.826,0.659,0.7781137017557485
TlHoO3,Tl,Ho,1.115,0.901,76,33,2.003,1.992,0.826,0.667,0.7743123154120994
TlInO3,Tl,In,1.115,0.8,76,75,2.003,1.902,0.826,0.593,0.8106766197638526
TlLuO3,Tl,Lu,1.115,0.861,76,41,2.003,1.947,0.826,0.638,0.788316796899913
TlTmO3,Tl,Tm,1.115,0.88,76,37,2.003,1.968,0.826,0.652,0.7816020420424653
TlYbO3,Tl,Yb,1.115,0.868,76,39,2.003,1.954,0.826,0.643,0.7858295592867461
TlYO3,Tl,Y,1.115,0.9,76,12,2.003,2.014,0.826,0.667,0.7746563604934237
TmCuO3,Tm,Cu,1.17,0.54,37,64,1.968,1.735,0.867,0.4,0.9427326252534278
YbBO3,Yb,B,1.162,0.27,39,72,1.954,1.371,0.861,0.2,1.0963047379339623
YbCuO3,Yb,Cu,1.162,0.54,39,64,1.954,1.735,0.861,0.4,0.9397405510430548
YCuO3,Y,Cu,1.196,0.54,12,64,2.014,1.735,0.8859999999999999,0.4,0.9524568664371404
DyHoO3,Dy,Ho,1.2,0.901,31,33,2.005,1.992,0.889,0.667,0.8010061023708467
DyLaO3,Dy,La,1.2,1.032,31,13,2.005,2.148,0.889,0.764,0.7569654622783881
DyYO3,Dy,Y,1.2,0.9,31,12,2.005,2.014,0.889,0.667,0.8013620081263748
ErDyO3,Er,Dy,1.179,0.912,35,31,1.979,2.005,0.873,0.6759999999999999,0.7905490290428625
ErHoO3,Er,Ho,1.179,0.901,35,33,1.979,1.992,0.873,0.667,0.7944111667692738
ErTmO3,Er,Tm,1.179,0.88,35,37,1.979,1.968,0.873,0.652,0.8018901130840771
ErYO3,Er,Y,1.179,0.9,35,12,1.979,2.014,0.873,0.667,0.7947641422405869
EuDyO3,Eu,Dy,1.24,0.912,25,31,2.147,2.005,0.919,0.6759999999999999,0.8096126137590993
EuHoO3,Eu,Ho,1.24,0.901,25,33,2.147,1.992,0.919,0.667,0.8135678844690807
EuLaO3,Eu,La,1.24,1.032,25,13,2.147,2.148,0.919,0.764,0.7688365768240646
EuPrO3,Eu,Pr,1.24,0.99,25,17,2.147,2.0980000000000003,0.919,0.733,0.7826325939001091
EuYO3,Eu,Y,1.24,0.9,25,12,2.147,2.014,0.919,0.667,0.8139293717183518
GdDyO3,Gd,Dy,1.224,0.912,27,31,2.031,2.005,0.907,0.6759999999999999,0.804612329243365
GdHoO3,Gd,Ho,1.224,0.901,27,33,2.031,1.992,0.907,0.667,0.8085431716297871
GdLaO3,Gd,La,1.224,1.032,27,13,2.031,2.148,0.907,0.764,0.764088131005794
GdYO3,Gd,Y,1.224,0.9,27,12,2.031,2.014,0.907,0.667,0.808902426281561
HoDyO3,Ho,Dy,1.194,0.912,33,31,1.992,2.005,0.884,0.6759999999999999,0.7952367957763634
HoErO3,Ho,Er,1.194,0.89,33,35,1.992,1.979,0.884,0.659,0.803045020533379
HoTmO3,Ho,Tm,1.194,0.88,33,37,1.992,1.968,0.884,0.652,0.8066451297344549
HoYO3,Ho,Y,1.194,0.9,33,12,1.992,2.014,0.884,0.667,0.7994769035875783
LuDyO3,Lu,Dy,1.15,0.912,41,31,1.947,2.005,0.852,0.6759999999999999,0.7814860133580942
LuErO3,Lu,Er,1.15,0.89,41,35,1.947,1.979,0.852,0.659,0.7891592227331797
LuHoO3,Lu,Ho,1.15,0.901,41,33,1.947,1.992,0.852,0.667,0.7853038747480542
LuLaO3,Lu,La,1.15,1.032,41,13,1.947,2.148,0.852,0.764,0.7421265690962927
LuTmO3,Lu,Tm,1.15,0.88,41,37,1.947,1.968,0.852,0.652,0.7926970808933468
LuYO3,Lu,Y,1.15,0.9,41,12,1.947,2.014,0.852,0.667,0.7856528036364037
NdHoO3,Nd,Ho,1.27,0.901,19,33,2.086,1.992,0.941,0.667,0.8229892210427563
NdLaO3,Nd,La,1.27,1.032,19,13,2.086,2.148,0.941,0.764,0.7777399127333219
NdYO3,Nd,Y,1.27,0.9,19,12,2.086,2.014,0.941,0.667,0.8233548944123346
PrLaO3,Pr,La,1.314,1.032,17,13,2.0980000000000003,2.148,0.973,0.764,0.790798138733566
PrYO3,Pr,Y,1.314,0.9,17,12,2.0980000000000003,2.014,0.973,0.667,0.8371789943635093
SmDyO3,Sm,Dy,1.24,0.912,23,31,2.063,2.005,0.919,0.6759999999999999,0.8096126137590993
SmHoO3,Sm,Ho,1.24,0.901,23,33,2.063,1.992,0.919,0.667,0.8135678844690807
SmLaO3,Sm,La,1.24,1.032,23,13,2.063,2.148,0.919,0.764,0.7688365768240646
TbDyO3,Tb,Dy,1.214,0.912,29,31,2.013,2.005,0.899,0.6759999999999999,0.8014871514210312
TbHoO3,Tb,Ho,1.214,0.901,29,33,2.013,1.992,0.899,0.667,0.8054027261052287
TbLaO3,Tb,La,1.214,1.032,29,13,2.013,2.148,0.899,0.764,0.7611203523693749
TbYO3,Tb,Y,1.214,0.9,29,12,2.013,2.014,0.899,0.667,0.8057605853835668
TmDyO3,Tm,Dy,1.17,0.912,37,31,1.968,2.005,0.867,0.6759999999999999,0.787736369002762
TmErO3,Tm,Er,1.17,0.89,37,35,1.968,1.979,0.867,0.659,0.7954709490059976
TmHoO3,Tm,Ho,1.17,0.901,37,33,1.968,1.992,0.867,0.667,0.7915847657971712
YbDyO3,Yb,Dy,1.162,0.912,39,31,1.954,2.005,0.861,0.6759999999999999,0.7852362267448949
YbErO3,Yb,Er,1.162,0.89,39,35,1.954,1.979,0.861,0.659,0.7929462584968705
YbHoO3,Yb,Ho,1.162,0.901,39,33,1.954,1.992,0.861,0.667,0.7890724093775244
YbLaO3,Yb,La,1.162,1.032,39,13,1.954,2.148,0.861,0.764,0.7456879034599957
YbTmO3,Yb,Tm,1.162,0.88,39,37,1.954,1.968,0.861,0.652,0.796501094213649
YDyO3,Y,Dy,1.196,0.912,12,31,2.014,2.005,0.8859999999999999,0.6759999999999999,0.7958618313408302
YErO3,Y,Er,1.196,0.89,12,35,2.014,1.979,0.8859999999999999,0.659,0.8036761931606609
YHoO3,Y,Ho,1.196,0.901,12,33,2.014,1.992,0.8859999999999999,0.667,0.7997499241610234
YLaO3,Y,La,1.196,1.032,12,13,2.014,2.148,0.8859999999999999,0.764,0.7557783508238206
YTmO3,Y,Tm,1.196,0.88,12,37,2.014,1.968,0.8859999999999999,0.652,0.8072791319545053
EuTeO3,Eu,Te,1.24,0.56,25,90,2.147,1.977,0.919,0.415,0.9587708407266298
HgCeO3,Hg,Ce,1.264,0.87,71,15,1.93,2.028,0.936,0.644,0.8325676688155689
BiYbO3,Bi,Yb,1.35,0.868,86,39,2.094,1.954,1.0,0.643,0.8607277489772187
KAsO3,K,As,1.64,0.46,3,84,1.9548,1.767,1.215,0.341,1.1679374638568145
RbAsO3,Rb,As,1.72,0.46,4,84,2.0812,1.767,1.274,0.341,1.1991802220039514
CoCeO3,Co,Ce,1.077,0.87,58,15,1.685,2.028,0.7979999999999999,0.644,0.7730215114891044
CoPrO3,Co,Pr,1.077,0.99,58,17,1.685,2.0980000000000003,0.7979999999999999,0.733,0.733389764010867
CoTbO3,Co,Tb,1.077,0.76,58,29,1.685,2.013,0.7979999999999999,0.563,0.813309507572802
CoThO3,Co,Th,1.077,0.94,58,16,1.685,2.167,0.7979999999999999,0.696,0.749398356034475
CuCeO3,Cu,Ce,0.9997,0.87,64,15,1.655,2.028,0.741,0.644,0.7484069769365072
CuPbO3,Cu,Pb,0.9997,0.775,64,81,1.655,2.042,0.741,0.574,0.7818555230647983
CuPrO3,Cu,Pr,0.9997,0.99,64,17,1.655,2.0980000000000003,0.741,0.733,0.7100371827198337
CuTbO3,Cu,Tb,0.9997,0.76,64,29,1.655,2.013,0.741,0.563,0.787412123504482
FeNpO3,Fe,Np,1.073,1.01,55,22,1.751,2.11,0.795,0.748,0.7259780354574995
FePrO3,Fe,Pr,1.073,0.99,55,17,1.751,2.0980000000000003,0.795,0.733,0.73218135100745
FePuO3,Fe,Pu,1.073,0.86,55,24,1.751,2.09,0.795,0.637,0.7752389001053002
FeCeO3,Fe,Ce,1.073,0.87,55,15,1.751,2.028,0.795,0.644,0.771747796893886
FeTbO3,Fe,Tb,1.073,0.76,55,29,1.751,2.013,0.795,0.563,0.8119694100789691
MgPuO3,Mg,Pu,1.06,0.86,68,24,1.693,2.09,0.785,0.637,0.7710806017675359
MnCeO3,Mn,Ce,1.133,0.87,52,15,1.765,2.028,0.8390000000000001,0.644,0.7908535158221633
MnPbO3,Mn,Pb,1.133,0.775,52,81,1.765,2.042,0.8390000000000001,0.574,0.8261991247219893
MnPrO3,Mn,Pr,1.133,0.99,52,17,1.765,2.0980000000000003,0.8390000000000001,0.733,0.7503075460587048
MnPuO3,Mn,Pu,1.133,0.86,52,24,1.765,2.09,0.8390000000000001,0.637,0.7944310462795967
MnTbO3,Mn,Tb,1.133,0.76,52,29,1.765,2.013,0.8390000000000001,0.563,0.832070872486462
NiCeO3,Ni,Ce,0.931,0.87,61,15,1.67,2.028,0.69,0.644,0.7265309287636295
NiPrO3,Ni,Pr,0.931,0.99,61,17,1.67,2.0980000000000003,0.69,0.733,0.689282689386147
NiPuO3,Ni,Pu,0.931,0.86,61,24,1.67,2.09,0.69,0.637,0.7298174874927984
NiTbO3,Ni,Tb,0.931,0.76,61,29,1.67,2.013,0.69,0.563,0.7643959490479024
NiThO3,Ni,Th,0.931,0.94,61,16,1.67,2.167,0.69,0.696,0.7043285025469026
ZnCeO3,Zn,Ce,1.06,0.87,69,15,1.704,2.028,0.785,0.644,0.7676082244594259
ZnPrO3,Zn,Pr,1.06,0.99,69,17,1.704,2.0980000000000003,0.785,0.733,0.7282540087463448
AlDyO3,Al,Dy,0.7879999999999999,0.912,73,31,1.644,2.005,0.584,0.6759999999999999,0.6683545761896071
AlErO3,Al,Er,0.7879999999999999,0.89,73,35,1.644,1.979,0.584,0.659,0.6749169771951763
AlHoO3,Al,Ho,0.7879999999999999,0.901,73,33,1.644,1.992,0.584,0.667,0.6716197467590362
AlLaO3,Al,La,0.7879999999999999,1.032,73,13,1.644,2.148,0.584,0.764,0.6346929824579215
AlLuO3,Al,Lu,0.7879999999999999,0.861,73,41,1.644,1.947,0.584,0.638,0.6837668947807375
AlScO3,Al,Sc,0.7879999999999999,0.745,73,11,1.644,1.849,0.584,0.552,0.721615945004714
AlTmO3,Al,Tm,0.7879999999999999,0.88,73,37,1.644,1.968,0.584,0.652,0.6779426790642306
AlYbO3,Al,Yb,0.7879999999999999,0.868,73,39,1.644,1.954,0.584,0.643,0.6816095251217058
AlYO3,Al,Y,0.7879999999999999,0.9,73,12,1.644,2.014,0.584,0.667,0.671918163129012
FeDyO3,Fe,Dy,1.073,0.912,55,31,1.751,2.005,0.795,0.6759999999999999,0.7574221441261233
FeErO3,Fe,Er,1.073,0.89,55,35,1.751,1.979,0.795,0.659,0.7648590765828309
FeHoO3,Fe,Ho,1.073,0.901,55,33,1.751,1.992,0.795,0.667,0.7611224442089537
FeLaO3,Fe,La,1.073,1.032,55,13,1.751,2.148,0.795,0.764,0.7192746735958657
FeLuO3,Fe,Lu,1.073,0.861,55,41,1.751,1.947,0.795,0.638,0.7748883691047896
FeYbO3,Fe,Yb,1.073,0.868,55,39,1.751,1.954,0.795,0.643,0.7724434998527043
FeYO3,Fe,Y,1.073,0.9,55,12,1.751,2.014,0.795,0.667,0.7614606287218479
GaDyO3,Ga,Dy,0.875,0.912,74,31,1.73,2.005,0.648,0.6759999999999999,0.6955436232439121
GaErO3,Ga,Er,0.875,0.89,74,35,1.73,1.979,0.648,0.659,0.702372986481934
GaHoO3,Ga,Ho,0.875,0.901,74,33,1.73,1.992,0.648,0.667,0.6989416228226953
GaLaO3,Ga,La,0.875,1.032,74,13,1.73,2.148,0.648,0.764,0.6605126565947677
GaLuO3,Ga,Lu,0.875,0.861,74,41,1.73,1.947,0.648,0.638,0.7115829237849218
GaTmO3,Ga,Tm,0.875,0.88,74,37,1.73,1.968,0.648,0.652,0.7055217756364216
GaYbO3,Ga,Yb,0.875,0.868,74,39,1.73,1.954,0.648,0.643,0.7093377910922212
InLaO3,In,La,1.097,1.032,75,13,1.902,2.148,0.813,0.764,0.7263973423232716
PuYbO3,Pu,Yb,1.09,0.868,24,39,2.11,1.954,0.807,0.643,0.7778616667664833
ScDyO3,Sc,Dy,0.87,0.912,11,31,1.849,2.005,0.644,0.6759999999999999,0.6939810343327452
ScLaO3,Sc,La,0.87,1.032,11,13,1.849,2.148,0.644,0.764,0.6590287672765581
ScYbO3,Sc,Yb,0.87,0.868,11,39,1.849,1.954,0.644,0.643,0.7077442125881686
ScYO3,Sc,Y,0.87,0.9,11,12,1.849,2.014,0.644,0.667,0.6976812584925648
ErLaO3,Er,La,1.179,1.032,35,13,1.979,2.148,0.873,0.764,0.7507331271419081
HoLaO3,Ho,La,1.194,1.032,33,13,1.992,2.148,0.884,0.764,0.7551847950965368
TmLaO3,Tm,La,1.17,1.032,37,13,1.968,2.148,0.867,0.764,0.7480621263691309
