material_id,full_formula,band_gap,is_gap_direct,direct_gap,p_ex1_norm,p_ex1_degen,n_ex1_norm,n_ex1_degen,cbm_hybridization,cbm_character_1,cbm_specie_1,cbm_location_1,cbm_score_1,vbm_hybridization,vbm_character_1,vbm_specie_1,vbm_location_1,vbm_score_1
mp-715566,Cr2O6,2.052,0.0,2.1412,0.7071067811865476,2.0,0.0,1.0,1.7402538991711463,d,Cr,0.093788;0.883794;0.25,0.34177108671568274,1.8955833104050468,p,O,0.848274;0.400666;0.75,0.22088042416525755
mp-7232,Cs2Hg1O2,2.0818,0.0,2.121,0.5,2.0,0.0,1.0,2.088457523341315,p,O,0.863169;0.863169;0.0,0.21564716158382222,1.160447009640441,p,O,0.863169;0.863169;0.0,0.42418058643859624
mp-726,Se8O16,3.2874,0.0,3.6311,0.5,1.0,0.7071067811865476,1.0,3.495011638515246,p,Se,0.787162;0.867377;0.0,0.06309113568149631,3.1341614952403636,p,O,0.053877;0.179755;0.5,0.0684978101579349
mp-743,Rb2N6,4.1608,1.0,4.1608,0.8660254037844386,1.0,0.8660254037844386,1.0,2.262899322015941,p,N,0.5;0.0;0.5,0.23738622703540935,1.5033621702742197,p,N,0.630237;0.869763;0.5,0.24635421283628045
mp-743614,Mo2H4Cl4O6,2.6314,0.0,2.643,0.8660254037844386,1.0,0.35714286,2.0,1.695692949434111,d,Mo,0.338201;0.294933;0.0,0.3431996006992558,2.2100540402215314,p,Cl,0.749895;0.73617;0.746424,0.16845318486395788
mp-760,Fe2Se4,0.3741000000000003,0.0,0.9001999999999999,0.35606061,2.0,0.7071067811865476,1.0,1.6500858508903438,d,Fe,0.5;0.5;0.5,0.3782987077844748,1.3089950969200879,d,Fe,0.0;0.0;0.0,0.4331680234036825
mp-7825,K2Ge1F6,5.8098,0.0,5.8344000000000005,0.28571429,2.0,0.0,1.0,2.1534933490452604,s,Ge,0.0;0.0;0.0,0.4300720102468308,1.815556214473428,p,F,0.847317;0.152683;0.784111,0.16663399229538622
mp-7826,Hg3O3,1.3293,0.0,1.4068,0.5297405025104273,6.0,0.0,1.0,2.338453305967702,p,O,0.439358;0.0;0.833333,0.16272974723410824,1.863387013732783,p,O,0.0;0.439358;0.166667,0.24840736672981056
mp-7827,K4Ni2C8N8,3.0324,0.0,3.0324,0.5030769526095521,2.0,0.5,1.0,3.146615319088757,d,Ni,0.5;0.0;0.5,0.1227417746590267,1.0963246878047186,d,Ni,0.5;0.0;0.5,0.4633906076173693
mp-7841,Ba2Ga4Se8,1.8607,0.0,1.9489,0.16666667,2.0,0.7071067811865476,1.0,3.0628196733853725,s,Ga,0.240305;0.757859;0.5,0.11193153423103215,2.4966404105157647,p,Se,0.647325;0.824498;0.5,0.11266717381373524
mp-7844,Mg6As4,,,,,,,,3.1058610334425314,s,As,0.75;0.75;0.25,0.07542322710286437,1.768897401646389,p,As,0.75;0.75;0.25,0.23347365058025119
mp-7846,Zn6P4,,,,,,,,2.989108698320284,s,Zn,0.5;0.0;0.0,0.08342301312935889,2.6092030736810568,p,P,0.75;0.25;0.75,0.16278288991426082
mp-7848,Al1P1O4,5.669599999999999,1.0,5.669599999999999,0.0,1.0,0.0,1.0,2.088692237499126,s,Al,0.0;0.0;0.0,0.1682507006888002,1.4732517336121973,p,O,0.775191;0.598433;0.638528,0.2461973751852138
mp-7849,Al1As1O4,4.2634,1.0,4.2634,0.0,1.0,0.0,1.0,2.2324103492624485,s,As,0.75;0.25;0.5,0.24474569235192792,1.5147096450484814,p,O,0.00158;0.617375;0.869719,0.24387830118776666
mp-7858,Mg2U2O8,,,,,,,,,,,,,,,,,
mp-7863,Rb2Sn2O3,1.2195999999999998,1.0,1.2195999999999998,0.0,1.0,0.0,1.0,2.1818737577833396,p,Sn,0.234742;0.234742;0.234742,0.28088686786174194,2.127377421377322,p,O,0.5;0.0;0.0,0.1615184541405608
mp-7868,Pt2O4,1.5362,0.0,2.0156,0.15217391,6.0,0.32608696,6.0,1.831377478002819,d,Pt,0.333333;0.666667;3e-06,0.3010491722737942,1.907165727725651,d,Pt,0.666667;0.333333;0.500003,0.2802043296668148
mp-7885,Al1Ag1S2,1.7091000000000003,0.0,1.7847,0.14285714,3.0,0.0,1.0,1.942910535105974,s,Al,0.0;0.0;0.008287,0.27880892780620903,1.273882295954358,p,S,0.666667;0.333333;0.804799,0.4306670121933326
mp-7886,Cs2Rb1Y1F6,6.1978,1.0,6.1978,0.0,1.0,0.0,1.0,2.7189151778594334,s,Cs,0.75;0.75;0.75,0.16599399269492943,1.9262961086282988,p,F,0.776486;0.223514;0.776486,0.16149917282717122
mp-7895,Rb2O2,1.7766,0.0,1.8583,0.0,1.0,0.24699122458218528,2.0,2.1048553095187765,p,O,0.62584;0.0;0.62584,0.21568471823392518,0.892997171356936,p,O,0.62584;0.0;0.62584,0.48047065863828087
mp-7896,Cs2O2,1.6571999999999996,0.0,1.7149,0.0,1.0,0.17738186931781585,2.0,2.2368429593417587,p,O,0.615351;0.0;0.615351,0.17262843047639762,0.9251179003140482,p,O,0.615351;0.0;0.615351,0.47612548139016375
mp-7897,K6P2,0.2117,0.0,0.29399999999999993,0.5,3.0,0.0,1.0,2.4924897494964964,p,P,0.333333;0.666667;0.25,0.21270979210161306,1.4604632106535638,p,P,0.333333;0.666667;0.25,0.4210039671545574
mp-7899,Ba4Cd4O8,0.9746999999999999,0.0,0.9948999999999999,0.41176471,2.0,0.0,1.0,3.1649666909322707,s,Cd,0.75;0.405789;0.893977,0.0992845832792608,2.5444703163118376,p,O,0.75;0.640961;0.752246,0.1382165369291497
mp-7903,Cs2Zr1F6,6.697699999999999,0.0,6.706799999999999,0.23076923,2.0,0.0,1.0,0.746875199180389,d,Zr,0.0;0.0;0.0,0.8392590372625551,1.905870417950478,p,F,0.30266;0.15133;0.780387,0.1632177238352933
mp-7904,Cd2P8,0.6551,0.0,0.6791,0.0,1.0,0.16666667,2.0,2.9971171272406707,s,Cd,0.0;0.0;0.0,0.07742022165234631,2.564882613030568,p,P,0.287276;0.262936;0.747925,0.1472399253107201
mp-7905,Si2O4,4.7797,0.0,5.2126,0.8660254037844386,1.0,0.0,1.0,2.234208370327371,s,Si,0.0;0.25;0.25,0.1735483923415949,1.417924260990764,p,O,0.985331;0.632577;0.352754,0.24950219640351498
mp-7906,Al2Hg1S4,2.0244000000000004,0.0,2.1113000000000004,0.5245897268310171,4.0,0.0,1.0,1.9931984901081843,s,Hg,0.0;0.0;0.0,0.42978015761712096,1.7989325827004594,p,S,0.868454;0.416812;0.014468,0.2152536003991793
mp-7907,Al2Zn1Se4,2.1529,1.0,2.1529,0.0,1.0,0.0,1.0,2.5573010723310925,s,Zn,0.0;0.0;0.0,0.24194650672870435,1.791392428753866,p,Se,0.394825;0.380678;0.511404,0.2270539140045353
mp-7908,Al2Zn1Te4,1.6274000000000002,1.0,1.6274000000000002,0.0,1.0,0.0,1.0,2.595655366233598,s,Zn,0.0;0.0;0.0,0.2283902953933075,1.8478974885076578,p,Te,0.3977;0.892483;0.024512,0.2209750413470435
mp-7909,Al2Cd1Te4,1.6261,1.0,1.6261,0.0,1.0,0.0,1.0,2.4154366763318786,s,Cd,0.0;0.0;0.0,0.32497667505092054,1.8271882356494797,p,Te,0.410134;0.880163;0.015454,0.22273162837765131
mp-7910,Al2Hg1Te4,1.1122,1.0,1.1122,0.0,1.0,0.0,1.0,2.1485784513857373,s,Hg,0.0;0.0;0.0,0.4107951576330115,1.882716447333662,p,Te,0.41272;0.881071;0.017296,0.21517188691214661
mp-7911,K4Cu4O4,1.2429999999999999,0.0,1.3549,0.8660254037844386,1.0,0.0,1.0,2.9730150375318365,d,Cu,0.139046;0.139046;0.278092,0.1114710269169666,2.150764024761596,d,Cu,0.860954;0.139046;0.0,0.16688363218164734
mp-7913,Be4Si4N8,5.144499999999999,0.0,5.2963,0.0,1.0,0.36363636,2.0,3.226078705486645,p,Si,0.499318;0.914836;0.874908,0.08288622339257214,2.444420744794037,p,N,0.878497;0.915798;0.37258,0.11305059046919075
mp-804,Ga2N2,1.7375999999999996,1.0,1.7375999999999996,0.0,1.0,0.0,1.0,1.948777999668163,s,N,0.666667;0.333333;0.87588,0.2016586053886404,1.4160694526003303,p,N,0.666667;0.333333;0.87588,0.3804271580855676
mp-8058,Y2As2O8,3.6767,0.0,3.681,0.17223097538271098,2.0,0.0,1.0,3.00827039389321,s,As,0.25;0.75;0.5,0.12408809020685363,2.223642211256851,p,O,0.254011;0.572965;0.681045,0.1214594580881354
mp-8059,Si8O16,5.597,0.0,5.598800000000001,0.649519052838329,4.0,0.0,1.0,3.618211153942368,s,O,0.146943;0.146943;0.146943,0.035721417587672895,2.8562583404275954,p,O,0.353057;0.853057;0.646943,0.0702746754796241
mp-8062,Si1C1,1.3709999999999996,0.0,4.526999999999999,0.0,1.0,0.7071067811865476,3.0,1.0980234854771271,p,Si,0.25;0.25;0.25,0.46641864963603247,0.5277863328155779,p,C,0.0;0.0;0.0,0.8168577958628748
mp-8065,K2Ti6O13,2.7549,0.0,2.8418,0.7071067811865476,2.0,0.0,1.0,1.9535885490828289,d,Ti,0.114675;0.114675;0.904022,0.290511460626736,2.8216728791800825,p,O,0.357886;0.357886;0.112073,0.11050034417077564
mp-8084,Na1Nb6O15F1,1.5619999999999998,0.0,2.0782999999999996,0.5,1.0,0.0,1.0,1.962996329643023,d,Nb,0.000809;0.999191;0.0,0.4373060191696473,2.725597296286457,p,O,0.360841;0.990582;0.5,0.12436406957709668
mp-8085,Mg6P4,,,,,,,,2.9762251697471624,s,P,0.25;0.25;0.75,0.07612486345336802,1.7404159221577273,p,P,0.25;0.25;0.75,0.23566619185629042
mp-8086,Na4Zn4O6,1.0541,1.0,1.0541,0.0,1.0,0.0,1.0,3.1560431994456657,s,Zn,0.378351;0.341087;0.419934,0.06907352018852406,2.4251853846227975,p,O,0.5;0.0;0.5,0.14967119927469857
mp-820,Hg1Se1,,,,,,,,1.2279484208896214,p,Se,0.75;0.75;0.75,0.5612595197802568,0.771122010396829,p,Se,0.75;0.75;0.75,0.7266880188527909
mp-827,K2N6,4.1465,1.0,4.1465,0.8660254037844386,1.0,0.8660254037844386,1.0,2.208562766165598,p,N,0.5;0.0;0.5,0.24283914075147503,1.485263317538568,p,N,0.865113;0.365113;0.230226,0.2463640151730493
mp-841,Li4O4,1.9742999999999997,0.0,1.9839999999999998,0.10869565,6.0,0.0,1.0,2.0607816095505957,p,O,0.333333;0.666667;0.64931,0.1949008524476824,1.493354881509213,p,O,0.333333;0.666667;0.64931,0.2447164318492618
mp-8609,Li6U1O6,2.1685,1.0,2.1685,0.8660254037844386,1.0,0.8660254037844386,1.0,0.06587479928226134,f,U,0.0;0.0;0.0,0.9921778259549757,2.244638891976526,p,O,0.268667;0.268667;0.899639,0.13196573584589916
mp-870,Tl2N6,1.7584,0.0,2.2464000000000004,0.8660254037844386,1.0,0.5,2.0,2.0693547377233634,p,Tl,0.75;0.75;0.0,0.25443728142711924,1.8941330541031394,p,N,0.632126;0.132126;0.764253,0.19287315878779074
mp-905,La6F18,6.0244,1.0,6.0244,0.0,1.0,0.0,1.0,1.8978959344016313,f,La,0.657324;0.657324;0.25,0.16596574354788923,2.994494131709025,p,F,0.370273;0.309469;0.420099,0.06433520738372016
mp-978284,Na4P6H2O18,5.2454,0.0,5.272,0.8660254037844386,1.0,0.0,1.0,3.8655351091276393,s,P,0.536657;0.169769;0.776014,0.044478446894071495,2.5167169579641855,p,O,0.206069;0.472006;0.326114,0.14551675513592985
mp-984,B2N2,4.4828,0.0,4.6627,0.45753967944856566,6.0,0.5,3.0,1.0343289739820858,p,B,0.333333;0.666667;0.25,0.453903001394271,0.8981222756478864,p,N,0.333333;0.666667;0.75,0.47430114070004314
mp-1022,K2S1,2.3215000000000003,0.0,2.4957000000000003,0.7071067811865476,3.0,0.0,1.0,1.5754488482257378,p,S,0.0;0.0;0.0,0.32107461214749317,0.42724886584575683,p,S,0.0;0.0;0.0,0.9186255091513247
mp-1060281,B1N1,3.7023,0.0,3.7526,0.4046860501649149,2.0,0.5,4.0,0.3088211477018627,p,B,0.0;0.0;0.0,0.9121961853856928,0.23200099170598673,p,N,0.5;0.5;0.0,0.9399813618528614
mp-1069055,Cu1Br2N2,0.15949999999999998,0.0,0.1865,0.7103571964924433,2.0,0.5499719424942187,2.0,1.629357971541874,p,N,0.758913;0.241087;0.0,0.32104837769304634,1.5484031305573696,p,Br,0.247272;0.247272;0.577726,0.3215763301438337
mp-1078487,Zn2N4Cl4,0.8694000000000002,0.0,0.9176,0.0,1.0,0.7676927571578315,2.0,2.5076396410984754,p,N,0.042424;0.280598;0.238175,0.13419666904783498,1.9607612201933828,p,Cl,0.999013;0.261222;0.760235,0.20535616728416833
mp-1078615,Mg1Cl2O6,,,,,,,,,,,,,,,,,
mp-1078861,Mg1Br2O6,,,,,,,,,,,,,,,,,
mp-1079481,Al2S2Br6,0.14789999999999992,0.0,0.3697999999999999,0.0,1.0,0.5,3.0,1.6479603311094289,p,S,0.666667;0.333333;0.840384,0.35073325903707075,1.983993085260522,p,Br,0.828653;0.657306;0.252139,0.1551537964059652
mp-1079820,K2Sn1O6,0.20030000000000014,0.0,0.35860000000000003,0.7071067811865476,3.0,0.8660254037844386,1.0,1.8932160619616354,p,O,0.675213;0.197922;0.908776,0.163752652886984,1.979075819280021,p,O,0.197922;0.908776;0.675213,0.15751318232791656
mp-1095595,Sb4S4I4,1.6628000000000003,0.0,1.7985000000000002,0.5238454566950066,1.0,0.7071067811865476,1.0,2.8041244529114957,p,Sb,0.281016;0.604376;0.377816,0.1343243235366666,2.517108495368749,p,I,0.260958;0.009848;0.68223,0.13499403112064834
mp-1102937,Br4N4O4,1.3157999999999999,1.0,1.3157999999999999,0.0,1.0,0.0,1.0,2.3887462589120587,p,N,0.673196;0.232845;0.853676,0.1355079244249554,1.9398189659291916,p,Br,0.87048;0.819263;0.411985,0.21546151496564905
mp-1104318,Ni1Sn1Cl6O6,0.4167,0.0,0.42310000000000003,0.6123724356957945,6.0,0.5,3.0,2.311942287412604,p,O,0.770989;0.472111;0.642719,0.14181097293267547,2.607534962954943,d,Ni,0.5;0.5;0.5,0.09956754198763669
mp-1104737,Mg1Te1Cl6O6,,,,,,,,,,,,,,,,,
mp-1105105,I10N4,0.1607,0.0,0.2665,0.4503192451774191,6.0,0.0,1.0,2.3581641396175828,p,N,0.333333;0.666667;0.480039,0.22176311613799785,2.6352496899864577,p,N,0.666667;0.333333;0.380408,0.13023097544993564
mp-1105595,Zn4Si2O10,2.2104,0.0,2.2507,0.3166840993364957,2.0,0.0,1.0,2.9997816027627624,p,O,0.0;0.283075;0.283075,0.19517289714293795,1.9467963951361527,p,O,0.0;0.283075;0.283075,0.4716961946537881
mp-1178789,V2Zn1O6,2.2835,0.0,2.355,0.7071067811865476,2.0,0.7453336363292468,1.0,1.4216365313496167,d,V,0.167004;0.215799;0.347717,0.4151434716780799,2.11821232409169,p,O,0.944304;0.9911;0.721506,0.17702399981886877
mp-1179089,Sr4O8,2.8121,0.0,2.8659000000000003,0.5200078484494052,2.0,0.46428571,2.0,2.914107658274505,p,O,0.03443;0.25;0.144626,0.08964410527374879,2.265401407754727,p,O,0.277128;0.75;0.895499,0.13303409397448154
mp-1179125,Se4O12,2.0848999999999998,1.0,2.0848999999999998,0.0,1.0,0.0,1.0,3.2006936524461826,p,O,0.618828;0.567876;0.318902,0.059565152129054,2.5078004930536384,p,O,0.618828;0.567876;0.318902,0.09081819661772125
mp-1180310,Na4S2O10,0.2221,0.0,0.2482,0.6910361673806221,2.0,0.5000521452674969,2.0,2.3557853674713125,p,O,0.859599;0.140401;0.25,0.15211838715677106,2.491623337596036,p,O,0.859599;0.140401;0.25,0.19048421098538174
mp-1180390,Mg4Te4I24O24,,,,,,,,,,,,,,,,,
mp-1180608,Li2U2As2H16O20,,,,,,,,,,,,,,,,,
mp-1181025,K2Au2Br8O4,0.4856,0.0,0.48599999999999993,0.5369702676618363,2.0,0.5606768592412514,2.0,2.68368280493491,d,Au,0.0;0.0;0.0,0.14148061414542237,2.339646207680961,p,O,0.343478;0.823996;0.865614,0.15755352921560675
mp-11875,C4O4,6.154100000000001,1.0,6.154100000000001,0.31818182,6.0,0.31818182,6.0,2.1036879795799646,p,C,0.959164;0.959164;0.959164,0.1442268041377877,2.461780908657959,p,C,0.959164;0.959164;0.959164,0.11396184509914999
mp-1188939,Al2Cl6O12,2.5052000000000003,0.0,2.5642000000000005,0.282073013023073,2.0,0.523849881328564,2.0,3.3521446116091127,p,Cl,0.951965;0.548035;0.75,0.05734285186142648,2.999527869168422,p,Cl,0.951965;0.548035;0.75,0.06257108981333864
mp-1189505,N16,0.27180000000000026,0.0,0.3430000000000004,0.49333333,2.0,0.0,1.0,2.2398105084880875,p,N,0.888135;0.614897;0.0,0.12824345423194647,2.1356485982946904,p,N,0.888135;0.885103;0.5,0.1573831013741466
mp-1189929,Li4Pt2F12,,,,,,,,,,,,,,,,,
mp-1190734,Zr4O4F16,0.5486999999999997,0.0,0.5893000000000002,0.8660254037844386,1.0,0.14433756152390373,2.0,2.3376874834160284,p,O,0.900636;0.400636;0.5,0.18659273479124977,2.9858188440254283,p,F,0.04928;0.885263;0.386353,0.07492144003325467
mp-1190914,K4S4N4O12,1.6518,0.0,1.6559,0.0,1.0,0.5,1.0,2.375981252189707,p,N,0.299688;0.185994;0.75,0.17984796598637073,2.801521938969893,p,N,0.700312;0.685994;0.75,0.06920629722158794
mp-1190962,Rb4S4N2O12,0.9203000000000001,0.0,0.9265,0.0,1.0,0.28217784825254055,2.0,2.1023636644339936,p,N,0.56887;0.43113;0.25,0.2941382065889362,2.7645165488921277,p,N,0.56887;0.43113;0.25,0.08366986740508177
mp-1191682,Co1N9O12,,,,,,,,3.105246378078274,p,N,0.5;0.5;0.5,0.06235116682769168,3.130189370302121,p,O,0.138938;0.861062;0.655201,0.059526480816127554
mp-1191837,Cs4S4O16,3.5016,0.0,3.5195999999999996,0.0,1.0,0.5,1.0,2.2264471040695692,p,O,0.486887;0.415245;0.97188,0.1981797866264435,2.7976354429170467,p,O,0.986887;0.584755;0.52812,0.07598344536964592
mp-1191888,K4Ag4C4O12,1.5675,0.0,1.5987,0.8660254037844386,1.0,0.0,1.0,3.335593981493947,s,Ag,0.63297;0.25;0.88297,0.0838981211459453,2.863493388881174,p,O,0.219268;0.742088;0.777989,0.06433982930784503
mp-1192243,Sn2P4N4O12,1.7171,0.0,1.7404,0.8660254037844386,1.0,0.0,1.0,1.847716922013549,p,N,0.134501;0.647075;0.240379,0.2917055739966652,1.0779026971691608,p,N,0.608212;0.930155;0.192128,0.4655116848335373
mp-1192769,Cs6Tl4Cl18,,,,,,,,,,,,,,,,,
mp-1193173,Cs8Zn4Br16,,,,,,,,,,,,,,,,,
mp-1193367,Na2Ca4Si6O18,,,,,,,,2.144339710660506,p,O,0.504953;0.457301;0.805651,0.2164059275185787,2.7830810326028637,p,O,0.211263;0.870279;0.34601,0.13005799597373868
mp-1194422,Na6S2N2O16,0.6752,0.0,0.7080000000000001,0.5,1.0,0.7071067811865476,1.0,1.6011556701786056,p,O,0.75;0.007219;0.099746,0.3822719058950301,2.7361074528679676,p,O,0.25;0.992781;0.900254,0.08907982375915482
mp-1196299,Mn4C20O20,2.8009,0.0,2.8289999999999997,0.8660254037844386,1.0,0.7071067811865476,1.0,3.714510166560607,d,Mn,0.693351;0.917349;0.222364,0.04951916180146628,2.3573998771135685,d,Mn,0.169657;0.414353;0.722685,0.24302019229628014
mp-1196614,Cs8Tl4Cl20O4,0.19579999999999997,1.0,0.19579999999999997,0.0,1.0,0.0,1.0,2.4700828822449417,p,O,0.478899;0.75;0.936338,0.15446455168304746,2.7878683743518815,p,O,0.478899;0.75;0.936338,0.13300231725462724
mp-1196937,Al4Si8O24,2.9224,0.0,2.9417,0.4740294050741917,2.0,0.0,1.0,1.5992353061988336,p,O,0.109428;0.013044;0.454972,0.29649666835280347,3.0752768684667107,p,O,0.109428;0.013044;0.454972,0.10704729340829626
mp-1197095,Si8Pb16O32,,,,,,,,,,,,,,,,,
mp-1197309,S4N16O20,0.3647,0.0,0.38770000000000004,0.1875,2.0,0.7730823048033113,2.0,2.9950036645536717,p,N,0.75;0.914299;0.450793,0.07259551897152532,3.3690664888091906,p,O,0.75;0.861061;0.348706,0.06627149013091056
mp-1197530,Ca4Al4Fe2Si8B2O32,,,,,,,,3.8178289692031293,s,Fe,0.232541;0.879024;0.600483,0.07702991837624398,2.0352229944761637,p,O,0.896122;0.690864;0.997155,0.35045283852440917
mp-1199775,Mg4Te4Br24O24,,,,,,,,,,,,,,,,,
mp-1200283,Na8Sb8N8O32F24,,,,,,,,,,,,,,,,,
mp-1200763,Cr4Cu4P4Pb8O36,0.5141999999999998,0.0,0.5362,0.7145089531743021,2.0,0.7427333934876316,2.0,2.966427745404956,d,Cu,0.0;0.5;0.0,0.15899357599264297,3.3210510642301925,p,O,0.748975;0.104658;0.465497,0.11537444583791816
mp-1201035,K4Co4N24O32,,,,,,,,,,,,,,,,,
mp-1201776,Co4N20Cl4O16,,,,,,,,,,,,,,,,,
mp-1201852,Nb16O40,,,,,,,,,,,,,,,,,
mp-1201995,Ca2Al4Si12O40,,,,,,,,,,,,,,,,,
mp-1202020,Co12Sn4C48Cl4O48,,,,,,,,4.58400190523921,d,Co,0.153637;0.946908;0.883891,0.03999017610071635,4.040746865610074,d,Co,0.622082;0.818993;0.249321,0.07030503935011072
mp-1202384,U4H16N8O40,,,,,,,,,,,,,,,,,
mp-1202587,K4Ho8F28,,,,,,,,,,,,,,,,,
mp-1202648,Na4Be4Si12O32,,,,,,,,,,,,,,,,,
mp-1202749,Ca8Si6O22,,,,,,,,,,,,,,,,,
mp-1203334,B4P4H36N12,,,,,,,,,,,,,,,,,
mp-1204065,Na4Ca4P12O24,2.9997,0.0,3.0174000000000003,0.7938566143622328,4.0,0.7071067811865476,3.0,3.5960742664727503,p,P,0.300562;0.161004;0.518469,0.055422945001892224,3.883176714181337,p,O,0.712116;0.388811;0.598598,0.03608022712217698
mp-1204798,Ba12Al8O48,,,,,,,,,,,,,,,,,
mp-1205168,Ni2H16N4O20,,,,,,,,,,,,,,,,,
mp-1249697,Mn8Fe12Si12O48,,,,,,,,,,,,,,,,,
mp-1258129,Mg12Mn8Si12O48,,,,,,,,,,,,,,,,,
mp-1342,Ba1O1,2.0906000000000002,1.0,2.0906000000000002,0.7071067811865476,3.0,0.7071067811865476,3.0,0.22057988014513444,d,Ba,0.0;0.0;0.0,0.9466464814276464,0.4728709664884531,p,O,0.5;0.5;0.5,0.8724674700320459
mp-1345,Ca6P6,0.3520000000000003,0.0,1.1058,0.0,1.0,0.5,1.0,2.8163594716522518,d,Ca,0.0;0.643266;0.5,0.11099169589270107,2.4472175302867045,p,P,0.333333;0.666667;0.798333,0.12264927290831527
mp-1347,Th6P8,0.2616999999999994,0.0,0.4678999999999993,0.42708101677357047,6.0,0.0,1.0,2.8633139361618904,d,Th,0.625;0.375;0.25,0.07559613848950722,3.1391127565355927,p,P,0.658445;0.658445;0.658445,0.06447757730452215
mp-13971,Nd2Se1O2,2.1510999999999996,0.0,2.6885,0.5,1.0,0.47140451607698647,6.0,1.50694549211574,d,Nd,0.666667;0.333333;0.711191,0.355884543356981,0.9296981856907011,p,Se,0.0;0.0;0.0,0.7675819525644857
mp-13972,Sm2Se1O2,2.2148000000000003,0.0,2.6531000000000002,0.5,1.0,0.47140451607698647,6.0,1.52894777823716,d,Sm,0.666667;0.333333;0.710443,0.3579101477644678,0.915547839054131,p,Se,0.0;0.0;0.0,0.7746134039360634
mp-13973,Gd2Se1O2,1.3547000000000002,0.0,1.4708000000000006,0.5,1.0,0.0,1.0,0.7861645152788795,f,Gd,0.666667;0.333333;0.710303,0.4926420036144034,1.1693937979764701,p,Se,0.0;0.0;0.0,0.7111681666446821
mp-13974,Ho2Se1O2,2.1494000000000004,0.0,2.3219,0.5,1.0,0.47140451607698647,6.0,1.7097119616963339,d,Ho,0.666667;0.333333;0.708577,0.34462386180973975,1.0865620894177124,p,Se,0.0;0.0;0.0,0.7302279601381081
mp-13975,Er2Se1O2,2.1654,0.0,2.2716,0.5,1.0,0.47140451607698647,6.0,1.740991082329244,d,Er,0.666667;0.333333;0.708398,0.3426967515554796,1.0838076237934386,p,Se,0.0;0.0;0.0,0.732073537705133
mp-13978,Rb2Th1F6,6.2774,0.0,6.3696,0.6294392510216086,6.0,0.0,1.0,0.35481016735252346,f,Th,0.0;0.0;0.0,0.9391512426807881,1.916263206269151,p,F,0.33015;0.33015;0.0,0.2024247552927323
mp-13979,Ca8Nb8O28,,,,,,,,,,,,,,,,,
mp-13981,K4P4O12,4.8275,1.0,4.8275,0.0,1.0,0.0,1.0,3.557907829881434,s,O,0.340374;0.25;0.711556,0.047068386070272916,2.4664894717803985,p,O,0.241971;0.467875;0.882656,0.10228909790580645
mp-13982,Cd2Cu4Ge2S8,0.3884999999999996,1.0,0.3884999999999996,0.0,1.0,0.0,1.0,3.2812223465584394,s,Ge,0.009168;0.177422;0.5,0.09584081303657636,2.4565900101544855,d,Cu,0.505648;0.328391;0.248876,0.16511656732077323
mp-13983,Zn1Pd1F6,1.5286000000000002,1.0,1.5286000000000002,0.7071067811865476,3.0,0.7071067811865476,3.0,1.634143093493041,d,Pd,0.0;0.0;0.0,0.562741312198142,1.7698925371619472,d,Pd,0.0;0.0;0.0,0.4544717962193156
mp-13984,Cd1Pd1F6,1.7444,1.0,1.7444,0.7071067811865476,3.0,0.7071067811865476,3.0,1.610932789403181,d,Pd,0.0;0.0;0.0,0.5639634174986148,1.6797808921402784,d,Pd,0.0;0.0;0.0,0.49152923105828605
mp-13992,Cs2Pt3S4,1.6386000000000003,0.0,1.7346999999999997,1.224744871391589,1.0,0.8900550492215996,2.0,2.1177766710206205,d,Pt,0.5;0.5;0.0,0.21222557116846663,1.878359992174921,d,Pt,0.0;0.0;0.0,0.2659437849429405
mp-13995,Hg4Ge2O8,1.0221999999999998,1.0,1.0221999999999998,0.0,1.0,0.0,1.0,3.280197142169567,s,Hg,0.317938;0.682062;0.317938,0.049297121147898956,2.678060634475666,p,O,0.871581;0.962361;0.329494,0.09632148235181565
mp-13997,Rb10Al10F40,,,,,,,,4.276736953096732,s,Al,0.707597;0.423436;0.131033,0.030543886397946998,3.5375078629245,p,F,0.281435;0.152212;0.711838,0.042158331456700206
mp-13998,Na40Al8O32,,,,,,,,4.714613114643849,s,Na,0.413474;0.662414;0.49766,0.014178634822886137,3.576041545625443,p,O,0.735159;0.621727;0.791738,0.03995635731683588
mp-14000,U1Cd1O4,1.9057,0.0,2.1233,0.21194552787135848,6.0,0.7071067811865476,3.0,0.34594830944143745,f,U,0.0;0.0;0.0,0.9382600396058638,1.8647007828172102,p,O,0.639129;0.639129;0.639129,0.21927557992785104
mp-14001,Ba32Si8As32,0.9863,0.0,0.9920999999999998,0.2,6.0,0.0,1.0,4.535602792702898,d,Ba,0.144346;0.368354;0.404501,0.02331405425172965,4.204216321783002,p,As,0.896087;0.896087;0.896087,0.02891519517498222
mp-14002,Ba32Ge8As32,0.8186,0.0,0.8306,0.0,1.0,0.3,6.0,4.742732574500871,s,Ge,0.5;0.5;0.5,0.024336234159033826,4.195293311198577,p,As,0.393242;0.606758;0.606758,0.031244479492548556
mp-14006,Ba1Ge1F6,5.6043,1.0,5.6043,0.0,1.0,0.0,1.0,2.1358023798204395,s,Ge,0.0;0.0;0.0,0.42961037755919157,1.817170806970334,p,F,0.265;0.265;0.925228,0.16697747490672013
mp-14011,Al8P24O72,5.6283,1.0,5.6283,0.0,1.0,0.0,1.0,5.101465377716591,s,P,0.451074;0.380364;0.16863,0.018852527579010094,4.254144546626692,p,O,0.775187;0.654886;0.083824,0.023357149354262165
mp-14017,K6Sb2,0.38939999999999997,0.0,0.40169999999999995,0.35,6.0,0.0,1.0,2.431331978730052,p,Sb,0.666667;0.333333;0.75,0.20343258558816307,1.4534471139987755,p,Sb,0.666667;0.333333;0.75,0.42338729022017874
mp-14018,K6As2,0.11180000000000001,0.0,0.1688,0.49193548,6.0,0.0,1.0,2.3953024662687463,p,As,0.666667;0.333333;0.75,0.2389252153075704,1.4219664524032938,p,As,0.666667;0.333333;0.75,0.4261885972050439
mp-14023,Na12Li12Sc8F48,,,,,,,,2.5834462586344955,d,Sc,0.5;0.0;0.0,0.13332565359867496,3.938614737825479,p,F,0.099288;0.61934;0.421152,0.025169856543372462
mp-14026,Ca4Ta4O14,2.2959,1.0,2.2959,0.0,1.0,0.0,1.0,2.0716394970118226,d,Ta,0.625;0.625;0.625,0.20991619793272565,1.373857401178526,p,O,0.0;0.0;0.0,0.43685777296867495
mp-14029,Ag8Mo8P8O48,,,,,,,,3.266492738147085,d,Mo,0.899801;0.125125;0.129302,0.09812553459503327,3.5819034917454498,d,Ag,0.210209;0.438616;0.622558,0.07999221546286642
mp-14030,Na8Li4Y4Si24O60,,,,,,,,4.85441313657362,s,Na,0.578495;0.421505;0.743573,0.03425854591365138,4.033490523432484,p,O,0.015019;0.654055;0.83592,0.03979454207887097
mp-14036,K1Rb2Rh1F6,2.1566,1.0,2.1566,0.7071067811865476,3.0,0.7071067811865476,3.0,1.236237477926902,d,Rh,0.0;0.0;0.0,0.7099654943253932,0.8948136824322326,d,Rh,0.0;0.0;0.0,0.7929207186970487
mp-14037,Na1Tl2Rh1F6,1.7848000000000002,0.0,1.7921000000000002,0.9185586535436918,12.0,0.7071067811865476,3.0,1.2704816888954098,d,Rh,0.0;0.0;0.0,0.7078120953088504,1.0047949423509666,d,Rh,0.0;0.0;0.0,0.7668601511591701
mp-14038,Rb2Na1Rh1F6,1.957,1.0,1.957,0.7071067811865476,3.0,0.7071067811865476,3.0,1.2242241531274471,d,Rh,0.0;0.0;0.0,0.7116418952826905,0.9316678745055464,d,Rh,0.0;0.0;0.0,0.7810198056700818
mp-14039,K2Na1Rh1F6,2.0000999999999998,1.0,2.0000999999999998,0.7071067811865476,3.0,0.7071067811865476,3.0,1.2284330715479077,d,Rh,0.0;0.0;0.0,0.7095425273383351,0.9200934376086476,d,Rh,0.0;0.0;0.0,0.7837000832833085
mp-1522,Fe2S4,0.8806999999999992,0.0,1.2597000000000005,0.4,2.0,0.7071067811865476,1.0,1.6762011704809745,d,Fe,0.0;0.0;0.0,0.3638884005900938,1.2006441554855356,d,Fe,0.0;0.0;0.0,0.44943990990705607
mp-1595,Nb2O5,2.1771,0.0,2.7062999999999997,0.7071067811865476,2.0,0.7071067811865476,1.0,1.2070185168579055,d,Nb,0.14616;0.14616;0.932784,0.44221491764356474,1.709341338147282,p,O,0.147583;0.147583;0.489366,0.23952073040333105
mp-1598,Na6P2,0.4033,1.0,0.4033,0.0,1.0,0.0,1.0,2.2591549701220193,p,P,0.333333;0.666667;0.25,0.18516117226375223,1.1819796434571883,p,P,0.333333;0.666667;0.25,0.4489947924983507
mp-160,B12,1.4333999999999998,0.0,1.8270999999999997,0.8660254037844386,1.0,0.8302693476128051,6.0,2.914010030533152,p,B,0.630458;0.22113;0.22113,0.08224452048074497,2.5356449130918977,p,B,0.22113;0.22113;0.630458,0.11422536645923874
mp-1602,Si2S4,3.0758,0.0,3.4009,0.45026727079366397,2.0,0.8174699028707939,2.0,2.0196449637899443,s,Si,0.0;0.75;0.75,0.21158550473188298,1.3938455911221757,p,S,0.919852;0.605453;0.314399,0.24979447312645736
mp-17245,Na6Ta2F16,4.8651,0.0,4.9049,0.0,1.0,0.7071067811865476,1.0,1.5567978523353185,d,Ta,0.562878;0.437122;0.75,0.4109405749876101,2.7554669578823585,p,F,0.452995;0.204725;0.360293,0.08816015350990612
mp-17597,Ca4Sc8S16,1.2862999999999998,0.0,1.2877999999999994,0.02941176,2.0,0.0,1.0,2.6194856371801363,d,Sc,0.25;0.55766;0.388057,0.12018068785827402,3.1553134097369853,p,S,0.25;0.967068;0.28496,0.07250236057228338
mp-17678,Sr4Sc8S16,1.3575,0.0,1.3577999999999997,0.02941176,2.0,0.0,1.0,2.6149687924239675,d,Sc,0.25;0.059995;0.109478,0.11451742979649937,3.1511595834283828,p,S,0.75;0.622607;0.02688,0.07259309048122385
mp-17749,V8Hg4O24,2.0165,0.0,2.0343,0.0,1.0,0.45454545,2.0,2.9560954380540116,d,V,0.032697;0.935658;0.670609,0.1006720533121808,3.543766615558975,p,O,0.837973;0.178335;0.890627,0.04414938719744831
mp-1794,Be1O1,8.1681,0.0,8.288,0.3227368239973792,12.0,0.0,1.0,1.1846455119084092,p,Be,0.0;0.0;0.0,0.42851401140062023,0.17040893343129063,p,O,0.5;0.5;0.5,0.9628625071024229
mp-17972,Zn4Hg4O2F12,0.8766,1.0,0.8766,0.0,1.0,0.0,1.0,3.042849303382126,s,Hg,0.625;0.625;0.125,0.13529414437111817,3.1871909330802275,p,O,0.75;0.75;0.75,0.07990606416118211
mp-18401,Na1Al6Fe3Si6B3O30F1,,,,,,,,1.5241471377175655,d,Fe,0.549067;0.549067;0.754782,0.32333702936304204,3.305553488643195,p,O,0.391946;0.791889;0.391946,0.11016666726508292
mp-18687,Nb4F20,4.5694,0.0,4.5947,0.0,1.0,0.7071067811865476,1.0,2.1165600373722446,d,Nb,0.800281;0.199719;0.0,0.22990678491471622,2.8475937949501224,p,F,0.716961;0.077896;0.309883,0.09368104172355332
mp-18754,Dy2Cr2O8,0.2979999999999998,0.0,0.4221999999999999,0.44245277910251307,8.0,0.0,1.0,1.687846462862192,d,Cr,0.25;0.75;0.5,0.3730817184284251,2.3057347578020755,d,Cr,0.25;0.75;0.5,0.25092183064026446
mp-18779,Na8Cr4O16,2.8731,1.0,2.8731,0.7071067811865476,1.0,0.7071067811865476,1.0,1.7176479371506814,d,Cr,0.146307;0.853693;0.25,0.3619959286669591,2.165551596824159,p,O,0.750687;0.249313;0.562585,0.12476672479922153
mp-18780,K4W2O8,4.3858,0.0,4.5508,0.8660254037844386,1.0,0.0,1.0,3.0085612732381577,d,W,0.176122;0.176122;0.771058,0.17716808813926022,2.165589701627708,p,O,0.334214;0.334214;0.612167,0.13205551173561644
mp-18825,Y2Cr2O8,0.3175000000000001,0.0,0.4204000000000001,0.34635515158012703,2.0,0.0,1.0,1.6650676135820466,d,Cr,0.75;0.25;0.5,0.3767868407772543,2.218369737538371,d,Cr,0.75;0.25;0.5,0.2636025894735232
mp-18863,Pr2Cr2O8,0.2971999999999999,0.0,0.4949999999999999,0.421065220278155,8.0,0.0,1.0,1.641405635963112,d,Cr,0.75;0.25;0.5,0.37993944022571835,2.2071261996960123,d,Cr,0.75;0.25;0.5,0.25957497305749616
mp-18928,Mn8Si4O16,1.9884999999999997,1.0,1.9884999999999997,0.0,1.0,0.0,1.0,3.871567647979737,s,Mn,0.0;0.5;0.0,0.04495553641755627,3.1758566653329066,d,Mn,0.0;0.0;0.0,0.06309651306472903
mp-18997,Li4Mn4P4O16,,,,,,,,1.830996034055972,d,Mn,0.972428;0.25;0.719079,0.2311921153906169,2.372578539649501,d,Mn,0.972428;0.25;0.719079,0.18552677454826128
mp-19023,Yb2Cr2O8,2.3346,1.0,2.3346,0.0,1.0,0.0,1.0,1.765717670978726,d,Cr,0.75;0.25;0.5,0.3663130069926068,2.276982515296474,p,O,0.404161;0.085203;0.318958,0.11953522324869997
mp-19076,Ho2Cr2O8,0.29679999999999995,0.0,0.41189999999999993,0.4943834839833722,8.0,0.0,1.0,1.6972992488834036,d,Cr,0.75;0.25;0.5,0.371789906962345,2.3127442132782954,d,Cr,0.75;0.25;0.5,0.2506157211310827
mp-19086,Ba3Co3O6,0.5262000000000002,1.0,0.5262000000000002,0.0,1.0,0.0,1.0,2.4731804825824195,d,Co,0.401245;0.401245;0.0,0.22002060175341512,2.1575554211029804,d,Co,0.401245;0.401245;0.0,0.22346149024201467
mp-19089,U2Co2O8,0.6779000000000002,0.0,0.9137000000000004,0.5,2.0,0.0,1.0,1.9066032844845948,d,Co,0.5;0.0;0.5,0.2910866335677729,2.1814896396993726,d,Co,0.0;0.5;0.5,0.28624395646848416
mp-19126,Nd2Cr2O8,0.29580000000000006,0.0,0.4825999999999999,0.41487355426718475,8.0,0.0,1.0,1.6357936564452582,d,Cr,0.75;0.25;0.5,0.3809126137667392,2.20789420908327,d,Cr,0.75;0.25;0.5,0.25937514496065106
mp-19149,Na4Ni4O8,,,,,,,,,,,,,,,,,
mp-19240,Er2Cr2O8,0.3003999999999998,0.0,0.4060999999999999,0.483555779716371,8.0,0.0,1.0,1.6969924854990137,d,Cr,0.25;0.75;0.5,0.37205857072214854,2.319513966290651,d,Cr,0.25;0.75;0.5,0.2499439281861364
mp-19360,Lu2Cr2O8,0.2849999999999999,0.0,0.3707999999999998,0.32382846250755587,2.0,0.0,1.0,1.6846130997526072,d,Cr,0.75;0.25;0.5,0.37422929895534246,2.2943342630004877,d,Cr,0.75;0.25;0.5,0.2539780900128617
mp-19388,Ba2Ni4As4O16,2.8715,0.0,2.9609,0.5544798311144097,6.0,0.0,1.0,3.0703497408997293,s,As,0.572299;0.572299;0.572299,0.09447622785306463,2.339333733320535,p,O,0.357553;0.357553;0.357553,0.19065738562857967
mp-19399,Cr4O6,,,,,,,,2.0256738232723683,d,Cr,0.849715;0.849715;0.849715,0.21457719606173287,2.393092727406098,d,Cr,0.650285;0.650285;0.650285,0.14164276250287594
mp-19514,Sr16Cr8O32,,,,,,,,3.3140130044992584,d,Cr,0.303151;0.288295;0.730687,0.1405092816940523,3.484235785604734,d,Cr,0.776208;0.126248;0.0245,0.10584553029680521
mp-19785,Ho4Fe4O12,1.5034,0.0,1.6131000000000002,0.41666667,2.0,0.0,1.0,2.3627574378246186,d,Fe,0.0;0.5;0.5,0.18933871389737386,3.0500296458561067,p,O,0.619491;0.045238;0.75,0.06996022631102387
mp-19793,Yb4Fe4O12,0.5404,0.0,0.5529,0.16666667,2.0,0.0,1.0,2.4974420973888325,d,Fe,0.5;0.0;0.5,0.1825347769210354,3.0265274545516636,p,O,0.579038;0.018323;0.75,0.08266243555464273
mp-20098,Ba2Pb1O4,1.2338,0.0,1.5435000000000003,0.5,2.0,0.0,1.0,2.0126715293761235,s,Pb,0.0;0.0;0.0,0.29220216971550245,1.6355081674828689,p,O,0.837162;0.837162;0.0,0.29955223059061786
mp-20099,In6W1O12,1.7679999999999998,0.0,1.9579000000000004,0.8536677749862734,2.0,0.0,1.0,3.302762375546374,d,W,0.0;0.0;0.0,0.1318459749475808,2.72865521762186,p,O,0.10286;0.958374;0.295809,0.09296773913612166
mp-20134,K1C1N1,5.0425,0.0,5.5008,0.8660254037844386,1.0,0.7071067811865476,2.0,1.2171061654907636,p,C,0.57449;0.57449;0.636807,0.44181913452478094,1.077876824983353,p,C,0.57449;0.57449;0.636807,0.4781832947866113
mp-20243,Sm4Fe4O12,1.545,1.0,1.545,0.0,1.0,0.0,1.0,1.7995059733762697,d,Fe,0.0;0.5;0.0,0.23101553057308488,2.905843088067871,d,Fe,0.0;0.5;0.5,0.0663666735704174
mp-20299,K3Co1N6O12,2.6886,0.0,2.6914,0.7071067811865476,3.0,0.5303300858899106,6.0,2.901440946781448,d,Co,0.0;0.0;0.0,0.20640367996722522,3.0687405825270773,p,O,0.655965;0.344035;0.141627,0.06347575402776502
mp-20407,Nd4Fe4O12,1.7349,0.0,1.7482000000000002,0.7071067811865476,1.0,0.0,1.0,2.2424256018292903,d,Fe,0.0;0.5;0.5,0.201663360446666,2.97081129449233,p,O,0.70274;0.297112;0.449851,0.06354743105619215
mp-2071,Zn24P16,,,,,,,,4.293711731448549,s,Zn,0.217082;0.0;0.106249,0.05094803934231382,3.902530010601561,p,P,0.0;0.0;0.246106,0.04677403055402334
mp-21060,Na4Fe4O8,2.0460000000000003,1.0,2.0460000000000003,0.0,1.0,0.0,1.0,1.6862289780036992,d,Fe,0.007215;0.433065;0.373384,0.23648924281402672,2.621214971220336,p,O,0.158354;0.547183;0.591777,0.09515786578940007
mp-2125,Te8O16,2.2370000000000005,1.0,2.2370000000000005,0.0,1.0,0.0,1.0,3.3557218509813476,p,Te,0.029702;0.378759;0.616412,0.08370817181139646,3.5216921179657725,p,O,0.722605;0.087332;0.832069,0.04339720128073059
mp-2133,Zn2O2,0.7316,1.0,0.7316,0.0,1.0,0.0,1.0,2.000267718921361,s,Zn,0.666667;0.333333;0.500548,0.18678007545755337,1.4754240541477885,p,O,0.666667;0.333333;0.879762,0.3261250691976394
mp-21723,Si12Pb12O36,,,,,,,,,,,,,,,,,
mp-21724,Zn8Si8Pb8O32,,,,,,,,4.247154012678651,p,Pb,0.753314;0.958919;0.731762,0.06712110845258518,3.828821811695741,p,O,0.540485;0.82394;0.819305,0.05448421608121176
mp-21798,Na8Mo8P8O48,,,,,,,,3.0680176453552632,d,Mo,0.895745;0.115254;0.130488,0.15655434996170522,3.8998184378128027,p,O,0.450263;0.19389;0.543631,0.03741931305344199
mp-21913,Na8P8W8O48,,,,,,,,3.165992439089837,d,W,0.102853;0.884639;0.869824,0.1029607702833745,3.8585079616900178,p,O,0.668895;0.516449;0.242222,0.03639775097440475
mp-22006,V2Mo2O10,,,,,,,,2.077240961524289,d,Mo,0.5;0.5;0.5,0.23521523545672995,1.7206074823250366,d,V,0.5;0.0;0.829813,0.3651078279096514
mp-22169,Mo2Pb2O8,2.8876000000000004,0.0,2.9744,0.35294118,4.0,0.4084105482984626,4.0,1.8535255141681137,d,Mo,0.25;0.75;0.5,0.34896513482914143,2.541665987536538,s,Pb,0.75;0.25;0.5,0.09414633314748413
mp-22283,Dy4Fe4O12,0.9134000000000002,1.0,0.9134000000000002,0.0,1.0,0.0,1.0,2.463330905533755,d,Fe,0.0;0.5;0.5,0.1780443151264393,3.049421682889577,d,Fe,0.0;0.5;0.5,0.0653589253886867
mp-22341,Pr4Fe4O12,1.0793000000000004,0.0,1.2451000000000003,0.7071067811865476,1.0,0.0,1.0,2.2503552041852917,d,Fe,0.0;0.5;0.5,0.19895199123636187,2.9489782495562418,p,O,0.793736;0.793946;0.451811,0.06839492736012312
mp-2245,Si12N16,4.6579999999999995,0.0,4.717999999999999,0.47140451607698647,3.0,0.0,1.0,3.849489662493196,p,Si,0.913861;0.167295;0.952554,0.04545636653472601,2.6408490050802254,p,N,0.0;0.0;0.453258,0.19747452795202938
mp-22457,K3Na1S2O8,5.2996,0.0,5.4045000000000005,0.5,1.0,0.0,1.0,3.061418711266303,s,Na,0.0;0.0;0.0,0.12061859936020593,2.1240304767067357,p,O,0.666667;0.333333;0.466975,0.14020213519108574
mp-22588,Lu4Fe4O12,1.6083000000000003,1.0,1.6083000000000003,0.0,1.0,0.0,1.0,1.8389740618826087,d,Fe,0.0;0.5;0.0,0.22972200485171113,2.9301301334971646,d,Fe,0.0;0.5;0.5,0.06696656894787976
mp-22630,Sc8Pb4S16,1.6691000000000003,0.0,1.7615999999999996,0.0,1.0,0.5,1.0,2.737633376345531,d,Sc,0.25;0.942508;0.889203,0.13685877583847222,3.316817303470705,p,S,0.75;0.378616;0.971668,0.06688817750914929
mp-22650,K2Ca1Ni1N6O12,,,,,,,,2.8565819468596025,p,N,0.799628;0.200372;0.200372,0.10995260663507113,3.117310102152799,d,Ni,0.0;0.0;0.0,0.14612871117721662
mp-22665,Ag4As4Pb4S12,1.3859999999999997,0.0,1.3941,0.6403124237432849,2.0,0.5480552700273966,2.0,3.5079847623104596,p,Pb,0.08717;0.261818;0.845948,0.08758875781083628,3.2756326667446354,d,Ag,0.763801;0.190757;0.389234,0.06211464901329917
mp-22849,Bi2I6,2.5349,0.0,2.6046,0.8823336873331773,6.0,0.8660254037844386,1.0,2.008622918091363,p,Bi,0.333241;0.333241;0.333241,0.31164731751578184,2.0054456236074554,p,I,0.076327;0.725035;0.435565,0.15734187266541622
mp-22853,Mo2Cl6,0.15009999999999968,0.0,0.16920000000000002,0.6465231812981777,2.0,0.0,1.0,1.265175281145747,d,Mo,0.146318;0.853682;0.0,0.4313262467371366,1.3810962143669865,d,Mo,0.146318;0.853682;0.0,0.4125386930297564
mp-22858,Tl2I2,2.1451000000000002,1.0,2.1451000000000002,0.820738151841919,2.0,0.820738151841919,2.0,1.699467579821643,p,Tl,0.386013;0.613987;0.75,0.35059138843510496,1.3545658977426975,p,I,0.132584;0.867416;0.75,0.3830836606857823
mp-22876,Cs4I12,1.9163999999999999,0.0,1.9855,0.33333333,2.0,0.5,1.0,2.6876839487912103,p,I,0.25;0.555332;0.370267,0.11794493759438913,2.5458358493332,p,I,0.25;0.736152;0.564719,0.09537895200752709
mp-22882,Yb2Br4,4.3747,1.0,4.3747,0.0,1.0,0.0,1.0,2.175476481599396,d,Yb,0.5;0.5;0.5,0.2621919098678982,1.5679948521950857,p,Br,0.5;0.783236;0.179199,0.23997775397697876
mp-22885,Xe1F2,2.7255,0.0,2.8242999999999996,0.8660254037844386,1.0,0.577350263416123,2.0,1.075939477311234,p,Xe,0.0;0.0;0.0,0.5831794863777263,1.065217973144545,p,Xe,0.0;0.0;0.0,0.4628652159564813
mp-22905,Li1Cl1,6.25,0.0,6.2532000000000005,0.17664589177187706,12.0,0.0,1.0,1.2059859014184242,s,Cl,0.5;0.5;0.5,0.4304700171942281,0.07942550136408633,p,Cl,0.5;0.5;0.5,0.9857841293911076
mp-22968,Na2Cl2O8,5.4703,0.0,5.7279,0.7412035584518792,2.0,0.0,1.0,2.970292558415909,s,Cl,0.168131;0.168131;0.25,0.10329427129877562,2.0993675417891193,p,O,0.79708;0.126662;0.75,0.1253309155974792
mp-22991,Cs2V2I6,0.5943000000000005,0.0,0.657,0.47140451607698647,6.0,0.58309518948453,6.0,1.4040174269850512,d,V,0.0;0.0;0.0,0.4269592300815056,1.058985867778402,d,V,0.0;0.0;0.5,0.4641931277729982
mp-22995,Ag3S1I1,0.5390000000000001,0.0,0.8487999999999998,0.31491832549970344,1.0,0.0,1.0,2.3152103226960556,p,S,0.530804;0.530804;0.530804,0.16388530370381799,1.8640714701732135,p,S,0.530804;0.530804;0.530804,0.22843734037906407
mp-23015,Cs6Mo4Br18,,,,,,,,2.1158849988875508,d,Mo,0.666667;0.333333;0.325226,0.2125803877174195,2.2828076824537455,d,Mo,0.666667;0.333333;0.325226,0.19775565759316796
mp-23043,Rb2Pb4Br10,3.0406000000000004,0.0,3.1761,0.4542005156905398,4.0,0.8660254037844386,1.0,2.520964801140803,p,Pb,0.167226;0.667226;0.834453,0.17874874021146994,2.583160769289068,p,Br,0.97461;0.784932;0.5,0.09471086322328233
mp-23082,K4Cr4Cl4O12,2.7934,0.0,2.8301,0.7071067811865476,1.0,0.5,1.0,2.477874353789442,d,Cr,0.121668;0.873695;0.722089,0.17494689115124612,2.8768480549226845,p,O,0.499442;0.795845;0.29045,0.06333179173037178
mp-23176,Sb2Cl10,1.8399,1.0,1.8399,0.0,1.0,0.0,1.0,2.562493420863591,s,Sb,0.666667;0.333333;0.75,0.14930709063555136,2.113191400232166,p,Cl,0.666667;0.333333;0.46821,0.18598178562340317
mp-23185,Xe2F8,2.8624,0.0,2.8710999999999998,0.0,1.0,0.7555114316148225,2.0,2.078009493379802,p,Xe,0.5;0.0;0.5,0.2799523124296009,2.2358579048857536,p,Xe,0.0;0.0;0.0,0.18075544592598203
mp-23210,Mg1Cl2,,,,,,,,1.5489611567364765,s,Mg,0.0;0.0;0.0,0.35957611860905847,0.733579982479963,p,Cl,0.263704;0.263704;0.263704,0.4965832154470908
mp-23214,Ca2Cl4,5.3978,1.0,5.3978,0.0,1.0,0.0,1.0,1.0071452408186987,d,Ca,0.0;0.0;0.0,0.474829088034308,1.4548460257383429,p,Cl,0.0;0.71791;0.675124,0.24781639239896094
mp-23216,Sn4Br16,2.7107,0.0,2.7401,0.5,1.0,0.0,1.0,3.1537394241312424,s,Sn,0.922535;0.749849;0.86726,0.08678062837727055,2.83705274398549,p,Br,0.424289;0.801748;0.53972,0.06404215786993311
mp-23228,P4Cl20,1.7945,1.0,1.7945,0.0,1.0,0.0,1.0,3.2446034145080382,s,P,0.0;0.5;0.620971,0.10167088374204708,2.5150406493378545,p,Cl,0.911758;0.704147;0.61783,0.08531246100376821
mp-23281,Sb2I6,2.1473000000000004,0.0,2.1999000000000004,0.8825195083818057,6.0,0.8660254037844386,1.0,2.224746241997016,p,Sb,0.832067;0.832067;0.832067,0.25418874104325273,2.06602912269946,p,I,0.064446;0.775087;0.424564,0.14859666324445103
mp-23299,Rb1Cl1,4.7794,0.0,4.8762,0.7071067811865476,3.0,0.0,1.0,1.2163361616132742,s,Rb,0.0;0.0;0.0,0.4269743257272832,0.10896214224150909,p,Cl,0.5;0.5;0.5,0.9809453273691517
mp-23331,Si6Bi8O24,3.8853999999999997,0.0,3.9697,0.8660254037844386,1.0,0.4663213726008907,6.0,3.6845726777663756,p,Bi,0.331843;0.5;0.0,0.07662386174640366,3.559647189760423,p,O,0.848529;0.920427;0.690078,0.03937425484057121
mp-23333,Hg12Cl16O4,,,,,,,,4.014578928331133,s,Hg,0.680893;0.982411;0.769413,0.03807786252658641,3.4538937832055265,p,Cl,0.070463;0.570463;0.929537,0.058523651013302945
mp-23350,Rb2Pt1Cl6,1.9459,1.0,1.9459,0.7071067811865476,3.0,0.7071067811865476,3.0,1.6570963241322607,d,Pt,0.0;0.0;0.0,0.5251184517371493,1.8999927895466866,d,Pt,0.0;0.0;0.0,0.3035762857911206
mp-2340,Na6O6,1.7714,0.0,2.1892000000000005,0.0,1.0,0.5,1.0,2.421696610269839,p,O,0.666667;0.333333;0.672414,0.16423100578156685,1.867364835347971,p,O,0.666667;0.333333;0.672414,0.1763795928415131
mp-23406,Cs2Pt1Cl6,2.1146,1.0,2.1146,0.7071067811865476,3.0,0.7071067811865476,3.0,1.6588452768749158,d,Pt,0.0;0.0;0.0,0.519391062862426,1.9380605001963118,d,Pt,0.0;0.0;0.0,0.277521379136565
mp-23418,Hg6S4Cl4,1.9398,0.0,1.9402,0.061858964836249086,6.0,0.0,1.0,3.2083192402723952,p,S,0.0;0.524148;0.5,0.07874239681845277,2.613465547163524,p,Cl,0.0;0.010948;0.5,0.1485273156731915
mp-23425,Cs2Pb1Cl6,1.4541,1.0,1.4541,0.0,1.0,0.0,1.0,1.9241605509720436,s,Pb,0.0;0.0;0.0,0.3276452362939695,1.872070913022526,p,Cl,0.237277;0.237277;0.762723,0.1641228189726808
mp-23465,Cs2Te1Cl6,2.7831,0.0,2.9193,0.9354143466934853,6.0,0.8660254037844386,4.0,1.7143508657649829,p,Te,0.0;0.0;0.0,0.5240362308726683,1.9732911691108348,s,Te,0.0;0.0;0.0,0.1771070616373354
mp-23475,Rb2Pb1Cl6,1.2605,1.0,1.2605,0.0,1.0,0.0,1.0,1.935925073179204,s,Pb,0.0;0.0;0.0,0.3323615439366042,1.8574421993853947,p,Cl,0.244229;0.244229;0.755771,0.1645802100370756
mp-23492,Si1Bi12O20,2.3594,0.0,2.6605,0.06661734141734268,6.0,0.7994080623670959,6.0,3.855707453604124,p,Bi,0.667385;0.161472;0.858935,0.04704537322764485,3.518250466812927,p,O,0.0;0.0;0.18823,0.0788565764488691
mp-23536,Sb1I3Cl8,1.2101,0.0,1.2299,0.5,1.0,0.23570226510956102,2.0,2.1389324901295055,s,Sb,0.0;0.5;0.5,0.29165139092455,1.7801828287393429,p,I,0.0;0.0;0.0,0.36685535220292814
mp-23562,K2I2O8,2.3491999999999997,0.0,2.3710999999999998,0.1875,4.0,0.0,1.0,2.6157567375585185,p,O,0.949259;0.858248;0.651806,0.09307322374910315,2.1512458552032534,p,O,0.206442;0.297453;0.348194,0.12328502853765733
mp-23657,Na6S2Cl1O8F1,4.7741999999999996,0.0,4.7835,0.7071067811865476,3.0,0.0,1.0,3.2103828233922274,s,Cl,0.5;0.5;0.5,0.10794072414043106,2.160470482520025,p,O,0.165352;0.165352;0.165352,0.1236406319112014
mp-23675,H8Br2N2,4.3119,0.0,4.3478,0.397747564417433,4.0,0.0,1.0,2.6028747023731347,s,N,0.0;0.0;0.0,0.14941149462803477,1.029613171092964,p,Br,0.5;0.0;0.602539,0.46522201693753606
mp-23703,Li1H1,2.9737,1.0,2.9737,0.7071067811865476,3.0,0.7071067811865476,3.0,0.46985021113255204,p,Li,0.0;0.0;0.0,0.8722006409596712,0.5616224406298229,s,H,0.5;0.5;0.5,0.8222171644981774
mp-23792,Na2Ca4Si6H2O18,4.848599999999999,0.0,4.8792,0.5,1.0,0.0,1.0,3.9367962507308416,s,Na,0.745495;0.659792;0.44871,0.041723519735701174,2.7855878601206028,p,O,0.213315;0.871589;0.347959,0.13322650483701412
mp-23891,Na2H2O2,2.8144,1.0,2.8144,0.0,1.0,0.0,1.0,2.12260445500629,p,O,0.864632;0.135368;0.75,0.18776019169957114,0.8666217591476686,p,O,0.135368;0.864632;0.25,0.48406335479991275
mp-23940,Na2H2O2,2.8373,1.0,2.8373,0.0,1.0,0.0,1.0,2.127155127792942,p,O,0.25;0.832445;0.769651,0.1884875629333029,0.8761590025675874,p,O,0.25;0.832445;0.769651,0.48304500045865545
mp-24430,Cd8Co8H144N48Cl40,,,,,,,,,,,,,,,,,
mp-24431,Si8H8O12,6.372199999999999,0.0,6.391,0.8660254037844386,1.0,0.0,1.0,3.8476723206113785,p,O,0.768841;0.698682;0.456758,0.03230689795063079,2.507076360600852,p,O,0.253096;0.808384;0.435329,0.0850638687390378
mp-24438,K4Mg2H24S4O28,,,,,,,,4.302628266620726,s,O,0.674781;0.050428;0.886979,0.025105907924879486,3.0485603452669223,p,O,0.733195;0.421919;0.905714,0.07091293625055677
mp-2472,Sr1O1,3.276,0.0,3.3865,0.0,1.0,0.7071067811865476,3.0,0.27718211810870635,d,Sr,0.5;0.5;0.5,0.9325708866452419,0.38060988516226313,p,O,0.0;0.0;0.0,0.9067382007085297
mp-2514,Mg24P16,,,,,,,,4.27433203725071,s,P,0.5;0.5;0.5,0.033104348326936546,3.0914659467061525,p,P,0.5;0.5;0.5,0.06665340414531143
mp-2552,Te2O6,1.1635999999999997,0.0,1.1913999999999998,0.15625,6.0,0.0,1.0,2.3883445177148754,p,O,0.385891;0.75;0.114109,0.11561834962990973,1.9302652289633215,p,O,0.114109;0.385891;0.75,0.16236552826113215
mp-2565,S16N8,1.7037999999999998,0.0,1.7841999999999998,0.0,1.0,0.8660254037844386,1.0,3.071793158441536,p,S,0.882455;0.882455;0.110513,0.06762463345740792,2.9536986522126556,p,S,0.848616;0.346173;0.812074,0.07376956118309871
mp-2605,Ca1O1,3.6363,0.0,4.013999999999999,0.0,1.0,0.7071067811865476,3.0,0.20230450402050482,d,Ca,0.0;0.0;0.0,0.9496991118660594,0.2927090521438915,p,O,0.5;0.5;0.5,0.9343385375846053
mp-27767,Li12Si4O14,,,,,,,,3.2104286830950284,s,O,0.0;0.5;0.315898,0.08007481657406282,2.746318446592202,p,O,0.165111;0.902237;0.709317,0.10923111430675922
mp-27770,Rh2Cl6,1.5268000000000002,0.0,1.6477,0.7071067811865476,1.0,0.8660254037844386,1.0,1.8448590898624613,d,Rh,0.833317;0.166683;0.0,0.31368506919404987,1.6708127911113575,d,Rh,0.833317;0.166683;0.0,0.3467989973089824
mp-27773,H20I4O24,,,,,,,,3.6836559028142144,s,I,0.040982;0.847472;0.615381,0.061794862364382426,3.2392997677812883,p,O,0.413269;0.358057;0.080356,0.08669861037411723
mp-27774,N2Cl2O12,1.4252,0.0,1.4374,0.3196624696777837,2.0,0.14142135623730953,2.0,1.859305395704422,p,N,0.166458;0.833542;0.25,0.2190066847453029,2.1403411651476953,p,O,0.148848;0.751965;0.622556,0.12545939508455825
mp-27776,Cd8As4Cl8,1.0845000000000002,0.0,1.2151,0.0,1.0,0.5,1.0,3.54397874223919,s,Cd,0.419999;0.438672;0.751511,0.049627549693114004,2.82908206187905,p,As,0.381176;0.068534;0.941093,0.14736021677192124
mp-27779,Hg4Mo24Cl56,1.7414999999999998,1.0,1.7414999999999998,0.0,1.0,0.0,1.0,3.92220610329227,s,Hg,0.5;0.5;0.0,0.11098847191562407,3.954704681000606,d,Mo,0.024725;0.969464;0.636655,0.036674627824285704
mp-27780,Tc8Cl32,,,,,,,,2.887855399918342,d,Tc,0.396786;0.871903;0.684217,0.10242861040617535,3.2900970593818224,d,Tc,0.896786;0.628097;0.315783,0.07992654137934259
mp-27782,Xe2I2F14,3.1016999999999997,0.0,3.1336999999999997,0.0,1.0,0.5,2.0,1.924871120415552,p,Xe,0.0;0.5;0.5,0.2866371999885301,2.0995902741803945,p,Xe,0.0;0.5;0.5,0.21080940417834063
mp-27783,Cs8Re8Br32,,,,,,,,,,,,,,,,,
mp-27786,Sb2As4Cl26,,,,,,,,2.6358827293606955,s,As,0.143044;0.856956;0.038359,0.12538551025566966,2.9819080121963015,p,Cl,0.689665;0.995234;0.117612,0.0760941371255706
mp-27787,Nb2P2Cl20,2.2866999999999997,1.0,2.2866999999999997,0.5,1.0,0.5,1.0,2.2721341094863563,d,Nb,0.0;0.0;0.5,0.3174940259575018,2.554214484527748,p,Cl,0.230033;0.846219;0.455432,0.08590156404829614
mp-27788,Ta2P2Cl20,2.3387,0.0,2.4006,0.5,1.0,0.0,1.0,2.5818905456851917,s,P,0.382465;0.591468;0.760602,0.16032441826453922,2.5354780405682042,p,Cl,0.770069;0.151217;0.542046,0.08721785889179082
mp-27790,Ba4Ti20O44,,,,,,,,,,,,,,,,,
mp-27791,Sr2Be6O8,4.1268,1.0,4.1268,0.0,1.0,0.0,1.0,3.1162256740320444,s,Sr,0.666667;0.333333;0.75,0.10565919863278271,2.04609441752386,p,O,0.333333;0.666667;0.75,0.28467405464648626
mp-27792,K8S20O64,,,,,,,,4.7126046887404085,p,S,0.068213;0.750863;0.428791,0.026071309254728166,3.2458944376331247,p,O,0.027543;0.344227;0.594571,0.04339127187548871
mp-27794,Ba4B32O52,,,,,,,,4.5863827813052565,d,Ba,0.460723;0.0;0.75,0.056681390908951204,3.7184665642359964,p,O,0.239052;0.166668;0.291381,0.04779011950624162
mp-27798,B64H80,,,,,,,,4.485465519705501,p,B,0.715622;0.190941;0.349213,0.03432707446344597,4.285630469917536,p,B,0.146678;0.670254;0.087763,0.049627659366497
mp-27801,Tl2Ag2I4,1.5664999999999996,0.0,1.6192999999999995,0.31818182,4.0,0.8660254037844386,1.0,1.998135614203623,p,Tl,0.25;0.25;0.0,0.3366238856528255,1.993236099090248,d,Ag,0.75;0.25;0.5,0.1664164717897785
mp-27802,Ba6Sn12S18,,,,,,,,3.8080073450243486,p,Sn,0.552073;0.224589;0.552344,0.07822117559408565,3.762700467453318,p,S,0.928884;0.594635;0.613913,0.05318008957788731
mp-27804,Rb6Cu4Cl14,0.1654000000000001,0.0,0.2875000000000001,0.7071067811865476,1.0,0.8593644734866389,2.0,2.692571475594297,d,Cu,0.595114;0.404886;0.5,0.13762981776740132,2.7493865792862766,d,Cu,0.404886;0.595114;0.5,0.14786803348049485
mp-27805,Ba12Si4S20,,,,,,,,3.633343472850533,d,Ba,0.886047;0.75;0.519722,0.0630253884055401,2.7315909408401726,p,S,0.31788;0.25;0.234413,0.1769030159453564
mp-27806,Ni1N2F14,2.3449,1.0,2.3449,0.5,2.0,0.5,2.0,2.2150928849495344,d,Ni,0.0;0.0;0.0,0.4594008900358468,1.8320815912122246,p,F,0.190965;0.190965;0.0,0.2079640893715804
mp-27807,Mn8O8F36,,,,,,,,3.377683245051463,d,Mn,0.677563;0.16945;0.556605,0.10364965092524155,3.3749101907884387,p,F,0.968753;0.713045;0.627354,0.07710635468970743
mp-27809,Ba4Ge8P8,0.5244,0.0,0.6291000000000002,0.0,1.0,0.27777778,4.0,3.5235343281547205,d,Ba,0.0;0.0;0.996896,0.08447906186215451,3.2067612964671994,p,P,0.248879;0.766254;0.756424,0.0755157317090376
mp-27811,Li8Te8O20,,,,,,,,3.7999840115630024,p,Te,0.681043;0.850296;0.851068,0.04910853584787842,3.6108723088310777,p,O,0.516072;0.666795;0.954524,0.06048927169372618
mp-27814,C1S14,2.5569,0.0,2.6489000000000003,0.7071067811865476,3.0,0.8660254037844386,1.0,2.9653781968201915,p,C,0.5;0.5;0.5,0.16392906507196248,2.5971541183068556,p,S,0.710191;0.289809;0.0,0.08239845915256193
mp-27815,Nb4Cl12O4,2.4039,0.0,2.4612,0.736469647739486,2.0,0.0,1.0,2.1704156332526785,d,Nb,0.379801;0.620199;0.5,0.20071864604313938,2.84016282544503,p,Cl,0.402316;0.402316;0.5,0.08568155757884603
mp-27818,Mn8S8O24,,,,,,,,3.311601425911128,d,Mn,0.079566;0.332746;0.383271,0.08590120550209078,3.709791855129299,d,Mn,0.079566;0.332746;0.383271,0.04517419728512387
mp-27820,B56H80,,,,,,,,4.3988678188057175,p,B,0.568889;0.463879;0.311152,0.022912483296654573,4.4262920442258675,p,B,0.641116;0.607999;0.360428,0.03642771768926344
mp-27821,Ag3P11,0.8305999999999996,0.0,1.2032999999999996,0.0,1.0,0.48953546933766195,2.0,3.262345477477834,p,P,0.614054;0.910531;0.497407,0.06656139779519862,2.918538297835565,p,P,0.492395;0.492395;0.944936,0.13166302310200056
mp-27823,Sm2Cl2O2,4.9321,1.0,4.9321,0.0,1.0,0.0,1.0,1.253446535789767,d,Sm,0.0;0.5;0.828997,0.4393411255409343,1.6043769410430821,p,O,0.0;0.0;0.0,0.3321808905992209
mp-27824,P2I2Cl12,1.7907,0.0,1.8396000000000001,0.0,1.0,0.5,1.0,2.6597129444686884,s,P,0.5;0.5;0.5,0.1461172745605282,1.7150381397933683,p,I,0.0;0.5;0.117953,0.31522161281752775
mp-27827,Rb2Ti1Cl6,2.1395999999999997,0.0,2.1569,0.0,1.0,0.7071067811865476,3.0,0.5720917869483569,d,Ti,0.0;0.0;0.0,0.8861438013503132,1.861364022767104,p,Cl,0.769405;0.769405;0.230595,0.1644651343689567
mp-27828,Cs2Ti1Cl6,2.2187,0.0,2.2354,0.0,1.0,0.7071067811865476,3.0,0.5775820008623366,d,Ti,0.0;0.0;0.0,0.8854854495270694,1.8837422826395402,p,Cl,0.775989;0.775989;0.224011,0.16356822677153932
mp-27829,Rb2Se1Cl6,2.6056,0.0,2.7814,0.9354143466934853,6.0,0.8660254037844386,4.0,1.7297935160680433,p,Se,0.0;0.0;0.0,0.5105271156426352,1.9305235901274849,p,Cl,0.235544;0.764456;0.235544,0.157258207849401
mp-27830,Cs2Se1Cl6,2.7509,0.0,2.8801,0.9354143466934853,6.0,0.8660254037844386,4.0,1.734682165735135,p,Se,0.0;0.0;0.0,0.503720690502542,1.9131893836878464,p,Cl,0.771683;0.771683;0.228317,0.1603748958882346
mp-27831,Rb2Zr1Cl6,3.5613,0.0,3.5723000000000003,0.0,1.0,0.7071067811865476,3.0,0.6830441579211878,d,Zr,0.0;0.0;0.0,0.8577319129572502,1.862733429832434,p,Cl,0.238396;0.238396;0.761604,0.1643347864700472
mp-27832,Tl2Sn1Cl6,2.4899,0.0,2.4946,0.6527139496887923,6.0,0.0,1.0,1.8557717205395572,s,Sn,0.0;0.0;0.0,0.43974021770974303,2.017885089227245,p,Cl,0.759464;0.759464;0.240536,0.15405042483053955
mp-27833,Tl2Te1Cl6,2.5747,0.0,2.7581999999999995,0.7071067811865476,3.0,0.8660254037844386,4.0,1.76097424874366,p,Te,0.0;0.0;0.0,0.5254669378357626,2.017853450357546,s,Te,0.0;0.0;0.0,0.16960793921823522
mp-27834,Tl2Pt1Cl6,1.7880000000000003,0.0,1.8377000000000001,0.8740073728394846,24.0,0.7071067811865476,3.0,1.6662791446891903,d,Pt,0.0;0.0;0.0,0.5279872193318622,2.0136881151555075,d,Pt,0.0;0.0;0.0,0.3084902605427713
mp-27837,Na1H1F2,6.8138000000000005,0.0,6.9839,0.8660254037844386,1.0,0.0,1.0,1.5769660907094147,s,Na,0.0;0.0;0.0,0.43472141976322815,0.7841898539456317,p,F,0.582826;0.582826;0.582826,0.49129169024792063
mp-27839,K2Ti1Cl6,2.0686999999999998,0.0,2.0866,0.0,1.0,0.7071067811865476,3.0,0.5732113366922402,d,Ti,0.0;0.0;0.0,0.8856738378921409,1.8593228759095561,p,Cl,0.235286;0.235286;0.764714,0.16449490047706883
mp-27841,V2Br2O2,,,,,,,,,,,,,,,,,
mp-27842,Cr2Br2O2,1.6129000000000002,0.0,1.7570000000000001,0.5,1.0,0.5913738152496109,2.0,1.4538996739219914,d,Cr,0.5;0.5;0.405861,0.40400086461129775,1.7409051114210974,p,Br,0.5;0.0;0.805492,0.280982654641373
mp-27843,Zn8Ge12O32,,,,,,,,4.432220962651213,s,Ge,0.629264;0.379264;0.375,0.02486111576701874,3.792100183903015,p,O,0.860393;0.895619;0.401451,0.03361279649090245
mp-27845,Ca8Se16O40,,,,,,,,4.250706221801473,p,Se,0.389409;0.864058;0.770756,0.03861126807085041,4.1489993675246595,p,O,0.211101;0.509624;0.206443,0.0320888158374039
mp-27910,Bi2Te2S1,0.6238000000000001,0.0,0.6276000000000002,0.02388950360743814,6.0,0.0,1.0,1.9367690223588525,p,Bi,0.387886;0.387886;0.387886,0.2757188425353704,1.8531532027571032,p,Te,0.777335;0.777335;0.777335,0.2550774290824237
mp-27911,Bi4As4O16,3.1697,0.0,3.2894999999999994,0.5,1.0,0.7071067811865476,1.0,3.3709736988212553,p,Bi,0.866953;0.201082;0.718616,0.11176038244716106,3.0766270432079477,p,O,0.707133;0.387754;0.391519,0.0722969909759266
mp-27916,Ag1Bi1Se2,0.1858000000000004,0.0,0.8604999999999996,0.2951095019196939,6.0,0.8660254037844386,1.0,1.601005884942993,p,Bi,0.5;0.5;0.5,0.5533632844116256,1.6102484507774624,p,Se,0.254161;0.254161;0.254161,0.2966185119657653
mp-27934,Cd2Br4,2.9381,0.0,2.9421999999999997,0.11111111,6.0,0.0,1.0,2.1304032237470785,s,Cd,0.333333;0.666667;0.374968,0.23024519848347494,1.6268726446657318,p,Br,0.333333;0.666667;0.985028,0.2323230711951599
mp-27935,Al2I2Cl12,2.291,0.0,2.3194,0.0,1.0,0.5,1.0,2.344801661932937,p,I,0.242308;0.993096;0.201013,0.22645948578284383,2.495247439966335,p,I,0.242308;0.993096;0.201013,0.11430832654171184
mp-2826,Lu4S6,2.5664,0.0,2.8392999999999997,0.0,1.0,0.4084166885168237,6.0,1.8637042713168643,d,Lu,0.651059;0.651059;0.651059,0.22375178900955842,2.350353147090024,p,S,0.446556;0.75;0.053444,0.13726833392251064
mp-2857,Sc1N1,,,,,,,,0.44562204480275597,d,Sc,0.0;0.0;0.0,0.8610596044139335,0.5997377866537569,p,N,0.5;0.5;0.5,0.8157386997937583
mp-29067,S16N16Cl8,,,,,,,,,,,,,,,,,
mp-3074,K4Ag4O4,1.4858,0.0,1.6145,0.8660254037844386,1.0,0.0,1.0,2.9610018642495426,d,Ag,0.147656;0.147656;0.295312,0.09872754608802332,2.3192398518784376,p,O,0.294225;0.0;0.294225,0.13845687905119194
mp-3094,Sr4Al8O16,4.1419999999999995,0.0,4.239,0.5,1.0,0.0,1.0,3.877268686360323,s,Sr,0.99728;0.746199;0.485617,0.040208644289641736,2.850902909573926,p,O,0.884109;0.356343;0.991375,0.09714530737157132
mp-30996,Rb2Au2Br8,1.4772,0.0,1.4848,0.7071067811865476,1.0,0.9439240025879143,2.0,2.356295723574839,d,Au,0.0;0.0;0.0,0.1918333804729006,2.328013723621335,p,Br,0.718597;0.038638;0.829882,0.1157846211173518
mp-30997,Zr4Tl4F20,4.8833,0.0,4.8946000000000005,0.5571647219052195,2.0,0.0,1.0,2.4361318856316614,d,Zr,0.338018;0.492039;0.839555,0.18438602250633895,2.9100895657793826,s,Tl,0.970014;0.070345;0.205102,0.10993071554564814
mp-30998,Ti4N16O48,,,,,,,,2.600720652788318,d,Ti,0.329142;0.819102;0.461434,0.20776218867449855,3.9921914763195505,p,O,0.979404;0.629051;0.75626,0.03243233338495116
mp-3163,Ba1Sn1O3,0.3730000000000002,0.0,0.8938000000000001,0.8660254037844386,1.0,0.0,1.0,,,,,,,,,,
mp-3228,Hg2S2O8,1.3525,0.0,1.6218000000000001,0.6726812023536856,2.0,0.0,1.0,2.360007144264037,s,Hg,0.823648;0.7538;0.5,0.31215854108728497,2.315102771070292,p,O,0.385189;0.680296;0.0,0.13616029545503258
mp-32711,Sr10Br20,,,,,,,,3.934558322338587,s,Sr,0.354147;0.664943;0.752127,0.03734010939509597,3.1072705088618937,p,Br,0.290316;0.09789;0.37624,0.060763533418626385
mp-3277,B1As1O4,4.282,0.0,4.7358,0.8660254037844386,1.0,0.0,1.0,2.141035926245168,s,As,0.0;0.0;0.0,0.2529131733451865,1.5803672681102827,p,O,0.143803;0.71162;0.122081,0.23890149932982066
mp-33009,Mn4O8,0.4556,0.0,0.5394000000000001,0.42056075,2.0,0.0,1.0,1.2897487757805082,d,Mn,0.5;0.5;0.5,0.4294991804333915,1.8524044272420417,p,O,0.5;0.773846;0.163731,0.1838612623065455
mp-3323,Sr1Zr1O3,3.2141,0.0,3.4721,0.8660254037844386,1.0,0.0,1.0,0.5393671446680902,d,Zr,0.0;0.0;0.0,0.8802066059122183,1.2650541958324264,p,O,0.0;0.5;0.0,0.32251979694172356
mp-334,La6F18,6.0222,1.0,6.0222,0.0,1.0,0.0,1.0,1.9065743563796334,f,La,0.673675;0.0;0.250955,0.16681339822131488,2.9828555188569066,p,F,0.27735;0.0;0.081969,0.0671126360354708
mp-3359,Ba2Sn1O4,2.4494000000000002,0.0,2.7563,0.5,2.0,0.0,1.0,2.0688150363675875,s,Sn,0.0;0.0;0.0,0.41263399636671766,1.6300999810739663,p,O,0.844319;0.844319;0.0,0.30017495299859137
mp-3376,Sr2Sn1O4,2.578,0.0,2.9496999999999995,0.5,2.0,0.0,1.0,1.953777723041256,s,Sn,0.0;0.0;0.0,0.42588146892475987,1.4568118059861592,p,O,0.835952;0.835952;0.0,0.32811999944467757
mp-34857,K1N1O2,2.5157,0.0,2.5197,0.5312277532726836,2.0,0.5,1.0,1.113502058601826,p,N,0.509977;0.509977;0.460847,0.5028468422866292,1.3842256889336706,p,O,0.218556;0.59403;0.592418,0.3394189392608418
mp-352,Hf4O8,4.0161999999999995,0.0,4.0898,0.0,1.0,0.5,1.0,2.040935783767303,d,Hf,0.542681;0.724041;0.707891,0.2084646255015537,2.1682155590726757,p,O,0.169878;0.067849;0.152906,0.18576542873174373
mp-3520,Y8Si4O20,4.7661,1.0,4.7661,0.0,1.0,0.0,1.0,2.991781256555316,d,Y,0.707335;0.218747;0.467598,0.1168077302630103,3.219233272969622,p,O,0.577128;0.389542;0.895776,0.07101552239899397
mp-3589,B1P1O4,7.2637,0.0,7.3797,0.8660254037844386,1.0,0.0,1.0,2.2937273544621406,s,P,0.0;0.0;0.0,0.18765739806237144,1.5386818684734198,p,O,0.257357;0.385306;0.388912,0.24306400065164743
mp-3593,Ta4Sn4O14,1.4862000000000002,0.0,1.6227999999999998,0.8660254037844386,4.0,0.0,1.0,2.2188309473104657,d,Ta,0.125;0.625;0.625,0.20287342835427488,2.4266563031689556,p,O,0.25;0.25;0.25,0.24316645554862393
mp-361,Cu4O2,0.5126999999999997,1.0,0.5126999999999997,0.0,1.0,0.0,1.0,2.139439864144427,d,Cu,0.25;0.25;0.75,0.18519921297568526,1.9603831880295233,d,Cu,0.75;0.75;0.75,0.19910030199814846
mp-36248,H4Br1N1,4.0357,0.0,4.1173,0.7071067811865476,3.0,0.0,1.0,1.8837790330476727,s,N,0.0;0.0;0.0,0.3354373581968846,0.2411690865712103,p,Br,0.5;0.5;0.5,0.9560421682084521
mp-3667,P8S8O12,3.9907,0.0,4.0832,0.8660254037844386,1.0,0.0,1.0,3.643432834289781,p,S,0.899144;0.183408;0.876448,0.05097337266931699,2.606381524837831,p,S,0.30696;0.022696;0.123552,0.11631178032215381
mp-3834,Ba1Zr1O3,3.0441000000000003,0.0,3.2428,0.8660254037844386,1.0,0.0,1.0,0.5656539829591557,d,Zr,0.5;0.5;0.5,0.8695245698728988,1.3124843341308705,p,O,0.5;0.0;0.5,0.31812494537247377
mp-3933,Mg4P2N6,,,,,,,,3.0525135959043084,s,P,0.161663;0.161663;0.491315,0.10291826087148401,1.9861724309276814,p,N,0.837549;0.556634;0.919739,0.19781272357736718
mp-3998,La2Ta2O8,3.3887,0.0,3.5518,0.31162402322071253,2.0,0.0,1.0,1.7729267110505031,d,Ta,0.415372;0.584628;0.7167,0.35541211131952444,2.360966079150656,p,O,0.698597;0.301403;0.425748,0.1327967186291748
mp-402,Cd4P8,1.4924999999999997,0.0,1.6749999999999998,0.20833333,1.0,0.5153882032022076,2.0,3.2697765587606056,p,P,0.901551;0.440451;0.880506,0.05015934425922499,2.818763214769384,p,P,0.597976;0.224925;0.506621,0.1012113330560372
mp-4026,K1Cr1S2,1.1644,0.0,1.5444,0.8746868495890955,6.0,0.7071067811865476,3.0,0.820206255482172,d,Cr,0.0;0.0;0.0,0.7945450079319919,0.8012531949000611,d,Cr,0.0;0.0;0.0,0.7724768596502964
mp-4030,Rb2Pt3S4,1.4542000000000006,0.0,1.5609999999999995,1.224744871391589,1.0,0.9112423420348118,2.0,2.121591680611753,d,Pt,0.5;0.5;0.0,0.22159754187316713,1.8869888696002706,d,Pt,0.0;0.0;0.0,0.28433090829218344
mp-4047,Cs2Si1F6,6.8901,1.0,6.8901,0.0,1.0,0.0,1.0,2.5955687607528644,s,Si,0.0;0.0;0.0,0.22041142403646946,1.8257192717631876,p,F,0.809723;0.809723;0.190277,0.16595878915610124
mp-4123,Er1Tl1S2,1.4103999999999997,0.0,2.4504999999999995,0.8660254037844386,1.0,0.7071067811865476,3.0,1.7187165060237972,p,Tl,0.5;0.5;0.5,0.37107094289789155,1.4243409271808285,p,S,0.731916;0.731916;0.731916,0.3635182181377088
mp-4124,Ca1C1N2,3.5774,0.0,4.3545,0.8660254037844386,1.0,0.0,1.0,1.4779975767889655,d,Ca,0.0;0.0;0.0,0.5557526129018301,0.942803534442928,p,N,0.583148;0.583148;0.583148,0.4689415112864119
mp-4226,Li1Cr1S2,,,,,,,,0.6794116713697788,d,Cr,0.0;0.0;0.0,0.8453102237289535,0.8722735343529874,d,Cr,0.0;0.0;0.0,0.7376669986282868
mp-4547,La2Te1O2,2.0275,0.0,2.1460999999999997,0.25174424912628357,4.0,0.8660254037844386,1.0,1.8551837118313272,d,La,0.340797;0.340797;0.0,0.2254589342270038,0.8941358568245866,p,Te,0.0;0.0;0.0,0.802568360913785
mp-4598,Sr8Pt2O12,2.1959,1.0,2.1959,0.0,1.0,0.0,1.0,2.5074771254181987,d,Pt,0.5;0.5;0.5,0.2698664442335131,2.5363753168729786,d,Pt,0.5;0.5;0.5,0.22770007359722513
mp-466,Nb6F15,,,,,,,,2.5493251217583732,d,Nb,0.0;0.239368;0.239368,0.12318381867268152,2.5587781706609434,d,Nb,0.0;0.239368;0.239368,0.12231669259554197
mp-4731,K2U1F6,0.28279999999999994,0.0,0.34450000000000003,0.47140451607698647,3.0,0.7071067811865476,3.0,0.3476542931610114,f,U,0.0;0.0;0.0,0.9414118040485024,0.2583674259316133,f,U,0.0;0.0;0.0,0.9572421320950764
mp-4733,Th2Ti4O12,3.1451999999999996,0.0,3.2586,0.2719641433466408,2.0,0.47140451607698647,4.0,2.0479002257159737,d,Ti,0.811898;0.648635;0.059651,0.212777595524335,2.866414326877538,p,O,0.094243;0.17794;0.3489,0.08605091018276306
mp-4764,Pr2Se1O2,2.1712,0.0,2.7396,0.5,1.0,0.47140451607698647,6.0,1.5089214394311006,d,Pr,0.666667;0.333333;0.711768,0.3531991719136076,0.9481438502187988,p,Se,0.0;0.0;0.0,0.7600183219191875
mp-4816,La12Ga12S36,,,,,,,,2.6109503885687415,f,La,0.947194;0.515488;0.324892,0.17210205120517125,3.9105071693465114,p,S,0.986296;0.941141;0.89165,0.054396907869459124
mp-486,Ni2P4,0.5315000000000003,0.0,0.6341999999999999,0.4991342034759638,4.0,0.79294072847077,2.0,2.0104163016972305,d,Ni,0.5;0.0;0.5,0.3009445135443039,1.3980700958323407,d,Ni,0.5;0.0;0.5,0.4161126095000811
mp-4967,Mg4S4O16,5.5433,0.0,5.5831,0.45,2.0,0.0,1.0,3.6296440484388137,s,Mg,0.5;0.0;0.5,0.054987133083448665,2.8007914278141905,p,O,0.767674;0.25;0.122681,0.07584870079841144
mp-504692,Ni8Te16O40,,,,,,,,,,,,,,,,,
mp-504697,Mn8Bi4O20,,,,,,,,3.3922299473877766,d,Mn,0.257196;0.5;0.5,0.09031215647012417,3.543889075821675,p,O,0.282493;0.5;0.0,0.04683869750814838
mp-504704,Ni4Hg4O2F12,0.996,1.0,0.996,0.0,1.0,0.0,1.0,2.9965129181096994,s,Hg,0.125;0.125;0.125,0.13822102146335957,3.146825258011384,p,O,0.0;0.0;0.0,0.11146042769883961
mp-504747,V2Cu3O8,0.11590000000000011,0.0,0.12790000000000012,0.7071067811865476,1.0,0.7071067811865476,1.0,2.347442250492697,d,Cu,0.260902;0.825712;0.335087,0.2270514640117519,2.5060718522134326,d,Cu,0.0;0.0;0.0,0.22111441677764054
mp-504759,Mo4F20,0.9911000000000001,0.0,1.0049,0.0,1.0,0.7071067811865476,1.0,2.1520424133277936,d,Mo,0.798274;0.201726;0.0,0.2137064528428852,2.7000227558322347,d,Mo,0.744088;0.744088;0.737594,0.1413568323182764
mp-504974,Fe4Mo6O16,,,,,,,,2.324074039040618,d,Fe,0.666667;0.333333;0.417327,0.29808900361084245,2.836583914368351,d,Mo,0.835289;0.164711;0.745914,0.11309787796745624
mp-510268,Cs2Pd3S4,1.3815,0.0,1.4683000000000002,1.224744871391589,1.0,0.874979819151845,2.0,2.093320064185285,d,Pd,0.0;0.0;0.5,0.20373234947178873,1.908832167900674,d,Pd,0.5;0.5;0.5,0.2560141847587501
mp-510625,Cr2Cu2O4,1.7461999999999995,0.0,2.2624999999999997,0.9679095865467561,6.0,0.9023733144687623,6.0,1.190719234754764,d,Cr,0.5;0.5;0.5,0.6870790057236297,0.8407734962320403,d,Cu,0.0;0.0;0.0,0.7936110916332272
mp-5151,Cd8Ge2S12,1.3548999999999998,1.0,1.3548999999999998,0.0,1.0,0.0,1.0,3.5014326302530314,s,Cd,0.26875;0.671299;0.299825,0.06402719589311008,2.9624716136327303,p,S,0.480799;0.954233;0.447045,0.09757936470599413
mp-540818,Tl8Ge8Se20,1.4125999999999999,1.0,1.4125999999999999,0.0,1.0,0.0,1.0,3.9867479049333623,s,Ge,0.729853;0.136056;0.109845,0.0380680091333255,3.3988762114147795,p,Se,0.75634;0.997914;0.953747,0.07630701475794356
mp-540820,Re4C20O20,2.9920999999999998,0.0,2.9923,0.36195710012923465,2.0,0.3217396382739261,2.0,3.7883591555585907,p,C,0.551304;0.736018;0.578625,0.04306971477116041,3.552984132861104,d,Re,0.613838;0.580046;0.723475,0.08122039565338535
mp-540822,Cs6Zr4I18,0.39559999999999995,0.0,0.5164,0.43997755116694787,6.0,0.0,1.0,2.172965152322457,d,Zr,0.333333;0.666667;0.828079,0.20999162651936246,2.2465000109515536,d,Zr,0.666667;0.333333;0.171921,0.2067521695913447
mp-540829,Ru8F40,,,,,,,,3.1219136354660626,d,Ru,0.746867;0.005182;0.001288,0.09790395634987287,3.405700352251843,d,Ru,0.746867;0.005182;0.001288,0.0705711349908364
mp-541352,P16S12I8,2.2079,0.0,2.2186,0.5,1.0,0.5,1.0,3.7626384366034795,p,I,0.744024;0.145959;0.805178,0.053837828380652125,3.5414199908999766,p,I,0.744024;0.145959;0.805178,0.061698500760793876
mp-541582,Re4Se8,1.1429,1.0,1.1429,0.5,1.0,0.5,1.0,2.255472305012712,d,Re,0.935768;0.683834;0.509154,0.21989813480764106,2.5346720543259895,d,Re,0.935768;0.683834;0.509154,0.15203222816956005
mp-541742,Cs6Mo4Cl18,,,,,,,,2.02085230095544,d,Mo,0.666667;0.333333;0.326472,0.21601095061994777,2.160486986803397,d,Mo,0.333333;0.666667;0.673528,0.2047911103108147
mp-542031,Cr4Pb4O16,1.8777,0.0,1.8820999999999999,0.13636364,2.0,0.0,1.0,2.4313281564619924,d,Cr,0.75;0.829821;0.949447,0.1846559049471205,3.25062645174655,p,O,0.75;0.922098;0.127758,0.052884553243281195
mp-546500,Na1C1N1O1,4.4323,0.0,4.5946,0.8660254037844386,1.0,0.0,1.0,1.7415487899076059,s,N,0.922202;0.922202;0.922202,0.28026397715846607,0.9331087656502913,p,N,0.922202;0.922202;0.922202,0.5206432465873374
mp-546973,Sr1Sn1O3,0.9748999999999999,0.0,1.7904,0.8660254037844386,1.0,0.0,1.0,1.4439320237486915,s,Sn,0.0;0.0;0.0,0.6098095666813855,1.2152734922756798,p,O,0.0;0.0;0.5,0.3257596901157182
mp-553308,Cs2Nd2O4,2.9366000000000003,0.0,2.9636000000000005,0.0,1.0,0.5,3.0,1.8955432845567621,d,Cs,0.666667;0.333333;0.25,0.27509257485459615,1.749437091476154,p,O,0.333333;0.666667;0.414891,0.23117307606514945
mp-553347,La2O3,1.5342000000000002,0.0,2.0514,0.5,1.0,0.0,1.0,1.3366514765454502,d,La,0.333333;0.666667;0.5,0.41440093505635495,1.5443562919358618,p,O,0.491985;0.491985;0.0,0.2923657740477266
mp-554483,K2Cd6H16Cl14O8,,,,,,,,3.5142809030695954,s,Cd,0.903633;0.492265;0.16213,0.10086576802890662,2.932149884556019,p,Cl,0.952988;0.811382;0.317582,0.08630012973248853
mp-554649,Na6Ni2F12,0.6360000000000001,0.0,0.6830999999999999,0.0,1.0,0.675730394547783,2.0,2.1895475591055367,d,Ni,0.0;0.0;0.0,0.2701111275290724,2.3814410944107216,d,Ni,0.5;0.0;0.5,0.13866763463077286
mp-554808,Sn2H44Cl12O20,3.1125,0.0,3.2112,0.7071067811865476,1.0,0.0,1.0,2.6314621582220106,s,Sn,0.0;0.0;0.0,0.21319363819246526,2.731769454993146,p,Cl,0.390976;0.516539;0.33585,0.1318739576809704
mp-555088,Nd8S6Br12,2.8095999999999997,0.0,2.8168999999999995,0.2982870700887187,2.0,0.5,2.0,2.6132889539850224,d,Nd,0.135813;0.522075;0.593845,0.15381562918959799,3.0094714180394675,p,S,0.550395;0.449605;0.75,0.13730176788275344
mp-555173,U2C2O10,2.281,0.0,2.3203,0.46153846,2.0,0.5,1.0,0.8430086673089243,f,U,0.761639;0.0;0.5,0.48877411894506634,2.251109510512381,f,U,0.761639;0.0;0.5,0.24899393942769893
mp-555408,Sb4S28I4F24,1.9994,0.0,2.0011,0.0,1.0,0.21428571,2.0,3.5340544563167122,p,I,0.928821;0.46767;0.635836,0.06998866568250663,3.5331596324684424,p,S,0.816329;0.798391;0.253794,0.059148000399774955
mp-555508,Ca11Si4S1O18,3.5309,0.0,3.5617,0.8660254037844386,1.0,0.0,1.0,4.00543496018926,d,Ca,0.996465;0.496465;0.5,0.04856122825451099,1.942262585705754,p,S,0.0;0.0;0.0,0.500465959385438
mp-555755,Fe20Si12O48,,,,,,,,2.51883726716479,d,Fe,0.5;0.5;0.5,0.1507629120392079,3.4167121633274453,d,Fe,0.25;0.875;0.625,0.08454453245790094
mp-555939,Li16Te16O40,,,,,,,,4.545448889371636,p,Te,0.166541;0.559144;0.193975,0.025916710023062558,4.245050865327406,p,O,0.691964;0.998376;0.034045,0.031031798516887858
mp-556025,Mg2H16C4S4N4O8,4.3106,1.0,4.3106,0.0,1.0,0.0,1.0,3.6379656933799267,p,C,0.709201;0.859227;0.269033,0.08976811455392657,2.4369839882745623,p,S,0.439433;0.189169;0.603503,0.1592811982664682
mp-556125,Na8B4H4O12,3.8105999999999995,1.0,3.8105999999999995,0.0,1.0,0.0,1.0,3.5671691526565046,s,Na,0.25;0.1725;0.053314,0.0737860573687966,2.471471237197626,p,O,0.25;0.128488;0.621816,0.13054155770765175
mp-556168,Na14Al6O16,,,,,,,,,,,,,,,,,
mp-556296,Ba4S12,1.0473,0.0,1.1279,0.6643841132959156,2.0,0.5,1.0,3.1003540386241313,p,S,0.593843;0.687163;0.208337,0.06952774896816548,2.6755826380888896,p,S,0.406157;0.187163;0.291663,0.11515230724680478
mp-556297,Fe8S24N16Cl32,,,,,,,,3.2120475380235813,d,Fe,0.852686;0.033296;0.764612,0.11996477847804358,4.3185896067812415,d,Fe,0.802886;0.446017;0.76764,0.02509319160269014
mp-556633,Na6V2F12,2.5425,0.0,2.5441,0.7071067811865476,1.0,0.8660254037844386,1.0,1.165822524223871,d,V,0.5;0.5;0.5,0.4601591162042953,1.542854539884862,d,V,0.5;0.5;0.5,0.4185560202509353
mp-556850,Ba2Mn2F8,2.3195,0.0,2.3510999999999997,0.5492293635646703,2.0,0.0,1.0,1.1684249182900364,d,Mn,0.416449;0.583551;0.002676,0.4546467694204797,1.0677292787156316,d,Mn,0.416449;0.583551;0.002676,0.4608671955160851
mp-557143,Tl8Cu4C8O24,,,,,,,,,,,,,,,,,
mp-557276,Ca8V4Cl4O16,3.4639000000000006,0.0,3.4655000000000005,0.0,1.0,0.5,1.0,2.3070634904281286,d,V,0.126858;0.25;0.5,0.19880558233386017,3.075306886116545,p,Cl,0.509599;0.804816;0.75,0.08668034122966106
mp-557331,Fe4S16N16Cl12,,,,,,,,2.1291677958305693,d,Fe,0.903707;0.230524;0.738741,0.2141162730223619,3.741046488283785,d,Fe,0.596293;0.230524;0.238741,0.05967691272750873
mp-557470,K8Sb8S4O16F24,,,,,,,,3.889435538276545,p,Sb,0.222851;0.186087;0.501253,0.07628411882118936,3.4877643051120786,p,O,0.565533;0.126831;0.322753,0.058068435422477395
mp-557529,Na10P6O20,4.5729,0.0,4.6480999999999995,0.5,2.0,0.0,1.0,3.91473889476727,s,Na,0.689907;0.159075;0.067243,0.03846370656441088,3.00643727249144,p,O,0.836175;0.252591;0.93599,0.07534651932862851
mp-557539,Mo2F6,3.6396,0.0,3.6612,0.0,1.0,0.7071067811865476,3.0,1.3576782041725404,d,Mo,0.0;0.0;0.0,0.43141063044135214,1.625392410720791,d,Mo,0.0;0.0;0.0,0.35743242183825863
mp-557985,K8P8O24,,,,,,,,4.205022478944169,s,O,0.365209;0.728465;0.700307,0.024992882776900188,3.1413943003614704,p,O,0.782182;0.919329;0.150849,0.05879061866000434
mp-558014,S24,2.4779,0.0,2.5126999999999997,0.375,2.0,0.0,1.0,3.621254571260189,p,S,0.0;0.0;0.213873,0.04265485297715431,3.2323575981609434,p,S,0.799591;0.872707;0.863435,0.045204706644772115
mp-558016,Ca2Mg2As2O8F2,,,,,,,,,,,,,,,,,
mp-558209,Ca12Mg4Si8O32,,,,,,,,4.118399601805278,s,Ca,0.759076;0.423131;0.402303,0.029077675728186966,3.535124660498908,p,O,0.861479;0.402928;0.741359,0.06173622761928181
mp-558632,K2Na2S2O8,4.9724,0.0,5.0456,0.5,1.0,0.0,1.0,2.8123144132266225,s,Na,0.666667;0.333333;0.702898,0.27359966457732243,2.1167901947632313,p,O,0.333333;0.666667;0.972911,0.14658481082858277
mp-558769,Na6Li8Th12F62,,,,,,,,2.696196649213771,f,Th,0.674721;0.086205;0.202898,0.10557806684775341,4.181297284364103,p,F,0.454757;0.585544;0.142759,0.02833068074240151
mp-5588,Ba1Si1F6,7.3914,1.0,7.3914,0.0,1.0,0.0,1.0,2.4041869774346334,s,Si,0.0;0.0;0.0,0.25508290762621244,1.8141846838359252,p,F,0.747997;0.747997;0.075819,0.16608751354380605
mp-558861,K4I4O8F8,4.16,0.0,4.1937,0.5896238207535377,2.0,0.5,1.0,3.154425335816079,p,I,0.063726;0.003671;0.499721,0.11624037462649549,2.805228538071984,p,O,0.850192;0.034247;0.197708,0.10804872981777666
mp-558867,H56Cl8O56,,,,,,,,4.940317751597449,s,Cl,0.261572;0.67829;0.920444,0.020725821674131634,3.58841481980524,p,O,0.790329;0.795273;0.817387,0.03678949939256825
mp-559062,K4P4O8F8,5.245,0.0,5.2837,0.38888889,2.0,0.0,1.0,3.7451123444276146,s,P,0.75;0.30841;0.908165,0.046387606241455874,2.4091046913916143,p,O,0.542087;0.217092;0.902317,0.1158844705621226
mp-559085,Y16W8O48,,,,,,,,3.3496474893441324,d,W,0.56313;0.984298;0.056971,0.08994608552937132,4.095799502971022,p,O,0.821096;0.875522;0.254157,0.03494807161094028
mp-559655,P12N12F24,5.7734000000000005,1.0,5.7734000000000005,0.0,1.0,0.0,1.0,4.306974369003915,s,N,0.25412;0.849112;0.25,0.025135798205972226,3.26437162653689,p,N,0.503174;0.508923;0.6391,0.07917227778240028
mp-559949,Zn12B8O24,,,,,,,,,,,,,,,,,
mp-559963,Al4S8N4Cl16,2.1062000000000003,1.0,2.1062000000000003,0.7071067811865476,1.0,0.7071067811865476,1.0,2.7508552698899518,p,N,0.25;0.796586;0.145997,0.09360175796633118,3.093375700822309,p,Cl,0.75;0.911757;0.23784,0.06268043492563262
mp-560196,Al4H12O12,5.2187,1.0,5.2187,0.0,1.0,0.0,1.0,3.692226929117785,s,O,0.829215;0.813781;0.165802,0.041890423526435176,2.6704223803454505,p,O,0.517001;0.784297;0.177554,0.09441094356933281
mp-560338,Cr2F6,3.0453,0.0,3.0557,0.0,1.0,0.7071067811865476,3.0,1.2962871091785773,d,Cr,0.5;0.5;0.5,0.4363610385037637,1.7862870503774644,d,Cr,0.0;0.0;0.0,0.31356287328877763
mp-560450,Sb8S4N4F44,3.5649,1.0,3.5649,0.5,1.0,0.5,1.0,2.784175861860867,p,N,0.606574;0.248846;0.123083,0.11934372622275415,3.639830950903824,p,F,0.260905;0.383386;0.459911,0.04789029710282897
